"overviewpage","date","place","place_number","team","date_precision","prize","prize_usd","tournament","tournament_group","datestart","dateend"
"2014 Season World Championship","2014-10-19","1",1,"Samsung White",1,1000000,1000000,"Worlds 2014","Worlds 2014","2014-09-18","2014-10-19"
"2014 Season World Championship","2014-10-19","12-13",12,"LMQ",1,35000,35000,"Worlds 2014","Worlds 2014","2014-09-18","2014-10-19"
"2014 Season World Championship","2014-10-19","12-13",12,"Fnatic",1,35000,35000,"Worlds 2014","Worlds 2014","2014-09-18","2014-10-19"
"2014 Season World Championship","2014-10-19","14-16",14,"Dark Passage",1,25000,25000,"Worlds 2014","Worlds 2014","2014-09-18","2014-10-19"
"2014 Season World Championship","2014-10-19","14-16",14,"KaBuM! Esports",1,25000,25000,"Worlds 2014","Worlds 2014","2014-09-18","2014-10-19"
"2014 Season World Championship","2014-10-19","14-16",14,"Taipei Assassins",1,25000,25000,"Worlds 2014","Worlds 2014","2014-09-18","2014-10-19"
"2014 Season World Championship","2014-10-19","2",2,"Star Horn Royal Club",1,250000,250000,"Worlds 2014","Worlds 2014","2014-09-18","2014-10-19"
"2014 Season World Championship","2014-10-19","3-4",3,"Oh My God",1,150000,150000,"Worlds 2014","Worlds 2014","2014-09-18","2014-10-19"
"2014 Season World Championship","2014-10-19","3-4",3,"Samsung Blue",1,150000,150000,"Worlds 2014","Worlds 2014","2014-09-18","2014-10-19"
"2014 Season World Championship","2014-10-19","5-8",5,"Cloud9",1,75000,75000,"Worlds 2014","Worlds 2014","2014-09-18","2014-10-19"
"2014 Season World Championship","2014-10-19","5-8",5,"EDward Gaming",1,75000,75000,"Worlds 2014","Worlds 2014","2014-09-18","2014-10-19"
"2014 Season World Championship","2014-10-19","5-8",5,"NaJin White Shield",1,75000,75000,"Worlds 2014","Worlds 2014","2014-09-18","2014-10-19"
"2014 Season World Championship","2014-10-19","5-8",5,"TSM",1,75000,75000,"Worlds 2014","Worlds 2014","2014-09-18","2014-10-19"
"2014 Season World Championship","2014-10-19","9-11",9,"ahq eSports Club",1,45000,45000,"Worlds 2014","Worlds 2014","2014-09-18","2014-10-19"
"2014 Season World Championship","2014-10-19","9-11",9,"Alliance",1,45000,45000,"Worlds 2014","Worlds 2014","2014-09-18","2014-10-19"
"2014 Season World Championship","2014-10-19","9-11",9,"SK Gaming",1,45000,45000,"Worlds 2014","Worlds 2014","2014-09-18","2014-10-19"
"2015 Season World Championship","2015-10-31","1",1,"SK Telecom T1",1,1000000,1000000,"Worlds 2015","Worlds 2015","2015-10-01","2015-10-31"
"2015 Season World Championship","2015-10-31","12-13",12,"Counter Logic Gaming",1,35000,35000,"Worlds 2015","Worlds 2015","2015-10-01","2015-10-31"
"2015 Season World Championship","2015-10-31","12-13",12,"paiN Gaming",1,35000,35000,"Worlds 2015","Worlds 2015","2015-10-01","2015-10-31"
"2015 Season World Championship","2015-10-31","14-16",14,"Bangkok Titans",1,25000,25000,"Worlds 2015","Worlds 2015","2015-10-01","2015-10-31"
"2015 Season World Championship","2015-10-31","14-16",14,"Invictus Gaming",1,25000,25000,"Worlds 2015","Worlds 2015","2015-10-01","2015-10-31"
"2015 Season World Championship","2015-10-31","14-16",14,"TSM",1,25000,25000,"Worlds 2015","Worlds 2015","2015-10-01","2015-10-31"
"2015 Season World Championship","2015-10-31","2",2,"KOO Tigers",1,250000,250000,"Worlds 2015","Worlds 2015","2015-10-01","2015-10-31"
"2015 Season World Championship","2015-10-31","3-4",3,"Fnatic",1,150000,150000,"Worlds 2015","Worlds 2015","2015-10-01","2015-10-31"
"2015 Season World Championship","2015-10-31","3-4",3,"Origen",1,150000,150000,"Worlds 2015","Worlds 2015","2015-10-01","2015-10-31"
"2015 Season World Championship","2015-10-31","5-8",5,"ahq eSports Club",1,75000,75000,"Worlds 2015","Worlds 2015","2015-10-01","2015-10-31"
"2015 Season World Championship","2015-10-31","5-8",5,"EDward Gaming",1,75000,75000,"Worlds 2015","Worlds 2015","2015-10-01","2015-10-31"
"2015 Season World Championship","2015-10-31","5-8",5,"Flash Wolves",1,75000,75000,"Worlds 2015","Worlds 2015","2015-10-01","2015-10-31"
"2015 Season World Championship","2015-10-31","5-8",5,"KT Rolster",1,75000,75000,"Worlds 2015","Worlds 2015","2015-10-01","2015-10-31"
"2015 Season World Championship","2015-10-31","9-11",9,"Cloud9",1,45000,45000,"Worlds 2015","Worlds 2015","2015-10-01","2015-10-31"
"2015 Season World Championship","2015-10-31","9-11",9,"H2k-Gaming",1,45000,45000,"Worlds 2015","Worlds 2015","2015-10-01","2015-10-31"
"2015 Season World Championship","2015-10-31","9-11",9,"LGD Gaming",1,45000,45000,"Worlds 2015","Worlds 2015","2015-10-01","2015-10-31"
"2016 Season World Championship","2016-10-29","1",1,"SK Telecom T1",1,2028000,2028000,"Worlds 2016","Worlds 2016","2016-09-29","2016-10-29"
"2016 Season World Championship","2016-10-29","13-16",13,"Flash Wolves",1,63375,63375,"Worlds 2016","Worlds 2016","2016-09-29","2016-10-29"
"2016 Season World Championship","2016-10-29","13-16",13,"G2 Esports",1,63375,63375,"Worlds 2016","Worlds 2016","2016-09-29","2016-10-29"
"2016 Season World Championship","2016-10-29","13-16",13,"INTZ",1,63375,63375,"Worlds 2016","Worlds 2016","2016-09-29","2016-10-29"
"2016 Season World Championship","2016-10-29","13-16",13,"Splyce",1,63375,63375,"Worlds 2016","Worlds 2016","2016-09-29","2016-10-29"
"2016 Season World Championship","2016-10-29","2",2,"Samsung Galaxy",1,760500,760500,"Worlds 2016","Worlds 2016","2016-09-29","2016-10-29"
"2016 Season World Championship","2016-10-29","3-4",3,"ROX Tigers",1,380250,380250,"Worlds 2016","Worlds 2016","2016-09-29","2016-10-29"
"2016 Season World Championship","2016-10-29","3-4",3,"H2k-Gaming",1,380250,380250,"Worlds 2016","Worlds 2016","2016-09-29","2016-10-29"
"2016 Season World Championship","2016-10-29","5-8",5,"Albus NoX Luna",1,202800,202800,"Worlds 2016","Worlds 2016","2016-09-29","2016-10-29"
"2016 Season World Championship","2016-10-29","5-8",5,"Cloud9",1,202800,202800,"Worlds 2016","Worlds 2016","2016-09-29","2016-10-29"
"2016 Season World Championship","2016-10-29","5-8",5,"EDward Gaming",1,202800,202800,"Worlds 2016","Worlds 2016","2016-09-29","2016-10-29"
"2016 Season World Championship","2016-10-29","5-8",5,"Royal Never Give Up",1,202800,202800,"Worlds 2016","Worlds 2016","2016-09-29","2016-10-29"
"2016 Season World Championship","2016-10-29","9-12",9,"ahq eSports Club",1,114075,114075,"Worlds 2016","Worlds 2016","2016-09-29","2016-10-29"
"2016 Season World Championship","2016-10-29","9-12",9,"Counter Logic Gaming",1,114075,114075,"Worlds 2016","Worlds 2016","2016-09-29","2016-10-29"
"2016 Season World Championship","2016-10-29","9-12",9,"I May",1,114075,114075,"Worlds 2016","Worlds 2016","2016-09-29","2016-10-29"
"2016 Season World Championship","2016-10-29","9-12",9,"TSM",1,114075,114075,"Worlds 2016","Worlds 2016","2016-09-29","2016-10-29"
"2017 Season World Championship","2017-11-04","1",1,"Samsung Galaxy",1,1855114,1855114,"Worlds 2017","Worlds 2017","2017-09-23","2017-11-04"
"2017 Season World Championship","2017-11-04","12-13",12,"ahq eSports Club",1,86571,86571,"Worlds 2017","Worlds 2017","2017-09-23","2017-11-04"
"2017 Season World Championship","2017-11-04","12-13",12,"EDward Gaming",1,86571,86571,"Worlds 2017","Worlds 2017","2017-09-23","2017-11-04"
"2017 Season World Championship","2017-11-04","14-16",14,"Fenerbahçe Esports",1,61837,61837,"Worlds 2017","Worlds 2017","2017-09-23","2017-11-04"
"2017 Season World Championship","2017-11-04","14-16",14,"Flash Wolves",1,61837,61837,"Worlds 2017","Worlds 2017","2017-09-23","2017-11-04"
"2017 Season World Championship","2017-11-04","14-16",14,"Immortals",1,61837,61837,"Worlds 2017","Worlds 2017","2017-09-23","2017-11-04"
"2017 Season World Championship","2017-11-04","17-20",17,"Hong Kong Attitude",1,37102,37102,"Worlds 2017","Worlds 2017","2017-09-23","2017-11-04"
"2017 Season World Championship","2017-11-04","17-20",17,"Lyon Gaming (2013 Latin American Team)",1,37102,37102,"Worlds 2017","Worlds 2017","2017-09-23","2017-11-04"
"2017 Season World Championship","2017-11-04","17-20",17,"Team oNe eSports",1,37102,37102,"Worlds 2017","Worlds 2017","2017-09-23","2017-11-04"
"2017 Season World Championship","2017-11-04","17-20",17,"Young Generation",1,37102,37102,"Worlds 2017","Worlds 2017","2017-09-23","2017-11-04"
"2017 Season World Championship","2017-11-04","2",2,"SK Telecom T1",1,667841,667841,"Worlds 2017","Worlds 2017","2017-09-23","2017-11-04"
"2017 Season World Championship","2017-11-04","21-24",21,"Dire Wolves",1,24735,24735,"Worlds 2017","Worlds 2017","2017-09-23","2017-11-04"
"2017 Season World Championship","2017-11-04","21-24",21,"Gambit Esports",1,24735,24735,"Worlds 2017","Worlds 2017","2017-09-23","2017-11-04"
"2017 Season World Championship","2017-11-04","21-24",21,"Kaos Latin Gamers",1,24735,24735,"Worlds 2017","Worlds 2017","2017-09-23","2017-11-04"
"2017 Season World Championship","2017-11-04","21-24",21,"Rampage",1,24735,24735,"Worlds 2017","Worlds 2017","2017-09-23","2017-11-04"
"2017 Season World Championship","2017-11-04","3-4",3,"Team WE",1,346288,346288,"Worlds 2017","Worlds 2017","2017-09-23","2017-11-04"
"2017 Season World Championship","2017-11-04","3-4",3,"Royal Never Give Up",1,346288,346288,"Worlds 2017","Worlds 2017","2017-09-23","2017-11-04"
"2017 Season World Championship","2017-11-04","5-8",5,"Cloud9",1,197879,197879,"Worlds 2017","Worlds 2017","2017-09-23","2017-11-04"
"2017 Season World Championship","2017-11-04","5-8",5,"Fnatic",1,197879,197879,"Worlds 2017","Worlds 2017","2017-09-23","2017-11-04"
"2017 Season World Championship","2017-11-04","5-8",5,"Longzhu Gaming",1,197879,197879,"Worlds 2017","Worlds 2017","2017-09-23","2017-11-04"
"2017 Season World Championship","2017-11-04","5-8",5,"Misfits Gaming",1,197879,197879,"Worlds 2017","Worlds 2017","2017-09-23","2017-11-04"
"2017 Season World Championship","2017-11-04","9-11",9,"GIGABYTE Marines",1,111307,111307,"Worlds 2017","Worlds 2017","2017-09-23","2017-11-04"
"2017 Season World Championship","2017-11-04","9-11",9,"G2 Esports",1,111307,111307,"Worlds 2017","Worlds 2017","2017-09-23","2017-11-04"
"2017 Season World Championship","2017-11-04","9-11",9,"TSM",1,111307,111307,"Worlds 2017","Worlds 2017","2017-09-23","2017-11-04"
"2017 Season World Championship/Main Event","2017-11-04","N/A",-1,NULL,NULL,NULL,NULL,"Worlds 2017 Main Event","Worlds 2017","2017-10-05","2017-11-04"
"2018 Season World Championship","2018-11-03","1",1,"Invictus Gaming",1,2418750,2418750,"Worlds 2018","Worlds 2018","2018-10-01","2018-11-03"
"2018 Season World Championship","2018-11-03","13-16",13,"Phong Vũ Buffalo",1,80625,80625,"Worlds 2018","Worlds 2018","2018-10-01","2018-11-03"
"2018 Season World Championship","2018-11-03","13-16",13,"G-Rex",1,80625,80625,"Worlds 2018","Worlds 2018","2018-10-01","2018-11-03"
"2018 Season World Championship","2018-11-03","13-16",13,"MAD Team",1,80625,80625,"Worlds 2018","Worlds 2018","2018-10-01","2018-11-03"
"2018 Season World Championship","2018-11-03","13-16",13,"Gen.G",1,80625,80625,"Worlds 2018","Worlds 2018","2018-10-01","2018-11-03"
"2018 Season World Championship","2018-11-03","17-20",17,"DetonatioN FocusMe",1,48375,48375,"Worlds 2018","Worlds 2018","2018-10-01","2018-11-03"
"2018 Season World Championship","2018-11-03","17-20",17,"Gambit Esports",1,48375,48375,"Worlds 2018","Worlds 2018","2018-10-01","2018-11-03"
"2018 Season World Championship","2018-11-03","17-20",17,"INFINITY",1,48375,48375,"Worlds 2018","Worlds 2018","2018-10-01","2018-11-03"
"2018 Season World Championship","2018-11-03","17-20",17,"SuperMassive Esports",1,48375,48375,"Worlds 2018","Worlds 2018","2018-10-01","2018-11-03"
"2018 Season World Championship","2018-11-03","2",2,"Fnatic",1,870750,870750,"Worlds 2018","Worlds 2018","2018-10-01","2018-11-03"
"2018 Season World Championship","2018-11-03","21-24",21,"Kaos Latin Gamers",1,32250,32250,"Worlds 2018","Worlds 2018","2018-10-01","2018-11-03"
"2018 Season World Championship","2018-11-03","21-24",21,"KaBuM! Esports",1,32250,32250,"Worlds 2018","Worlds 2018","2018-10-01","2018-11-03"
"2018 Season World Championship","2018-11-03","21-24",21,"Ascension Gaming",1,32250,32250,"Worlds 2018","Worlds 2018","2018-10-01","2018-11-03"
"2018 Season World Championship","2018-11-03","21-24",21,"Dire Wolves",1,32250,32250,"Worlds 2018","Worlds 2018","2018-10-01","2018-11-03"
"2018 Season World Championship","2018-11-03","3-4",3,"G2 Esports",1,451500,451500,"Worlds 2018","Worlds 2018","2018-10-01","2018-11-03"
"2018 Season World Championship","2018-11-03","3-4",3,"Cloud9",1,451500,451500,"Worlds 2018","Worlds 2018","2018-10-01","2018-11-03"
"2018 Season World Championship","2018-11-03","5-8",5,"Royal Never Give Up",1,258000,258000,"Worlds 2018","Worlds 2018","2018-10-01","2018-11-03"
"2018 Season World Championship","2018-11-03","5-8",5,"Afreeca Freecs",1,258000,258000,"Worlds 2018","Worlds 2018","2018-10-01","2018-11-03"
"2018 Season World Championship","2018-11-03","5-8",5,"EDward Gaming",1,258000,258000,"Worlds 2018","Worlds 2018","2018-10-01","2018-11-03"
"2018 Season World Championship","2018-11-03","5-8",5,"KT Rolster",1,258000,258000,"Worlds 2018","Worlds 2018","2018-10-01","2018-11-03"
"2018 Season World Championship","2018-11-03","9-12",9,"Team Vitality",1,145125,145125,"Worlds 2018","Worlds 2018","2018-10-01","2018-11-03"
"2018 Season World Championship","2018-11-03","9-12",9,"100 Thieves",1,145125,145125,"Worlds 2018","Worlds 2018","2018-10-01","2018-11-03"
"2018 Season World Championship","2018-11-03","9-12",9,"Flash Wolves",1,145125,145125,"Worlds 2018","Worlds 2018","2018-10-01","2018-11-03"
"2018 Season World Championship","2018-11-03","9-12",9,"Team Liquid",1,145125,145125,"Worlds 2018","Worlds 2018","2018-10-01","2018-11-03"
"2018 Season World Championship/Main Event","2018-11-03","N/A",-1,NULL,NULL,NULL,NULL,"Worlds 2018 Main Event","Worlds 2018","2018-10-10","2018-11-03"
"2019 Season World Championship","2019-11-10","1",1,"FunPlus Phoenix",1,834375,834375,"Worlds 2019","Worlds 2019","2019-10-02","2019-11-10"
"2019 Season World Championship","2019-11-10","13-16",13,"Clutch Gaming",1,27813,27812.5,"Worlds 2019","Worlds 2019","2019-10-02","2019-11-10"
"2019 Season World Championship","2019-11-10","13-16",13,"GAM Esports",1,27813,27812.5,"Worlds 2019","Worlds 2019","2019-10-02","2019-11-10"
"2019 Season World Championship","2019-11-10","13-16",13,"ahq eSports Club",1,27813,27812.5,"Worlds 2019","Worlds 2019","2019-10-02","2019-11-10"
"2019 Season World Championship","2019-11-10","13-16",13,"Hong Kong Attitude",1,27813,27812.5,"Worlds 2019","Worlds 2019","2019-10-02","2019-11-10"
"2019 Season World Championship","2019-11-10","17-20",17,"Lowkey Esports.Vietnam",1,16688,16687.5,"Worlds 2019","Worlds 2019","2019-10-02","2019-11-10"
"2019 Season World Championship","2019-11-10","17-20",17,"Royal Youth",1,16688,16687.5,"Worlds 2019","Worlds 2019","2019-10-02","2019-11-10"
"2019 Season World Championship","2019-11-10","17-20",17,"Isurus",1,16688,16687.5,"Worlds 2019","Worlds 2019","2019-10-02","2019-11-10"
"2019 Season World Championship","2019-11-10","17-20",17,"Unicorns of Love.CIS",1,16688,16687.5,"Worlds 2019","Worlds 2019","2019-10-02","2019-11-10"
"2019 Season World Championship","2019-11-10","2",2,"G2 Esports",1,300375,300375,"Worlds 2019","Worlds 2019","2019-10-02","2019-11-10"
"2019 Season World Championship","2019-11-10","21-24",21,"MEGA",1,11125,11125,"Worlds 2019","Worlds 2019","2019-10-02","2019-11-10"
"2019 Season World Championship","2019-11-10","21-24",21,"Flamengo Esports",1,11125,11125,"Worlds 2019","Worlds 2019","2019-10-02","2019-11-10"
"2019 Season World Championship","2019-11-10","21-24",21,"MAMMOTH",1,11125,11125,"Worlds 2019","Worlds 2019","2019-10-02","2019-11-10"
"2019 Season World Championship","2019-11-10","21-24",21,"DetonatioN FocusMe",1,11125,11125,"Worlds 2019","Worlds 2019","2019-10-02","2019-11-10"
"2019 Season World Championship","2019-11-10","3-4",3,"SK Telecom T1",1,155750,155750,"Worlds 2019","Worlds 2019","2019-10-02","2019-11-10"
"2019 Season World Championship","2019-11-10","3-4",3,"Invictus Gaming",1,155750,155750,"Worlds 2019","Worlds 2019","2019-10-02","2019-11-10"
"2019 Season World Championship","2019-11-10","5-8",5,"DAMWON Gaming",1,89000,89000,"Worlds 2019","Worlds 2019","2019-10-02","2019-11-10"
"2019 Season World Championship","2019-11-10","5-8",5,"Splyce",1,89000,89000,"Worlds 2019","Worlds 2019","2019-10-02","2019-11-10"
"2019 Season World Championship","2019-11-10","5-8",5,"Fnatic",1,89000,89000,"Worlds 2019","Worlds 2019","2019-10-02","2019-11-10"
"2019 Season World Championship","2019-11-10","5-8",5,"Griffin (Korean Team)",1,89000,89000,"Worlds 2019","Worlds 2019","2019-10-02","2019-11-10"
"2019 Season World Championship","2019-11-10","9-12",9,"Royal Never Give Up",1,50063,50062.5,"Worlds 2019","Worlds 2019","2019-10-02","2019-11-10"
"2019 Season World Championship","2019-11-10","9-12",9,"J Team",1,50063,50062.5,"Worlds 2019","Worlds 2019","2019-10-02","2019-11-10"
"2019 Season World Championship","2019-11-10","9-12",9,"Cloud9",1,50063,50062.5,"Worlds 2019","Worlds 2019","2019-10-02","2019-11-10"
"2019 Season World Championship","2019-11-10","9-12",9,"Team Liquid",1,50063,50062.5,"Worlds 2019","Worlds 2019","2019-10-02","2019-11-10"
"2019 Season World Championship/Main Event","2019-11-10","N/A",-1,NULL,NULL,NULL,NULL,"Worlds 2019 Main Event","Worlds 2019","2019-10-12","2019-11-10"
"2020 Season World Championship","2020-10-31","1",1,"DAMWON Gaming",1,556250,556250,"Worlds 2020","Worlds 2020","2020-09-25","2020-10-31"
"2020 Season World Championship","2020-10-31","13-16",13,"Machi Esports",1,33375,33375,"Worlds 2020","Worlds 2020","2020-09-25","2020-10-31"
"2020 Season World Championship","2020-10-31","13-16",13,"Unicorns of Love.CIS",1,33375,33375,"Worlds 2020","Worlds 2020","2020-09-25","2020-10-31"
"2020 Season World Championship","2020-10-31","13-16",13,"Rogue (European Team)",1,33375,33375,"Worlds 2020","Worlds 2020","2020-09-25","2020-10-31"
"2020 Season World Championship","2020-10-31","13-16",13,"TSM",1,33375,33375,"Worlds 2020","Worlds 2020","2020-09-25","2020-10-31"
"2020 Season World Championship","2020-10-31","17-18",17,"Legacy Esports",1,22250,22250,"Worlds 2020","Worlds 2020","2020-09-25","2020-10-31"
"2020 Season World Championship","2020-10-31","17-18",17,"Papara SuperMassive",1,22250,22250,"Worlds 2020","Worlds 2020","2020-09-25","2020-10-31"
"2020 Season World Championship","2020-10-31","19-20",19,"MAD Lions",1,16688,16687.5,"Worlds 2020","Worlds 2020","2020-09-25","2020-10-31"
"2020 Season World Championship","2020-10-31","19-20",19,"Rainbow7",1,16688,16687.5,"Worlds 2020","Worlds 2020","2020-09-25","2020-10-31"
"2020 Season World Championship","2020-10-31","2",2,"Suning",1,389375,389375,"Worlds 2020","Worlds 2020","2020-09-25","2020-10-31"
"2020 Season World Championship","2020-10-31","21-22",21,"V3 Esports",1,13350,13350,"Worlds 2020","Worlds 2020","2020-09-25","2020-10-31"
"2020 Season World Championship","2020-10-31","21-22",21,"INTZ",1,13350,13350,"Worlds 2020","Worlds 2020","2020-09-25","2020-10-31"
"2020 Season World Championship","2020-10-31","3-4",3,"G2 Esports",1,200250,200250,"Worlds 2020","Worlds 2020","2020-09-25","2020-10-31"
"2020 Season World Championship","2020-10-31","3-4",3,"Top Esports",1,200250,200250,"Worlds 2020","Worlds 2020","2020-09-25","2020-10-31"
"2020 Season World Championship","2020-10-31","5-8",5,"Gen.G",1,100125,100125,"Worlds 2020","Worlds 2020","2020-09-25","2020-10-31"
"2020 Season World Championship","2020-10-31","5-8",5,"DRX",1,100125,100125,"Worlds 2020","Worlds 2020","2020-09-25","2020-10-31"
"2020 Season World Championship","2020-10-31","5-8",5,"JD Gaming",1,100125,100125,"Worlds 2020","Worlds 2020","2020-09-25","2020-10-31"
"2020 Season World Championship","2020-10-31","5-8",5,"Fnatic",1,100125,100125,"Worlds 2020","Worlds 2020","2020-09-25","2020-10-31"
"2020 Season World Championship","2020-10-31","9-12",9,"LGD Gaming",1,55625,55625,"Worlds 2020","Worlds 2020","2020-09-25","2020-10-31"
"2020 Season World Championship","2020-10-31","9-12",9,"PSG Talon",1,55625,55625,"Worlds 2020","Worlds 2020","2020-09-25","2020-10-31"
"2020 Season World Championship","2020-10-31","9-12",9,"Team Liquid",1,55625,55625,"Worlds 2020","Worlds 2020","2020-09-25","2020-10-31"
"2020 Season World Championship","2020-10-31","9-12",9,"FlyQuest",1,55625,55625,"Worlds 2020","Worlds 2020","2020-09-25","2020-10-31"
"2020 Season World Championship/Main Event","2020-10-31","N/A",-1,NULL,NULL,NULL,NULL,"Worlds 2020 Main Event","Worlds 2020","2020-10-03","2020-10-31"
"2021 Season World Championship","2021-11-06","1",1,"EDward Gaming",1,489500,489500,"Worlds 2021","Worlds 2021","2021-10-05","2021-11-06"
"2021 Season World Championship","2021-11-06","12-13",12,"Team Liquid",1,NULL,52843.75,"Worlds 2021","Worlds 2021","2021-10-05","2021-11-06"
"2021 Season World Championship","2021-11-06","12-13",12,"LNG Esports",1,NULL,52843.75,"Worlds 2021","Worlds 2021","2021-10-05","2021-11-06"
"2021 Season World Championship","2021-11-06","14-16",14,"FunPlus Phoenix",1,NULL,50062.5,"Worlds 2021","Worlds 2021","2021-10-05","2021-11-06"
"2021 Season World Championship","2021-11-06","14-16",14,"DetonatioN FocusMe",1,NULL,50062.5,"Worlds 2021","Worlds 2021","2021-10-05","2021-11-06"
"2021 Season World Championship","2021-11-06","14-16",14,"Fnatic",1,NULL,50062.5,"Worlds 2021","Worlds 2021","2021-10-05","2021-11-06"
"2021 Season World Championship","2021-11-06","17-18",17,"Beyond Gaming",1,NULL,38937.5,"Worlds 2021","Worlds 2021","2021-10-05","2021-11-06"
"2021 Season World Championship","2021-11-06","17-18",17,"PEACE (Oceanic Team)",1,NULL,38937.5,"Worlds 2021","Worlds 2021","2021-10-05","2021-11-06"
"2021 Season World Championship","2021-11-06","19-20",19,"RED Canids",1,NULL,27812.5,"Worlds 2021","Worlds 2021","2021-10-05","2021-11-06"
"2021 Season World Championship","2021-11-06","19-20",19,"Galatasaray Esports",1,NULL,27812.5,"Worlds 2021","Worlds 2021","2021-10-05","2021-11-06"
"2021 Season World Championship","2021-11-06","2",2,"DWG KIA",1,333750,333750,"Worlds 2021","Worlds 2021","2021-10-05","2021-11-06"
"2021 Season World Championship","2021-11-06","21-22",21,"INFINITY",1,22250,22250,"Worlds 2021","Worlds 2021","2021-10-05","2021-11-06"
"2021 Season World Championship","2021-11-06","21-22",21,"Unicorns of Love.CIS",1,22250,22250,"Worlds 2021","Worlds 2021","2021-10-05","2021-11-06"
"2021 Season World Championship","2021-11-06","3-4",3,"T1",1,178000,178000,"Worlds 2021","Worlds 2021","2021-10-05","2021-11-06"
"2021 Season World Championship","2021-11-06","3-4",3,"Gen.G",1,178000,178000,"Worlds 2021","Worlds 2021","2021-10-05","2021-11-06"
"2021 Season World Championship","2021-11-06","5-8",5,"Cloud9",1,100125,100125,"Worlds 2021","Worlds 2021","2021-10-05","2021-11-06"
"2021 Season World Championship","2021-11-06","5-8",5,"Hanwha Life Esports",1,100125,100125,"Worlds 2021","Worlds 2021","2021-10-05","2021-11-06"
"2021 Season World Championship","2021-11-06","5-8",5,"MAD Lions",1,100125,100125,"Worlds 2021","Worlds 2021","2021-10-05","2021-11-06"
"2021 Season World Championship","2021-11-06","5-8",5,"Royal Never Give Up",1,100125,100125,"Worlds 2021","Worlds 2021","2021-10-05","2021-11-06"
"2021 Season World Championship","2021-11-06","9-11",9,"PSG Talon",1,55625,55625,"Worlds 2021","Worlds 2021","2021-10-05","2021-11-06"
"2021 Season World Championship","2021-11-06","9-11",9,"Rogue (European Team)",1,55625,55625,"Worlds 2021","Worlds 2021","2021-10-05","2021-11-06"
"2021 Season World Championship","2021-11-06","9-11",9,"100 Thieves",1,55625,55625,"Worlds 2021","Worlds 2021","2021-10-05","2021-11-06"
"2021 Season World Championship/Main Event","2021-11-06","N/A",-1,NULL,NULL,NULL,NULL,"Worlds 2021 Main Event","Worlds 2021","2021-10-11","2021-11-06"
"2022 Season World Championship","2022-11-05","1",1,"DRX",1,489500,489500,"Worlds 2022","Worlds 2022","2022-09-29","2022-11-05"
"2022 Season World Championship","2022-11-05","11-14",11,"100 Thieves",1,52844,52843.75,"Worlds 2022","Worlds 2022","2022-09-29","2022-11-05"
"2022 Season World Championship","2022-11-05","11-14",11,"CTBC Flying Oyster",1,52844,52843.75,"Worlds 2022","Worlds 2022","2022-09-29","2022-11-05"
"2022 Season World Championship","2022-11-05","11-14",11,"Evil Geniuses.NA",1,52844,52843.75,"Worlds 2022","Worlds 2022","2022-09-29","2022-11-05"
"2022 Season World Championship","2022-11-05","11-14",11,"G2 Esports",1,52844,52843.75,"Worlds 2022","Worlds 2022","2022-09-29","2022-11-05"
"2022 Season World Championship","2022-11-05","15-16",15,"GAM Esports",1,50063,50062.5,"Worlds 2022","Worlds 2022","2022-09-29","2022-11-05"
"2022 Season World Championship","2022-11-05","15-16",15,"Cloud9",1,50063,50062.5,"Worlds 2022","Worlds 2022","2022-09-29","2022-11-05"
"2022 Season World Championship","2022-11-05","17-18",17,"DetonatioN FocusMe",1,38938,38937.5,"Worlds 2022","Worlds 2022","2022-09-29","2022-11-05"
"2022 Season World Championship","2022-11-05","17-18",17,"MAD Lions",1,38938,38937.5,"Worlds 2022","Worlds 2022","2022-09-29","2022-11-05"
"2022 Season World Championship","2022-11-05","19-20",19,"Saigon Buffalo",1,33375,33375,"Worlds 2022","Worlds 2022","2022-09-29","2022-11-05"
"2022 Season World Championship","2022-11-05","19-20",19,"LOUD",1,33375,33375,"Worlds 2022","Worlds 2022","2022-09-29","2022-11-05"
"2022 Season World Championship","2022-11-05","2",2,"T1",1,333750,333750,"Worlds 2022","Worlds 2022","2022-09-29","2022-11-05"
"2022 Season World Championship","2022-11-05","21-22",21,"Beyond Gaming",1,22250,22250,"Worlds 2022","Worlds 2022","2022-09-29","2022-11-05"
"2022 Season World Championship","2022-11-05","21-22",21,"Isurus",1,22250,22250,"Worlds 2022","Worlds 2022","2022-09-29","2022-11-05"
"2022 Season World Championship","2022-11-05","23-24",23,"Chiefs Esports Club",1,16688,16687.5,"Worlds 2022","Worlds 2022","2022-09-29","2022-11-05"
"2022 Season World Championship","2022-11-05","23-24",23,"Istanbul Wildcats",1,16688,16687.5,"Worlds 2022","Worlds 2022","2022-09-29","2022-11-05"
"2022 Season World Championship","2022-11-05","3-4",3,"JD Gaming",1,178000,178000,"Worlds 2022","Worlds 2022","2022-09-29","2022-11-05"
"2022 Season World Championship","2022-11-05","3-4",3,"Gen.G",1,178000,178000,"Worlds 2022","Worlds 2022","2022-09-29","2022-11-05"
"2022 Season World Championship","2022-11-05","5-8",5,"Royal Never Give Up",1,100125,100125,"Worlds 2022","Worlds 2022","2022-09-29","2022-11-05"
"2022 Season World Championship","2022-11-05","5-8",5,"Rogue (European Team)",1,100125,100125,"Worlds 2022","Worlds 2022","2022-09-29","2022-11-05"
"2022 Season World Championship","2022-11-05","5-8",5,"DWG KIA",1,100125,100125,"Worlds 2022","Worlds 2022","2022-09-29","2022-11-05"
"2022 Season World Championship","2022-11-05","5-8",5,"EDward Gaming",1,100125,100125,"Worlds 2022","Worlds 2022","2022-09-29","2022-11-05"
"2022 Season World Championship","2022-11-05","9-10",9,"Top Esports",1,55625,55625,"Worlds 2022","Worlds 2022","2022-09-29","2022-11-05"
"2022 Season World Championship","2022-11-05","9-10",9,"Fnatic",1,55625,55625,"Worlds 2022","Worlds 2022","2022-09-29","2022-11-05"
"2022 Season World Championship/Main Event","2022-11-05","N/A",-1,NULL,NULL,NULL,NULL,"Worlds 2022 Main Event","Worlds 2022","2022-10-07","2022-11-05"
"2023 Season World Championship","2023-11-19","1",1,"T1",1,445000,445000,"Worlds 2023","Worlds 2023","2023-10-10","2023-11-19"
"2023 Season World Championship","2023-11-19","12-14",12,"Cloud9",1,NULL,61187.5,"Worlds 2023","Worlds 2023","2023-10-10","2023-11-19"
"2023 Season World Championship","2023-11-19","12-14",12,"MAD Lions",1,NULL,61187.5,"Worlds 2023","Worlds 2023","2023-10-10","2023-11-19"
"2023 Season World Championship","2023-11-19","12-14",12,"GAM Esports",1,NULL,61187.5,"Worlds 2023","Worlds 2023","2023-10-10","2023-11-19"
"2023 Season World Championship","2023-11-19","15-16",15,"Team BDS",1,NULL,50062.5,"Worlds 2023","Worlds 2023","2023-10-10","2023-11-19"
"2023 Season World Championship","2023-11-19","15-16",15,"Team Liquid",1,NULL,50062.5,"Worlds 2023","Worlds 2023","2023-10-10","2023-11-19"
"2023 Season World Championship","2023-11-19","17-18",17,"PSG Talon",1,NULL,38937.5,"Worlds 2023","Worlds 2023","2023-10-10","2023-11-19"
"2023 Season World Championship","2023-11-19","17-18",17,"Team Whales",1,NULL,38937.5,"Worlds 2023","Worlds 2023","2023-10-10","2023-11-19"
"2023 Season World Championship","2023-11-19","19-20",19,"LOUD",1,33375,33375,"Worlds 2023","Worlds 2023","2023-10-10","2023-11-19"
"2023 Season World Championship","2023-11-19","19-20",19,"CTBC Flying Oyster",1,33375,33375,"Worlds 2023","Worlds 2023","2023-10-10","2023-11-19"
"2023 Season World Championship","2023-11-19","2",2,"Weibo Gaming",1,333750,333750,"Worlds 2023","Worlds 2023","2023-10-10","2023-11-19"
"2023 Season World Championship","2023-11-19","21-22",21,"Movistar R7",1,22250,22250,"Worlds 2023","Worlds 2023","2023-10-10","2023-11-19"
"2023 Season World Championship","2023-11-19","21-22",21,"DetonatioN FocusMe",1,22250,22250,"Worlds 2023","Worlds 2023","2023-10-10","2023-11-19"
"2023 Season World Championship","2023-11-19","3-4",3,"Bilibili Gaming",1,178000,178000,"Worlds 2023","Worlds 2023","2023-10-10","2023-11-19"
"2023 Season World Championship","2023-11-19","3-4",3,"JD Gaming",1,178000,178000,"Worlds 2023","Worlds 2023","2023-10-10","2023-11-19"
"2023 Season World Championship","2023-11-19","5-8",5,"KT Rolster",1,100125,100125,"Worlds 2023","Worlds 2023","2023-10-10","2023-11-19"
"2023 Season World Championship","2023-11-19","5-8",5,"LNG Esports",1,100125,100125,"Worlds 2023","Worlds 2023","2023-10-10","2023-11-19"
"2023 Season World Championship","2023-11-19","5-8",5,"NRG",1,100125,100125,"Worlds 2023","Worlds 2023","2023-10-10","2023-11-19"
"2023 Season World Championship","2023-11-19","5-8",5,"Gen.G",1,100125,100125,"Worlds 2023","Worlds 2023","2023-10-10","2023-11-19"
"2023 Season World Championship","2023-11-19","9-11",9,"G2 Esports",1,NULL,72312.5,"Worlds 2023","Worlds 2023","2023-10-10","2023-11-19"
"2023 Season World Championship","2023-11-19","9-11",9,"Dplus Kia",1,NULL,72312.5,"Worlds 2023","Worlds 2023","2023-10-10","2023-11-19"
"2023 Season World Championship","2023-11-19","9-11",9,"Fnatic",1,NULL,72312.5,"Worlds 2023","Worlds 2023","2023-10-10","2023-11-19"
"2023 Season World Championship/Main Event","2023-11-19","N/A",-1,NULL,NULL,NULL,NULL,"Worlds 2023 Main Event","Worlds 2023","2023-10-19","2023-11-19"
"2024 Season World Championship","2024-11-02","1",1,"T1",1,450000,450000,"Worlds 2024","Worlds 2024","2024-09-25","2024-11-02"
"2024 Season World Championship","2024-11-02","12-14",12,"PSG Talon",1,67500,67500,"Worlds 2024","Worlds 2024","2024-09-25","2024-11-02"
"2024 Season World Championship","2024-11-02","12-14",12,"Fnatic",1,67500,67500,"Worlds 2024","Worlds 2024","2024-09-25","2024-11-02"
"2024 Season World Championship","2024-11-02","12-14",12,"GAM Esports",1,67500,67500,"Worlds 2024","Worlds 2024","2024-09-25","2024-11-02"
"2024 Season World Championship","2024-11-02","15-16",15,"paiN Gaming",1,56250,56250,"Worlds 2024","Worlds 2024","2024-09-25","2024-11-02"
"2024 Season World Championship","2024-11-02","15-16",15,"MAD Lions KOI",1,56250,56250,"Worlds 2024","Worlds 2024","2024-09-25","2024-11-02"
"2024 Season World Championship","2024-11-02","17-18",17,"Movistar R7",1,39375,39375,"Worlds 2024","Worlds 2024","2024-09-25","2024-11-02"
"2024 Season World Championship","2024-11-02","17-18",17,"100 Thieves",1,39375,39375,"Worlds 2024","Worlds 2024","2024-09-25","2024-11-02"
"2024 Season World Championship","2024-11-02","19-20",19,"Vikings Esports (2023 Vietnamese Team)",1,22500,22500,"Worlds 2024","Worlds 2024","2024-09-25","2024-11-02"
"2024 Season World Championship","2024-11-02","19-20",19,"Fukuoka SoftBank HAWKS gaming",1,22500,22500,"Worlds 2024","Worlds 2024","2024-09-25","2024-11-02"
"2024 Season World Championship","2024-11-02","2",2,"Bilibili Gaming",1,360000,360000,"Worlds 2024","Worlds 2024","2024-09-25","2024-11-02"
"2024 Season World Championship","2024-11-02","3-4",3,"Gen.G",1,180000,180000,"Worlds 2024","Worlds 2024","2024-09-25","2024-11-02"
"2024 Season World Championship","2024-11-02","3-4",3,"Weibo Gaming",1,180000,180000,"Worlds 2024","Worlds 2024","2024-09-25","2024-11-02"
"2024 Season World Championship","2024-11-02","5-8",5,"Hanwha Life Esports",1,101250,101250,"Worlds 2024","Worlds 2024","2024-09-25","2024-11-02"
"2024 Season World Championship","2024-11-02","5-8",5,"LNG Esports",1,101250,101250,"Worlds 2024","Worlds 2024","2024-09-25","2024-11-02"
"2024 Season World Championship","2024-11-02","5-8",5,"Top Esports",1,101250,101250,"Worlds 2024","Worlds 2024","2024-09-25","2024-11-02"
"2024 Season World Championship","2024-11-02","5-8",5,"FlyQuest",1,101250,101250,"Worlds 2024","Worlds 2024","2024-09-25","2024-11-02"
"2024 Season World Championship","2024-11-02","9-11",9,"Dplus Kia",1,78750,78750,"Worlds 2024","Worlds 2024","2024-09-25","2024-11-02"
"2024 Season World Championship","2024-11-02","9-11",9,"Team Liquid",1,78750,78750,"Worlds 2024","Worlds 2024","2024-09-25","2024-11-02"
"2024 Season World Championship","2024-11-02","9-11",9,"G2 Esports",1,78750,78750,"Worlds 2024","Worlds 2024","2024-09-25","2024-11-02"
"2024 Season World Championship/Main Event","2024-11-02","N/A",-1,NULL,NULL,NULL,NULL,"Worlds 2024 Main Event","Worlds 2024","2024-10-03","2024-11-02"
"2025 Season World Championship","2025-11-09","1",1,"T1",1,1000000,1000000,"Worlds 2025","Worlds 2025","2025-10-14","2025-11-09"
"2025 Season World Championship","2025-11-09","12-14",12,"100 Thieves",1,125000,125000,"Worlds 2025","Worlds 2025","2025-10-14","2025-11-09"
"2025 Season World Championship","2025-11-09","12-14",12,"Team Secret Whales",1,125000,125000,"Worlds 2025","Worlds 2025","2025-10-14","2025-11-09"
"2025 Season World Championship","2025-11-09","12-14",12,"Vivo Keyd Stars",1,125000,125000,"Worlds 2025","Worlds 2025","2025-10-14","2025-11-09"
"2025 Season World Championship","2025-11-09","15-16",15,"PSG Talon",1,112500,112500,"Worlds 2025","Worlds 2025","2025-10-14","2025-11-09"
"2025 Season World Championship","2025-11-09","15-16",15,"Fnatic",1,112500,112500,"Worlds 2025","Worlds 2025","2025-10-14","2025-11-09"
"2025 Season World Championship","2025-11-09","17",17,"Invictus Gaming",1,75000,75000,"Worlds 2025","Worlds 2025","2025-10-14","2025-11-09"
"2025 Season World Championship","2025-11-09","2",2,"KT Rolster",1,800000,800000,"Worlds 2025","Worlds 2025","2025-10-14","2025-11-09"
"2025 Season World Championship","2025-11-09","3-4",3,"Gen.G",1,400000,400000,"Worlds 2025","Worlds 2025","2025-10-14","2025-11-09"
"2025 Season World Championship","2025-11-09","3-4",3,"Top Esports",1,400000,400000,"Worlds 2025","Worlds 2025","2025-10-14","2025-11-09"
"2025 Season World Championship","2025-11-09","5-8",5,"G2 Esports",1,300000,300000,"Worlds 2025","Worlds 2025","2025-10-14","2025-11-09"
"2025 Season World Championship","2025-11-09","5-8",5,"Hanwha Life Esports",1,300000,300000,"Worlds 2025","Worlds 2025","2025-10-14","2025-11-09"
"2025 Season World Championship","2025-11-09","5-8",5,"CTBC Flying Oyster",1,300000,300000,"Worlds 2025","Worlds 2025","2025-10-14","2025-11-09"
"2025 Season World Championship","2025-11-09","5-8",5,"Anyone's Legend",1,300000,300000,"Worlds 2025","Worlds 2025","2025-10-14","2025-11-09"
"2025 Season World Championship","2025-11-09","9-11",9,"Bilibili Gaming",1,175000,175000,"Worlds 2025","Worlds 2025","2025-10-14","2025-11-09"
"2025 Season World Championship","2025-11-09","9-11",9,"FlyQuest",1,175000,175000,"Worlds 2025","Worlds 2025","2025-10-14","2025-11-09"
"2025 Season World Championship","2025-11-09","9-11",9,"Movistar KOI",1,175000,175000,"Worlds 2025","Worlds 2025","2025-10-14","2025-11-09"
"2025 Season World Championship/Main Event","2025-11-09","N/A",-1,NULL,NULL,NULL,NULL,"Worlds 2025 Main Event","Worlds 2025","2025-10-15","2025-11-09"
"2026 Season World Championship","2026-11-14","N/A",-1,NULL,NULL,NULL,NULL,"Worlds 2026","Worlds 2026","2026-10-16","2026-11-14"
"2027 Season World Championship",NULL,"N/A",-1,NULL,NULL,NULL,NULL,"Worlds 2027","Worlds 2027",NULL,NULL
"Season 1 World Championship","2011-06-20","1",1,"Fnatic",1,50000,50000,"Worlds Season 1","Worlds Season 1","2011-06-18","2011-06-20"
"Season 1 World Championship","2011-06-20","2",2,"against All authority",1,25000,25000,"Worlds Season 1","Worlds Season 1","2011-06-18","2011-06-20"
"Season 1 World Championship","2011-06-20","3",3,"TSM",1,10000,10000,"Worlds Season 1","Worlds Season 1","2011-06-18","2011-06-20"
"Season 1 World Championship","2011-06-20","4",4,"Epik Gamer",1,7000,7000,"Worlds Season 1","Worlds Season 1","2011-06-18","2011-06-20"
"Season 1 World Championship","2011-06-20","5",5,"Counter Logic Gaming",1,3500,3500,"Worlds Season 1","Worlds Season 1","2011-06-18","2011-06-20"
"Season 1 World Championship","2011-06-20","6",6,"Team gamed!de",1,2000,2000,"Worlds Season 1","Worlds Season 1","2011-06-18","2011-06-20"
"Season 1 World Championship","2011-06-20","7-8",7,"Team Pacific",1,1000,1000,"Worlds Season 1","Worlds Season 1","2011-06-18","2011-06-20"
"Season 1 World Championship","2011-06-20","7-8",7,"Xan",1,1000,1000,"Worlds Season 1","Worlds Season 1","2011-06-18","2011-06-20"
"Season 2 World Championship","2012-10-13","1",1,"Taipei Assassins",1,1000000,1000000,"Worlds Season 2","Worlds Season 2","2012-10-04","2012-10-13"
"Season 2 World Championship","2012-10-13","11-12",11,"Dignitas",1,25000,25000,"Worlds Season 2","Worlds Season 2","2012-10-04","2012-10-13"
"Season 2 World Championship","2012-10-13","11-12",11,"SK Gaming",1,25000,25000,"Worlds Season 2","Worlds Season 2","2012-10-04","2012-10-13"
"Season 2 World Championship","2012-10-13","2",2,"Azubu Frost",1,250000,250000,"Worlds Season 2","Worlds Season 2","2012-10-04","2012-10-13"
"Season 2 World Championship","2012-10-13","3-4",3,"Counter Logic Gaming Europe",1,150000,150000,"Worlds Season 2","Worlds Season 2","2012-10-04","2012-10-13"
"Season 2 World Championship","2012-10-13","3-4",3,"Moscow Five",1,150000,150000,"Worlds Season 2","Worlds Season 2","2012-10-04","2012-10-13"
"Season 2 World Championship","2012-10-13","5-8",5,"TSM",1,75000,75000,"Worlds Season 2","Worlds Season 2","2012-10-04","2012-10-13"
"Season 2 World Championship","2012-10-13","5-8",5,"Team WE",1,75000,75000,"Worlds Season 2","Worlds Season 2","2012-10-04","2012-10-13"
"Season 2 World Championship","2012-10-13","5-8",5,"NaJin Sword",1,75000,75000,"Worlds Season 2","Worlds Season 2","2012-10-04","2012-10-13"
"Season 2 World Championship","2012-10-13","5-8",5,"Invictus Gaming",1,75000,75000,"Worlds Season 2","Worlds Season 2","2012-10-04","2012-10-13"
"Season 2 World Championship","2012-10-13","9-10",9,"CLG Prime",1,50000,50000,"Worlds Season 2","Worlds Season 2","2012-10-04","2012-10-13"
"Season 2 World Championship","2012-10-13","9-10",9,"Saigon Jokers",1,50000,50000,"Worlds Season 2","Worlds Season 2","2012-10-04","2012-10-13"
"Season 3 World Championship","2013-10-04","1",1,"SK Telecom T1",1,1000000,1000000,"Worlds Season 3","Worlds Season 3","2013-09-15","2013-10-04"
"Season 3 World Championship","2013-10-04","11-12",11,"TSM",1,30000,30000,"Worlds Season 3","Worlds Season 3","2013-09-15","2013-10-04"
"Season 3 World Championship","2013-10-04","11-12",11,"Team Vulcun",1,30000,30000,"Worlds Season 3","Worlds Season 3","2013-09-15","2013-10-04"
"Season 3 World Championship","2013-10-04","13-14",13,"Mineski",1,25000,25000,"Worlds Season 3","Worlds Season 3","2013-09-15","2013-10-04"
"Season 3 World Championship","2013-10-04","13-14",13,"GamingGear.eu",1,25000,25000,"Worlds Season 3","Worlds Season 3","2013-09-15","2013-10-04"
"Season 3 World Championship","2013-10-04","2",2,"Royal Club",1,250000,250000,"Worlds Season 3","Worlds Season 3","2013-09-15","2013-10-04"
"Season 3 World Championship","2013-10-04","3-4",3,"NaJin Black Sword",1,150000,150000,"Worlds Season 3","Worlds Season 3","2013-09-15","2013-10-04"
"Season 3 World Championship","2013-10-04","3-4",3,"Fnatic",1,150000,150000,"Worlds Season 3","Worlds Season 3","2013-09-15","2013-10-04"
"Season 3 World Championship","2013-10-04","5-8",5,"Cloud9",1,75000,75000,"Worlds Season 3","Worlds Season 3","2013-09-15","2013-10-04"
"Season 3 World Championship","2013-10-04","5-8",5,"Gambit Gaming",1,75000,75000,"Worlds Season 3","Worlds Season 3","2013-09-15","2013-10-04"
"Season 3 World Championship","2013-10-04","5-8",5,"Oh My God",1,75000,75000,"Worlds Season 3","Worlds Season 3","2013-09-15","2013-10-04"
"Season 3 World Championship","2013-10-04","5-8",5,"Gamania Bears",1,75000,75000,"Worlds Season 3","Worlds Season 3","2013-09-15","2013-10-04"
"Season 3 World Championship","2013-10-04","9-10",9,"Lemondogs",1,45000,45000,"Worlds Season 3","Worlds Season 3","2013-09-15","2013-10-04"
"Season 3 World Championship","2013-10-04","9-10",9,"Samsung Ozone",1,45000,45000,"Worlds Season 3","Worlds Season 3","2013-09-15","2013-10-04"
