month,album_rank,rank_change,rank_difference,title,artist,new_sales,cumulative_sales,production
1,1,new,,THE FIRST STEP : TREASURE EFFECT,TREASURE (트레저),"266,894","266,894",YG PLUS
1,2,down,-1,NCT RESONANCE Pt. 2 - The 2nd Album,NCT,"244,629","244,629",Dreamus
1,3,new,,I burn,(여자)아이들,"159,268","159,268",Kakao Entertainment
1,4,new,,NOIR - The 2nd Mini Album,유노윤호 (U-KNOW),"138,236","138,236",Dreamus
1,5,new,,HIDEOUT: BE OUR VOICE - SEASON 3.,CRAVITY,"112,301","112,301",Kakao Entertainment
1,6,new,,DEVIL,원어스(ONEUS),"98,014","98,014",Kakao Entertainment
1,7,new,,Dystopia : Road to Utopia,드림캐쳐,"91,469","91,469",지니뮤직
1,8,new,,VOICE : The future is now,VICTON (빅톤),"89,960","89,960",Kakao Entertainment
1,9,new,,5th Mini Album [YES.],골든차일드,"74,863","74,863",Kakao Entertainment
1,10,up,16,THE ALBUM,BLACKPINK,"67,387","67,387",YG PLUS
1,11,new,,SALUTE : A NEW HOPE,AB6IX (에이비식스),"57,982","57,982",Warner Music
1,12,down,-6,NCT RESONANCE Pt. 2 - The 2nd Album (Kit),NCT,"54,674","54,674",Dreamus
1,13,new,,Super One,SuperM,"53,618","53,618",Dreamus
1,14,new,,LUCKY MAN,바비 (BOBBY),"49,221","49,221",YG PLUS
1,15,new,,THE FIRST STEP : TREASURE EFFECT (Kit),TREASURE (트레저),"27,361","27,361",YG PLUS
1,16,new,,MCND AGE,MCND,"25,560","25,560",Kakao Entertainment
1,17,down,-5,BE,방탄소년단,"25,452","25,452",Dreamus
1,18,down,-2,MAP OF THE SOUL : 7,방탄소년단,"24,801","24,801",Dreamus
1,19,down,-1,MAP OF THE SOUL : PERSONA,방탄소년단,"24,693","24,693",Dreamus
1,20,down,-11,BORDER : DAY ONE,ENHYPEN,"24,576","24,576","지니뮤직, Stone Music Entertainment"
1,21,up,2,LOVE YOURSELF 轉 `Tear`,방탄소년단,"21,542","21,542",Dreamus
1,22,up,2,LOVE YOURSELF 承 `Her`,방탄소년단,"18,736","18,736",Dreamus
1,23,down,-20,The Classic Album I - My Favorite Arias,김호중,"17,950","17,950",Warner Music
1,24,down,-20,The Classic Album II - My Favorite Songs,김호중,"17,802","17,802",Warner Music
1,25,new,,3RD ALBUM `An Ode`,세븐틴,"17,420","17,420","지니뮤직, Stone Music Entertainment"
1,26,down,-21,KAI - The 1st Mini Album,카이 (KAI),"15,317","15,317",Dreamus
1,27,up,55,Special Album '; [Semicolon]',세븐틴,"14,229","14,229",Dreamus
1,28,-,,화양연화 Young Forever,방탄소년단,"14,214","14,214",Dreamus
1,29,new,,24 PART 2,정세운,"14,192","14,192",Kakao Entertainment
1,30,up,5,WINGS,방탄소년단,"13,720","13,720",Dreamus
1,31,up,1,YOU NEVER WALK ALONE,방탄소년단,"13,408","13,408",Dreamus
1,32,new,,BEFORE SUNRISE Part. 1,T1419,"13,382","13,382",Sony Music
1,33,new,,Epik High Is Here 上,에픽하이 (Epik High),"13,135","13,135",Kakao Entertainment
1,34,new,,tellusboutyourself,백예린,"12,518","12,518",Dreamus
1,35,up,2,IN生,Stray Kids (스트레이 키즈),"11,951","11,951",Dreamus
1,36,down,-17,LOVE YOURSELF 結 `Answer`,방탄소년단,"10,614","10,614","Dreamus, The Orchard"
1,37,down,-1,화양연화 pt.2,방탄소년단,"9,944","9,944",Dreamus
1,38,down,-24,GO生,Stray Kids (스트레이 키즈),"9,932","9,932",Dreamus
1,39,up,82,SuperM - The 1st Mini Album,SuperM,"9,723","9,723",Dreamus
1,40,down,-23,minisode1 : Blue Hour,투모로우바이투게더,"9,656","9,656",Dreamus
1,41,up,2,2 Cool 4 Skool,방탄소년단,"9,013","9,013",Dreamus
1,42,up,3,화양연화 pt.1,방탄소년단,"8,099","8,099",Dreamus
1,43,up,9,꿈의 장: MAGIC,투모로우바이투게더,"7,767","7,767",Dreamus
1,44,new,,Cherry Rush,체리블렛(Cherry Bullet),"7,748","7,748",Kakao Entertainment
1,45,down,-38,What Do I Call You - The 4th Mini Album,태연 (TAEYEON),"7,647","7,647",Dreamus
1,46,down,-2,Dark & Wild,방탄소년단,"7,425","7,425",Dreamus
1,47,up,2,Eyes wide open,TWICE,"7,399","7,399",Dreamus
1,48,up,24,Cle : LEVANTER,Stray Kids (스트레이 키즈),"7,366","7,366",Dreamus
1,49,up,13,I am YOU,Stray Kids (스트레이 키즈),"7,110","7,110",Dreamus
1,50,up,13,I am WHO,Stray Kids (스트레이 키즈),"6,925","6,925",Dreamus
1,51,down,-41,Breath of Love : Last Piece,GOT7,"6,780","6,780",Dreamus
1,52,up,14,Cle 1 : MIROH,Stray Kids (스트레이 키즈),"6,775","6,775",Dreamus
1,53,down,-6,KILL THIS LOVE,BLACKPINK,"6,746","6,746",YG PLUS
1,54,up,13,I am NOT,Stray Kids (스트레이 키즈),"6,710","6,710",Dreamus
1,55,down,-21,Never Gonna Dance Again : Act 2 - The 3rd Album,태민 (TAEMIN),"6,599","6,599",Dreamus
1,56,up,8,꿈의 장: STAR,투모로우바이투게더,"6,436","6,436",Dreamus
1,57,down,-11,"O! RUL8 ,2?",방탄소년단,"6,431","6,431",Dreamus
1,58,up,3,꿈의 장: ETERNITY,투모로우바이투게더,"6,362","6,362",Dreamus
1,59,up,70,REVEAL,더보이즈(THE BOYZ),"6,041","6,041",Kakao Entertainment
1,60,up,25,NCT #127 WE ARE SUPERHUMAN - The 4th Mini Album,NCT 127,"5,924","5,924",Dreamus
1,61,down,-59,One-reeler / Act IV,IZ*ONE (아이즈원),"5,895","5,895","지니뮤직, Stone Music Entertainment"
1,62,down,-7,SQUARE UP,BLACKPINK,"5,816","5,816",YG PLUS
1,63,down,-23,MEMORY : illusion,원위 (ONEWE),"5,759","5,759",Kakao Entertainment
1,64,down,-25,Skool Luv Affair,방탄소년단,"5,545","5,545",Dreamus
1,65,up,23,7th Mini Album `헹가래`,세븐틴,"5,072","5,072","지니뮤직, Stone Music Entertainment"
1,66,new,,I`m Not Cool,현아,"5,000","5,000",Kakao Entertainment
1,67,new,,LUCKY MAN (Kit),바비 (BOBBY),"5,000","5,000",YG PLUS
1,68,down,-26,Origine,비원에이포 (B1A4),"4,995","4,995",Sony Music
1,69,down,-15,NCT RESONANCE Pt. 1 - The 2nd Album (Kit),NCT,"4,971","4,971",Dreamus
1,70,up,64,4th MINI ALBUM [DreamLike],더보이즈(THE BOYZ),"4,896","4,896",Kakao Entertainment
1,71,up,5,Cle 2 : Yellow Wood,Stray Kids (스트레이 키즈),"4,887","4,887",Dreamus
1,72,new,,`The ReVe Festival` Finale,레드벨벳(Red Velvet),"4,700","4,700",Dreamus
1,73,up,16,NCT #127 Regular-Irregular - The 1st Album,NCT 127,"4,636","4,636",Dreamus
1,74,new,,And Then There Was Us,호피폴라,"4,559","4,559",Dreamus
1,75,up,3,Mixtape,Stray Kids (스트레이 키즈),"4,292","4,292",Dreamus
1,76,HOT,,7 for 7,GOT7,"3,787","3,787",Dreamus
1,77,up,73,Call My Name,GOT7,"3,704","3,704",Dreamus
1,78,down,-1,SPECIAL ALBUM `DIRECTOR`S CUT`,세븐틴,"3,669","3,669",Kakao Entertainment
1,79,down,-68,3rd Mini Album `INSIDE ME`,김성규,"3,465","3,465",Kakao Entertainment
1,80,new,,월령 月齡,심규선 (Lucia),"3,431","3,431",Kakao Entertainment
1,81,HOT,,The Wanderer (방랑자) (Deluxe),조성진,"3,356","3,356",Universal Music
1,82,new,,[#],이달의 소녀,"3,314","3,314",다날엔터테인먼트
1,83,up,3,SOLO,제니 (JENNIE),"3,263","3,263",YG PLUS
1,84,up,6,TREASURE EPILOGUE : Action To Answer,ATEEZ (에이티즈),"3,246","3,246","지니뮤직, Stone Music Entertainment"
1,85,new,,THE BOYZ DEBUT ALBUM [THE FIRST],더보이즈(THE BOYZ),"3,217","3,217",Kakao Entertainment
1,86,down,-35,Reload,NCT DREAM,"3,166","3,166",Dreamus
1,87,up,77,`Present : YOU` &ME Edition,GOT7,"3,165","3,165",Dreamus
1,88,up,40,1st Single Album [THE SPHERE],더보이즈(THE BOYZ),"3,148","3,148",Kakao Entertainment
1,89,new,,THE BOYZ MINI ALBUM [THE START],더보이즈(THE BOYZ),"3,104","3,104",Kakao Entertainment
1,90,down,-65,JOURNEY,헨리 (Henry),"3,091","3,091",Kakao Entertainment
1,91,down,-10,Love poem,아이유 (IU),"2,747","2,747",Kakao Entertainment
1,92,up,20,TWICEcoaster : LANE 1,TWICE,"2,586","2,586",Dreamus
1,93,up,22,MORE & MORE,TWICE,"2,571","2,571",Dreamus
1,94,down,-25,PAGE TWO,TWICE,"2,554","2,554",Dreamus
1,95,up,19,THE STORY BEGINS,TWICE,"2,354","2,354",Dreamus
1,96,up,23,5th MINI ALBUM [CHASE],더보이즈(THE BOYZ),"2,342","2,342",Kakao Entertainment
1,97,up,25,SIGNAL,TWICE,"2,308","2,308",Dreamus
1,98,up,28,Present : YOU,GOT7,"2,289","2,289",Dreamus
1,99,down,-5,3rd MINI ALBUM [THE ONLY],더보이즈(THE BOYZ),"2,284","2,284",Kakao Entertainment
1,100,down,-27,回:Walpurgis Night,여자친구 (GFRIEND),"2,238","2,238",Kakao Entertainment
2,1,up,16,BE,방탄소년단,"763,083","788,535",Dreamus
2,2,new,,Don`t Call Me - The 7th Album,샤이니 (SHINee),"195,665","195,665",Dreamus
2,3,new,,NCT 2018 EMPATHY,NCT,"119,998","119,997",Dreamus
2,4,new,,2ND DESIRE [TASTY],김우석,"83,763","83,763",Kakao Entertainment
2,5,new,,1ST MINI ALBUM PART. 2 [Love Synonym #2 : Right for Us],원호 (WONHO),"79,479","79,479",Kakao Entertainment
2,6,down,-4,NCT RESONANCE Pt. 2 - The 2nd Album,NCT,"66,118","310,747",Dreamus
2,7,new,,We Boom - The 3rd Mini Album,NCT DREAM,"60,000","60,000",Dreamus
2,8,new,,ONF: MY NAME,온앤오프 (ONF),"58,359","58,359","지니뮤직, Stone Music Entertainment"
2,9,new,,IDENTITY : Challenge,위아이 (WEi),"53,913","53,913",Kakao Entertainment
2,10,down,-6,NOIR - The 2nd Mini Album,유노윤호 (U-KNOW),"52,116","190,352",Dreamus
2,11,new,,"4th EP Album `HELLO` Chapter Ø. Hello, Strange Dream",CIX (씨아이엑스),"50,182","50,182",인터파크
2,12,new,,The First - The 1st Single Album,NCT DREAM,"50,000","50,000",Dreamus
2,13,up,23,LOVE YOURSELF 結 `Answer`,방탄소년단,"44,275","54,889","Dreamus, The Orchard"
2,14,down,-11,I burn,(여자)아이들,"43,305","202,573",Kakao Entertainment
2,15,new,,We Go Up - The 2nd Mini Album,NCT DREAM,"40,000","39,999",Dreamus
2,16,new,,ON THE TRACK,이승협 (J.DON),"37,914","37,914",Kakao Entertainment
2,17,new,,We Young - The 1st Mini Album,NCT DREAM,"35,000","35,000",Dreamus
2,18,new,,Querencia,청하,"29,082","29,082","지니뮤직, Stone Music Entertainment"
2,19,down,-12,Dystopia : Road to Utopia,드림캐쳐,"28,781","120,250",지니뮤직
2,20,new,,Dynamite (LP),방탄소년단,"28,000","28,000",Dreamus
2,21,new,,Take Over The Moon - Sequel,WayV,"24,999","24,996",Dreamus
2,22,up,50,`The ReVe Festival` Finale,레드벨벳(Red Velvet),"24,968","29,668",Dreamus
2,23,new,,NCT #127 CHERRY BOMB - The 3rd Mini Album,NCT 127,"24,602","24,602",Dreamus
2,24,down,-2,LOVE YOURSELF 承 `Her`,방탄소년단,"22,703","41,439",Dreamus
2,25,down,-7,MAP OF THE SOUL : 7,방탄소년단,"21,145","45,946",Dreamus
2,26,down,-7,MAP OF THE SOUL : PERSONA,방탄소년단,"20,064","44,757",Dreamus
2,27,new,,여신강림 OST,Various Artists,"20,000","20,000","지니뮤직, Stone Music Entertainment"
2,28,down,-7,LOVE YOURSELF 轉 `Tear`,방탄소년단,"19,326","40,868",Dreamus
2,29,new,,기억과 기억 사이,엘(L),"18,844","18,844",Universal Music
2,30,down,-25,HIDEOUT: BE OUR VOICE - SEASON 3.,CRAVITY,"17,970","130,271",Kakao Entertainment
2,31,down,-23,VOICE : The future is now,VICTON (빅톤),"17,814","107,774",Kakao Entertainment
2,32,new,,What Do I Call You - The 4th Mini Album (LP),태연 (TAEYEON),"17,730","17,730",Dreamus
2,33,down,-5,화양연화 Young Forever,방탄소년단,"15,591","29,805",Dreamus
2,34,down,-9,3RD ALBUM `An Ode`,세븐틴,"15,177","32,597","지니뮤직, Stone Music Entertainment"
2,35,new,,NCT #127 Limitless - The 2nd Mini Album,NCT 127,"14,990","14,984",Dreamus
2,36,down,-25,SALUTE : A NEW HOPE,AB6IX (에이비식스),"13,745","71,727",Warner Music
2,37,down,-6,YOU NEVER WALK ALONE,방탄소년단,"13,335","26,743",Dreamus
2,38,down,-8,WINGS,방탄소년단,"13,029","26,749",Dreamus
2,39,down,-2,화양연화 pt.2,방탄소년단,"12,324","22,268",Dreamus
2,40,down,-30,THE ALBUM,BLACKPINK,"11,866","79,253",YG PLUS
2,41,up,12,KILL THIS LOVE,BLACKPINK,"11,767","18,513",YG PLUS
2,42,down,-33,5th Mini Album [YES.],골든차일드,"11,713","86,576",Kakao Entertainment
2,43,new,,Feel Special,TWICE,"10,486","10,437",Dreamus
2,44,up,42,Reload,NCT DREAM,"10,366","13,532",Dreamus
2,45,down,-5,minisode1 : Blue Hour,투모로우바이투게더,"10,322","19,978",Dreamus
2,46,HOT,,NCT #127 Neo Zone - The 2nd Album,NCT 127,"10,026","10,120","Dreamus, Caroline"
2,47,new,,NCT #127 Neo Zone The Final Round - The 2nd Album Repackage,NCT 127,"9,987","9,964",Dreamus
2,48,new,,NCT RESONANCE Pt. 1 - The 2nd Album,NCT,"9,826","9,716",Dreamus
2,49,up,17,I`m Not Cool,현아,"9,669","14,669",Kakao Entertainment
2,50,down,-7,꿈의 장: MAGIC,투모로우바이투게더,"9,618","17,385",Dreamus
2,51,new,,Summer Nights,TWICE,"9,569","9,543",Dreamus
2,52,new,,What is Love?,TWICE,"9,228","9,215",Dreamus
2,53,up,11,Skool Luv Affair,방탄소년단,"9,200","14,745",Dreamus
2,54,up,16,4th MINI ALBUM [DreamLike],더보이즈(THE BOYZ),"8,991","13,887",Kakao Entertainment
2,55,up,4,REVEAL,더보이즈(THE BOYZ),"8,975","15,016",Kakao Entertainment
2,56,down,-18,GO生,Stray Kids (스트레이 키즈),"8,482","18,414",Dreamus
2,57,up,4,One-reeler / Act IV,IZ*ONE (아이즈원),"8,416","14,311","지니뮤직, Stone Music Entertainment"
2,58,down,-7,Breath of Love : Last Piece,GOT7,"8,287","15,067",Dreamus
2,59,down,-24,IN生,Stray Kids (스트레이 키즈),"8,280","20,231",Dreamus
2,60,down,-18,화양연화 pt.1,방탄소년단,"7,862","15,961",Dreamus
2,61,down,-15,Dark & Wild,방탄소년단,"7,213","14,638",Dreamus
2,62,down,-5,"O! RUL8 ,2?",방탄소년단,"7,049","13,480",Dreamus
2,63,new,,YES or YES,TWICE,"6,663","6,624",Dreamus
2,64,down,-6,꿈의 장: ETERNITY,투모로우바이투게더,"6,200","12,562",Dreamus
2,65,down,-9,꿈의 장: STAR,투모로우바이투게더,"6,180","12,616",Dreamus
2,66,down,-1,7th Mini Album `헹가래`,세븐틴,"6,107","11,179","지니뮤직, Stone Music Entertainment"
2,67,up,64,7th Mini Album [GATEWAY],아스트로(ASTRO),"5,997","7,490",Kakao Entertainment
2,68,new,,FANCY YOU,TWICE,"5,933","5,910",Dreamus
2,69,new,,twicetagram,TWICE,"5,900","5,881",Dreamus
2,70,down,-21,I am YOU,Stray Kids (스트레이 키즈),"5,855","12,965",Dreamus
2,71,down,-30,2 Cool 4 Skool,방탄소년단,"5,807","14,820",Dreamus
2,72,up,11,SOLO,제니 (JENNIE),"5,776","9,039",YG PLUS
2,73,down,-21,Cle 1 : MIROH,Stray Kids (스트레이 키즈),"5,703","12,478",Dreamus
2,74,down,-26,Cle : LEVANTER,Stray Kids (스트레이 키즈),"5,677","13,043",Dreamus
2,75,down,-69,DEVIL,원어스(ONEUS),"5,587","103,601",Kakao Entertainment
2,76,down,-22,I am NOT,Stray Kids (스트레이 키즈),"5,473","12,183",Dreamus
2,77,down,-15,SQUARE UP,BLACKPINK,"5,264","11,080",YG PLUS
2,78,down,-28,I am WHO,Stray Kids (스트레이 키즈),"5,253","12,178",Dreamus
2,79,down,-32,Eyes wide open,TWICE,"5,248","12,647",Dreamus
2,80,down,-36,Cherry Rush,체리블렛(Cherry Bullet),"5,221","12,969",Kakao Entertainment
2,81,down,-61,BORDER : DAY ONE,ENHYPEN,"5,166","29,742","지니뮤직, Stone Music Entertainment"
2,82,down,-4,SPECIAL ALBUM `DIRECTOR`S CUT`,세븐틴,"5,059","8,728",Kakao Entertainment
2,83,new,,NOIR - The 2nd Mini Album (LP),유노윤호 (U-KNOW),"4,847","4,847",Dreamus
2,84,new,,TRAVEL,마마무 (Mamamoo),"4,796","4,796",Kakao Entertainment
2,85,down,-84,THE FIRST STEP : TREASURE EFFECT,TREASURE (트레저),"4,329","271,223",YG PLUS
2,86,down,-59,Special Album '; [Semicolon]',세븐틴,"4,295","18,524",Dreamus
2,87,new,,History Of Kingdom: PartⅠ. Arthur,KINGDOM (킹덤),"4,144","4,144",지니뮤직
2,88,new,,6th Mini Album `REMEMBER ME`,오마이걸 (OH MY GIRL),"3,998","3,998",Sony Music
2,89,new,,THE FIFTH SEASON,오마이걸 (OH MY GIRL),"3,998","3,998",Sony Music
2,90,new,,Merry & Happy,TWICE,"3,994","3,979",Dreamus
2,91,new,,INSIDE,LUCY,"3,965","3,965",Kakao Entertainment
2,92,new,,OH MY GIRL SUMMER PACKAGE (FALL IN LOVE),오마이걸 (OH MY GIRL),"3,956","3,956",Sony Music
2,93,down,-22,Cle 2 : Yellow Wood,Stray Kids (스트레이 키즈),"3,736","8,623",Dreamus
2,94,down,-62,BEFORE SUNRISE Part. 1,T1419,"3,540","16,922",Sony Music
2,95,down,-4,Love poem,아이유 (IU),"3,517","6,264",Kakao Entertainment
2,96,up,86,중독 (Overdose),EXO-K,"3,461","3,979",Dreamus
2,97,new,,RED MOON,마마무 (Mamamoo),"3,386","3,386",Kakao Entertainment
2,98,down,-30,Origine,비원에이포 (B1A4),"3,245","8,240",Sony Music
2,99,down,-24,Mixtape,Stray Kids (스트레이 키즈),"3,073","7,365",Dreamus
2,100,down,-7,MORE & MORE,TWICE,"3,058","5,629",Dreamus
3,1,new,,Bambi - The 3rd Mini Album,백현 (BAEKHYUN),"591,944","591,944",Dreamus
3,2,new,,The Renaissance - The 10th Album,슈퍼주니어 (Super Junior),"433,065","433,065",Dreamus
3,3,new,,R,로제 (ROSE),"394,156","394,156",YG PLUS
3,4,new,,ZERO : FEVER Part.2,ATEEZ (에이티즈),"380,711","380,711","지니뮤직, Stone Music Entertainment"
3,5,new,,5th Album 'LILAC',아이유 (IU),"344,018","344,018",Kakao Entertainment
3,6,new,,Kick Back - The 3rd Mini Album,WayV,"226,535","226,535",Dreamus
3,7,down,-6,BE,방탄소년단,"118,878","907,413",Dreamus
3,8,new,,LOVE or TAKE,펜타곤 (PENTAGON),"88,552","88,552",Kakao Entertainment
3,9,down,-7,Don`t Call Me - The 7th Album,샤이니 (SHINee),"85,784","281,449",Dreamus
3,10,new,,SET,WOODZ (조승연),"79,449","79,449","지니뮤직, Stone Music Entertainment"
3,11,new,,UNNATURAL,우주소녀,"72,214","72,214",Kakao Entertainment
3,12,new,,R (Kit),로제 (ROSE),"52,158","52,158",YG PLUS
3,13,new,,SERIES `O` [ROUND 1 : HALL],VERIVERY,"49,999","49,999","지니뮤직, Stone Music Entertainment"
3,14,new,,Kick Back - The 3rd Mini Album (Kit),WayV,"37,788","37,788",Dreamus
3,15,new,,2nd Mini Album [A Better Tomorrow],DRIPPIN(드리핀),"32,423","32,423",Kakao Entertainment
3,16,up,14,HIDEOUT: BE OUR VOICE - SEASON 3.,CRAVITY,"31,865","162,136",Kakao Entertainment
3,17,new,,KILLA - MIRAE 1st Mini Album,미래소년 (MIRAE),"30,221","30,221",Kakao Entertainment
3,18,up,29,NCT #127 Neo Zone The Final Round - The 2nd Album Repackage,NCT 127,"29,994","39,958",Dreamus
3,19,up,62,BORDER : DAY ONE,ENHYPEN,"29,332","59,074","지니뮤직, Stone Music Entertainment"
3,20,up,22,5th Mini Album [YES.],골든차일드,"27,390","113,966",Kakao Entertainment
3,21,new,,We play,Weeekly (위클리),"25,005","25,005",Kakao Entertainment
3,22,down,-17,1ST MINI ALBUM PART. 2 [Love Synonym #2 : Right for Us],원호 (WONHO),"24,903","104,382",Kakao Entertainment
3,23,up,1,LOVE YOURSELF 承 `Her`,방탄소년단,"23,912","65,351",Dreamus
3,24,up,4,LOVE YOURSELF 轉 `Tear`,방탄소년단,"23,307","64,175",Dreamus
3,25,up,2,여신강림 OST,Various Artists,"20,786","40,786","지니뮤직, Stone Music Entertainment"
3,26,new,,NCT #127 - The 1st Mini Album,NCT 127,"20,000","19,999",Dreamus
3,27,down,-6,Take Over The Moon - Sequel,WayV,"19,959","44,955",Dreamus
3,28,up,20,NCT RESONANCE Pt. 1 - The 2nd Album,NCT,"19,604","29,320",Dreamus
3,29,down,-3,MAP OF THE SOUL : PERSONA,방탄소년단,"19,210","63,967",Dreamus
3,30,new,,Into Violet,퍼플키스,"18,012","18,012",Kakao Entertainment
3,31,new,,BEFORE SUNRISE Part. 2,T1419,"17,933","17,933",Sony Music
3,32,down,-7,MAP OF THE SOUL : 7,방탄소년단,"17,897","63,843",Dreamus
3,33,down,-25,ONF: MY NAME,온앤오프 (ONF),"17,873","76,232","지니뮤직, Stone Music Entertainment"
3,34,up,4,WINGS,방탄소년단,"17,765","44,514",Dreamus
3,35,up,5,THE ALBUM,BLACKPINK,"17,733","96,986",YG PLUS
3,36,up,1,YOU NEVER WALK ALONE,방탄소년단,"16,489","43,232",Dreamus
3,37,down,-24,LOVE YOURSELF 結 `Answer`,방탄소년단,"16,256","71,145",Dreamus
3,38,up,8,NCT #127 Neo Zone - The 2nd Album,NCT 127,"16,010","26,130","Dreamus, Caroline"
3,39,new,,We Boom - The 3rd Mini Album (Kit),NCT DREAM,"16,000","16,000",Dreamus
3,40,up,1,KILL THIS LOVE,BLACKPINK,"15,503","34,016",YG PLUS
3,41,new,,City Lights - The 1st Mini Album,백현 (BAEKHYUN),"15,042","15,039",Dreamus
3,42,up,33,DEVIL,원어스(ONEUS),"14,771","118,372",Kakao Entertainment
3,43,down,-32,"4th EP Album `HELLO` Chapter Ø. Hello, Strange Dream",CIX (씨아이엑스),"14,713","64,895",인터파크
3,44,down,-5,화양연화 pt.2,방탄소년단,"13,984","36,252",Dreamus
3,45,up,14,IN生,Stray Kids (스트레이 키즈),"12,760","32,991",Dreamus
3,46,up,14,화양연화 pt.1,방탄소년단,"12,654","28,615",Dreamus
3,47,down,-38,IDENTITY : Challenge,위아이 (WEi),"12,462","66,375",Kakao Entertainment
3,48,up,29,SQUARE UP,BLACKPINK,"12,262","23,342",YG PLUS
3,49,up,7,GO生,Stray Kids (스트레이 키즈),"12,069","30,483",Dreamus
3,50,down,-17,화양연화 Young Forever,방탄소년단,"12,054","41,859",Dreamus
3,51,down,-6,minisode1 : Blue Hour,투모로우바이투게더,"12,052","32,030",Dreamus
3,52,new,,PIECES by RAIN,비,"11,361","11,361",Kakao Entertainment
3,53,new,,Won`t Forget You,김성규,"11,357","11,357",Kakao Entertainment
3,54,new,,NCT #127 Neo Zone - The 2nd Album (Kit),NCT 127,"11,000","11,000",Dreamus
3,55,new,,NCT #127 Neo Zone The Final Round - The 2nd Album Repackage (Kit),NCT 127,"10,999","10,990",Dreamus
3,56,new,,Bucket List,BIG Naughty (서동현),"10,615","10,615",Kakao Entertainment
3,57,up,5,"O! RUL8 ,2?",방탄소년단,"10,242","23,722",Dreamus
3,58,up,13,2 Cool 4 Skool,방탄소년단,"10,201","25,021",Dreamus
3,59,down,-25,3RD ALBUM `An Ode`,세븐틴,"10,059","42,656",Dreamus
3,60,new,,깊은 밤의 위로 (LOVE STREAMING),B.I,"10,000","10,000",Dreamus
3,61,up,15,I am NOT,Stray Kids (스트레이 키즈),"9,998","22,181",Dreamus
3,62,new,,NCT RESONANCE Pt. 1 - The 2nd Album (Kit),NCT,"9,990","14,940",Dreamus
3,63,up,4,7th Mini Album [GATEWAY],아스트로(ASTRO),"9,985","17,475",Kakao Entertainment
3,64,new,,NCT #127 WE ARE SUPERHUMAN - The 4th Mini Album,NCT 127,"9,969","15,877",Dreamus
3,65,down,-61,2ND DESIRE [TASTY],김우석,"9,917","93,680",Kakao Entertainment
3,66,new,,THE INTERSECTION : DISCOVERY,BDC,"9,851","9,851",Kakao Entertainment
3,67,down,-6,Dark & Wild,방탄소년단,"9,718","24,356",Dreamus
3,68,up,4,SOLO,제니 (JENNIE),"9,688","18,727",YG PLUS
3,69,up,5,Cle : LEVANTER,Stray Kids (스트레이 키즈),"9,466","22,509",Dreamus
3,70,up,9,Eyes wide open,TWICE,"9,367","22,014",Dreamus
3,71,up,7,I am WHO,Stray Kids (스트레이 키즈),"9,097","21,275",Dreamus
3,72,new,,City Lights - The 1st Mini Album (Kihno),백현 (BAEKHYUN),"9,000","8,999",Dreamus
3,73,new,,영화 `더 박스` OST,Various Artists,"8,900","8,900",Dreamus
3,74,down,-1,Cle 1 : MIROH,Stray Kids (스트레이 키즈),"8,887","21,365",Dreamus
3,75,up,10,THE FIRST STEP : TREASURE EFFECT,TREASURE (트레저),"8,870","280,093",YG PLUS
3,76,down,-23,Skool Luv Affair,방탄소년단,"8,633","23,378",Dreamus
3,77,down,-7,I am YOU,Stray Kids (스트레이 키즈),"8,619","21,584",Dreamus
3,78,new,,Reload (Kit),NCT DREAM,"8,000","8,000",Dreamus
3,79,down,-15,꿈의 장: ETERNITY,투모로우바이투게더,"7,977","20,539",Dreamus
3,80,down,-30,꿈의 장: MAGIC,투모로우바이투게더,"7,966","25,351",Dreamus
3,81,down,-65,ON THE TRACK,이승협 (J.DON),"7,869","45,783",Kakao Entertainment
3,82,new,,"NOW : Where we are, here",GHOST9,"7,774","7,774",NHN벅스
3,83,new,,I'm,김세정,"7,664","7,664",Kakao Entertainment
3,84,new,,1st Single Album [THE SPHERE],더보이즈(THE BOYZ),"7,554","10,702",Kakao Entertainment
3,85,up,8,Cle 2 : Yellow Wood,Stray Kids (스트레이 키즈),"7,318","15,941",Dreamus
3,86,down,-4,SPECIAL ALBUM `DIRECTOR`S CUT`,세븐틴,"7,248","15,976",Kakao Entertainment
3,87,new,,NCT #127 WE ARE SUPERHUMAN - The 4th Mini Album (Kit),NCT 127,"6,983","6,983",Dreamus
3,88,up,23,Delight - The 2nd Mini Album,백현 (BAEKHYUN),"6,901","11,350",Dreamus
3,89,up,30,HEART*IZ,IZ*ONE (아이즈원),"6,761","10,885","지니뮤직, Stone Music Entertainment"
3,90,down,-25,꿈의 장: STAR,투모로우바이투게더,"6,532","19,148",Dreamus
3,91,down,-25,7th Mini Album `헹가래`,세븐틴,"6,369","17,548",Dreamus
3,92,down,-73,Dystopia : Road to Utopia,드림캐쳐,"6,364","126,614",지니뮤직
3,93,up,55,Oneiric Diary (幻想日記),IZ*ONE (아이즈원),"6,220","7,767","지니뮤직, Stone Music Entertainment"
3,94,new,,with HER (LP),크러쉬 (CRUSH),"6,140","6,140",Dreamus
3,95,new,,3rd MINI ALBUM [THE ONLY],더보이즈(THE BOYZ),"5,987","8,271",Kakao Entertainment
3,96,new,,2nd Single Album [Bloom Bloom],더보이즈(THE BOYZ),"5,985","7,973",Kakao Entertainment
3,97,new,,안꿀려,싸이퍼(Ciipher),"5,890","5,890",Kakao Entertainment
3,98,new,,Light UP,업텐션 (UP10TION),"5,459","5,459",Kakao Entertainment
3,99,-,,Mixtape,Stray Kids (스트레이 키즈),"5,403","12,768",Dreamus
3,100,down,-77,NCT #127 CHERRY BOMB - The 3rd Mini Album,NCT 127,"5,391","29,993",Dreamus
4,1,new,,BORDER : CARNIVAL,ENHYPEN,"522,136","522,136","지니뮤직, Stone Music Entertainment"
4,2,down,-1,Bambi - The 3rd Mini Album,백현 (BAEKHYUN),"413,523","1,005,467",Dreamus
4,3,new,,All Yours,아스트로(ASTRO),"359,031","359,031",Kakao Entertainment
4,4,new,,YELLOW,강다니엘,"318,743","318,743",Sony Music
4,5,new,,GUESS WHO,ITZY (있지),"232,570","232,570",Dreamus
4,6,new,,The 2nd Album 'Romanticize',뉴이스트 (NU`EST),"206,188","206,188",YG PLUS
4,7,new,,Like Water - The 1st Mini Album,웬디 (WENDY),"146,609","146,609",Dreamus
4,8,new,,Atlantis - The 7th Album Repackage,샤이니 (SHINee),"118,491","118,491",Dreamus
4,9,new,,PAGE,강승윤,"112,202","112,202",YG PLUS
4,10,new,,The Book of Us : Negentropy - Chaos swallowed up in love,DAY6,"110,106","110,106",Dreamus
4,11,new,,Be My Reason,황치열,"84,596","84,596",Kakao Entertainment
4,12,down,-9,R,로제 (ROSE),"73,725","467,881",YG PLUS
4,13,new,,Redd,휘인,"72,735","72,735",Kakao Entertainment
4,14,new,,MO` COMPLETE : HAVE A DREAM,AB6IX (에이비식스),"72,146","72,146",Warner Music
4,15,new,,CITY OF ONF,온앤오프 (ONF),"62,834","62,834","지니뮤직, Stone Music Entertainment"
4,16,up,57,영화 `더 박스` OST,Various Artists,"61,171","70,071",Dreamus
4,17,new,,Instinct Part. 1,OnlyOneOf (온리원오브),"57,048","57,048","지니뮤직, Stone Music Entertainment"
4,18,new,,STAYDOM,STAYC(스테이씨),"56,198","56,198",Kakao Entertainment
4,19,new,,SCENE26,이진혁,"53,248","53,248",Kakao Entertainment
4,20,up,4,LOVE YOURSELF 轉 `Tear`,방탄소년단,"50,767","114,942",YG PLUS
4,21,new,,Change,김재환,"49,877","49,877","지니뮤직, Stone Music Entertainment"
4,22,down,-8,Kick Back - The 3rd Mini Album (Kit),WayV,"48,448","86,236",Dreamus
4,23,up,14,LOVE YOURSELF 結 `Answer`,방탄소년단,"45,056","116,201",YG PLUS
4,24,down,-1,LOVE YOURSELF 承 `Her`,방탄소년단,"43,186","108,537",YG PLUS
4,25,new,,R (LP),로제 (ROSE),"42,814","42,814",YG PLUS
4,26,down,-19,BE,방탄소년단,"42,407","949,820",YG PLUS
4,27,up,2,MAP OF THE SOUL : PERSONA,방탄소년단,"42,038","106,005",YG PLUS
4,28,up,10,NCT #127 Neo Zone - The 2nd Album,NCT 127,"39,632","65,762","Dreamus, Caroline"
4,29,down,-23,Kick Back - The 3rd Mini Album,WayV,"37,012","263,547",Dreamus
4,30,new,,DISHARMONY : BREAK OUT,P1Harmony,"35,667","35,667",Kakao Entertainment
4,31,up,1,MAP OF THE SOUL : 7,방탄소년단,"35,188","99,031",YG PLUS
4,32,up,73,NCT #127 Regulate - The 1st Album Repackage,NCT 127,"29,984","34,918",Dreamus
4,33,down,-28,5th Album 'LILAC',아이유 (IU),"29,804","373,822",Kakao Entertainment
4,34,up,16,화양연화 Young Forever,방탄소년단,"26,743","68,602",YG PLUS
4,35,down,-1,WINGS,방탄소년단,"26,072","70,586",YG PLUS
4,36,new,,Temperature of Love,윤지성,"26,064","26,064","지니뮤직, Stone Music Entertainment"
4,37,down,-1,YOU NEVER WALK ALONE,방탄소년단,"24,968","68,200",YG PLUS
4,38,down,-30,LOVE or TAKE,펜타곤 (PENTAGON),"24,271","112,823",Kakao Entertainment
4,39,down,-37,The Renaissance - The 10th Album,슈퍼주니어 (Super Junior),"22,416","455,481",Dreamus
4,40,up,4,화양연화 pt.2,방탄소년단,"22,216","58,468",YG PLUS
4,41,new,,Awaken The World - The 1st Album,WayV,"19,998","19,995",Dreamus
4,42,new,,NCT #127 Limitless - The 2nd Mini Album,NCT 127,"19,982","34,971",Dreamus
4,43,down,-32,UNNATURAL,우주소녀,"19,812","92,026",Kakao Entertainment
4,44,up,7,minisode1 : Blue Hour,투모로우바이투게더,"19,308","51,338",YG PLUS
4,45,down,-41,ZERO : FEVER Part.2,ATEEZ (에이티즈),"19,139","399,850","지니뮤직, Stone Music Entertainment"
4,46,-,,화양연화 pt.1,방탄소년단,"17,276","45,891",YG PLUS
4,47,down,-38,Don`t Call Me - The 7th Album,샤이니 (SHINee),"15,512","296,961",Dreamus
4,48,down,-33,2nd Mini Album [A Better Tomorrow],DRIPPIN(드리핀),"15,174","47,597",Kakao Entertainment
4,49,down,-30,BORDER : DAY ONE,ENHYPEN,"14,974","74,048","지니뮤직, Stone Music Entertainment"
4,50,new,,LOVE SHOT - The 5th Album Repackage,EXO,"14,910","14,905",Dreamus
4,51,up,16,Dark & Wild,방탄소년단,"14,427","38,783",YG PLUS
4,52,down,-36,HIDEOUT: BE OUR VOICE - SEASON 3.,CRAVITY,"14,375","176,511",Kakao Entertainment
4,53,up,23,Skool Luv Affair,방탄소년단,"14,146","37,524",YG PLUS
4,54,new,,The Power Of Music - The 4th Album Repackage (Korean Ver.),EXO,"14,121","14,111",Dreamus
4,55,up,2,"O! RUL8 ,2?",방탄소년단,"14,086","37,808",YG PLUS
4,56,new,,INTERSECTION : TRACE,BAE173,"13,600","13,600",Kakao Entertainment
4,57,up,1,2 Cool 4 Skool,방탄소년단,"13,567","38,588",YG PLUS
4,58,down,-13,IN生,Stray Kids (스트레이 키즈),"13,427","46,418",Dreamus
4,59,new,,정규1집 리패키지 XOXO (Kiss Ver.),EXO,"13,136","13,135",Dreamus
4,60,new,,THE WAR - The 4th Album (Korean Ver.),EXO,"12,999","12,985",Dreamus
4,61,down,-40,We play,Weeekly (위클리),"12,985","37,990",Kakao Entertainment
4,62,down,-49,SERIES `O` [ROUND 1 : HALL],VERIVERY,"12,533","62,532","지니뮤직, Stone Music Entertainment"
4,63,new,,REVEAL,더보이즈(THE BOYZ),"11,974","26,990",Kakao Entertainment
4,64,down,-34,Into Violet,퍼플키스,"11,973","29,985",Kakao Entertainment
4,65,new,,4th MINI ALBUM [DreamLike],더보이즈(THE BOYZ),"11,961","25,848",Kakao Entertainment
4,66,up,31,안꿀려,싸이퍼(Ciipher),"10,855","16,745",Kakao Entertainment
4,67,up,8,THE FIRST STEP : TREASURE EFFECT,TREASURE (트레저),"10,814","290,907",YG PLUS
4,68,new,,LOVE ME RIGHT - The 2nd Album Repackage (Korean Ver.),EXO,"10,524","10,521",Dreamus
4,69,new,,Sing For You (Korean Ver.),EXO,"10,490","10,476",Dreamus
4,70,new,,XOXO (Kiss Ver.),EXO,"10,462","10,461",Dreamus
4,71,new,,`MAMA` EXO-K The 1st Mini Album,EXO-K,"10,404","10,403",Dreamus
4,72,new,,LOTTO - The 3rd Album Repackage (Korean Ver.),EXO,"10,404","10,402",Dreamus
4,73,new,,Reload,NCT DREAM,"10,001","23,515",Dreamus
4,74,new,,PAGE (Kit),강승윤,"10,000","10,000",YG PLUS
4,75,up,5,꿈의 장: MAGIC,투모로우바이투게더,"9,504","34,855",YG PLUS
4,76,new,,EXODUS (Korean Ver.),EXO,"9,484","9,468",Dreamus
4,77,up,2,꿈의 장: ETERNITY,투모로우바이투게더,"9,345","29,884",YG PLUS
4,78,new,,EX’ACT - The 3rd Album (Korean Ver.),EXO,"9,295","9,295",Dreamus
4,79,up,25,OBSESSION - The 6th Album,EXO,"9,187","14,158",Dreamus
4,80,up,10,꿈의 장: STAR,투모로우바이투게더,"9,161","28,309",YG PLUS
4,81,new,,"Universe - 겨울 스페셜 앨범, 2017",EXO,"9,032","9,480",Dreamus
4,82,down,-47,THE ALBUM,BLACKPINK,"8,919","105,905",YG PLUS
4,83,down,-34,GO生,Stray Kids (스트레이 키즈),"8,903","39,386",Dreamus
4,84,new,,IT'z ME,ITZY (있지),"8,819","8,721",Dreamus
4,85,down,-54,BEFORE SUNRISE Part. 2,T1419,"8,563","26,496",Sony Music
4,86,down,-12,Cle 1 : MIROH,Stray Kids (스트레이 키즈),"8,547","29,912",Dreamus
4,87,new,,IT`z ICY,ITZY (있지),"8,457","8,419",Dreamus
4,88,new,,"timeabout,",유키카 (YUKIKA),"8,446","8,446",YG PLUS
4,89,new,,12월의 기적 (Miracles in December) (Korean Ver.),EXO,"8,193","8,192",Dreamus
4,90,down,-27,7th Mini Album [GATEWAY],아스트로(ASTRO),"8,133","25,608",Kakao Entertainment
4,91,down,-22,Cle : LEVANTER,Stray Kids (스트레이 키즈),"7,751","30,260",Dreamus
4,92,down,-44,SQUARE UP,BLACKPINK,"7,604","30,946",YG PLUS
4,93,up,3,2nd Single Album [Bloom Bloom],더보이즈(THE BOYZ),"7,284","15,257",Kakao Entertainment
4,94,down,-33,I am NOT,Stray Kids (스트레이 키즈),"6,969","29,150",Dreamus
4,95,down,-4,7th Mini Album `헹가래`,세븐틴,"6,951","24,499",YG PLUS
4,96,down,-37,3RD ALBUM `An Ode`,세븐틴,"6,900","49,556",YG PLUS
4,97,up,55,What is Love?,TWICE,"6,879","17,853",Dreamus
4,98,new,,Hey Mama! - The 1st Mini Album,EXO-CBX (첸백시),"6,878","6,875",Dreamus
4,99,down,-59,KILL THIS LOVE,BLACKPINK,"6,838","40,854",YG PLUS
4,100,new,,Feel Special,TWICE,"6,633","17,064",Dreamus
5,1,new,,맛 (Hot Sauce) - The 1st Album,NCT DREAM,"1,995,091","1,995,091",Dreamus
5,2,new,,혼돈의 장 : FREEZE,투모로우바이투게더,"693,217","693,217",YG PLUS
5,3,new,,The Blowing,하이라이트(Highlight),"108,820","108,820",Kakao Entertainment
5,4,new,,BINARY CODE,원어스(ONEUS),"102,678","102,678",Kakao Entertainment
5,5,down,-4,BORDER : CARNIVAL,ENHYPEN,"100,485","622,621","지니뮤직, Stone Music Entertainment"
5,6,new,,Advice - The 3rd Mini Album,태민 (TAEMIN),"99,811","99,811",Dreamus
5,7,down,-2,GUESS WHO,ITZY (있지),"97,500","330,070",Dreamus
5,8,new,,Dear OHMYGIRL,오마이걸 (OH MY GIRL),"93,908","93,908",Sony Music
5,9,new,,Beautiful Night - The 4th Mini Album,예성 (YESUNG),"85,943","85,943",Dreamus
5,10,new,,NCT 2018 EMPATHY,NCT,"73,672","193,442",Dreamus
5,11,new,,My attitude,우주소녀 더 블랙 (WJSN THE BLACK),"65,994","65,994",Kakao Entertainment
5,12,new,,We Boom - The 3rd Mini Album,NCT DREAM,"64,526","124,449",Dreamus
5,13,up,32,ZERO : FEVER Part.2,ATEEZ (에이티즈),"62,968","462,818","지니뮤직, Stone Music Entertainment"
5,14,new,,NCT RESONANCE Pt. 2 - The 2nd Album (Kit),NCT,"59,973","114,384",Dreamus
5,15,new,,NCT #127 WE ARE SUPERHUMAN - The 4th Mini Album (Kit),NCT 127,"49,991","56,984",Dreamus
5,16,new,,The First - The 1st Single Album,NCT DREAM,"49,269","99,184",Dreamus
5,17,new,,9 WAY TICKET,프로미스나인,"48,962","48,962","지니뮤직, Stone Music Entertainment"
5,18,HOT,,NCT RESONANCE Pt. 2 - The 2nd Album,NCT,"44,110","355,634",Dreamus
5,19,new,,We Go Up - The 2nd Mini Album,NCT DREAM,"40,008","79,970",Dreamus
5,20,new,,Last Melody,EVERGLOW (에버글로우),"36,983","36,983","지니뮤직, Stone Music Entertainment"
5,21,new,,NCT #127 Neo Zone - The 2nd Album (Kit),NCT 127,"35,138","46,116",Dreamus
5,22,new,,NCT #127 Neo Zone The Final Round - The 2nd Album Repackage (Kit),NCT 127,"29,793","40,769",Dreamus
5,23,new,,We Boom - The 3rd Mini Album (Kit),NCT DREAM,"26,984","42,945",Dreamus
5,24,down,-16,Atlantis - The 7th Album Repackage,샤이니 (SHINee),"26,944","145,435",Dreamus
5,25,new,,Beautiful Night - The 4th Mini Album (TAPE),예성 (YESUNG),"26,439","26,439",Dreamus
5,26,up,1,MAP OF THE SOUL : PERSONA,방탄소년단,"25,370","131,375",YG PLUS
5,27,new,,Take Over The Moon - The 2nd Mini Album,WayV,"25,098","26,526",Dreamus
5,28,up,11,The Renaissance - The 10th Album,슈퍼주니어 (Super Junior),"24,682","480,163",Dreamus
5,29,up,44,Reload,NCT DREAM,"24,361","47,876",Dreamus
5,30,-,,DISHARMONY : BREAK OUT,P1Harmony,"24,034","59,701",Kakao Entertainment
5,31,new,,NCT #127 Regular-Irregular - The 1st Album,NCT 127,"23,787","28,347",Dreamus
5,32,down,-25,Like Water - The 1st Mini Album,웬디 (WENDY),"23,105","169,714",Dreamus
5,33,new,,RE:BORN,TO1 (티오원),"22,445","22,445","지니뮤직, Stone Music Entertainment"
5,34,up,62,3RD ALBUM `An Ode`,세븐틴,"20,608","70,164",YG PLUS
5,35,down,-15,LOVE YOURSELF 轉 `Tear`,방탄소년단,"20,047","134,989",YG PLUS
5,36,down,-13,LOVE YOURSELF 結 `Answer`,방탄소년단,"19,489","135,690",YG PLUS
5,37,down,-6,MAP OF THE SOUL : 7,방탄소년단,"18,355","117,386",YG PLUS
5,38,down,-14,LOVE YOURSELF 承 `Her`,방탄소년단,"18,333","126,870",YG PLUS
5,39,new,,Ring Ring,로켓펀치 (Rocket Punch),"18,203","18,203",Kakao Entertainment
5,40,down,-25,CITY OF ONF,온앤오프 (ONF),"15,621","78,455","지니뮤직, Stone Music Entertainment"
5,41,new,,Reload (Kit),NCT DREAM,"15,362","23,351",Dreamus
5,42,new,,ㅅ (시옷),성시경,"14,980","14,980",Kakao Entertainment
5,43,up,39,THE ALBUM,BLACKPINK,"13,227","119,132",YG PLUS
5,44,down,-26,STAYDOM,STAYC(스테이씨),"13,199","69,397",Kakao Entertainment
5,45,down,-11,화양연화 Young Forever,방탄소년단,"12,681","81,283",YG PLUS
5,46,down,-17,Kick Back - The 3rd Mini Album,WayV,"11,950","275,497",Dreamus
5,47,down,-12,WINGS,방탄소년단,"11,883","82,469",YG PLUS
5,48,down,-34,MO` COMPLETE : HAVE A DREAM,AB6IX (에이비식스),"11,158","83,304",Warner Music
5,49,down,-5,minisode1 : Blue Hour,투모로우바이투게더,"10,936","62,274",YG PLUS
5,50,new,,CHECK-IN,블리처스(BLITZERS),"10,665","10,665",NHN벅스
5,51,down,-11,화양연화 pt.2,방탄소년단,"10,364","68,832",YG PLUS
5,52,down,-3,BORDER : DAY ONE,ENHYPEN,"10,192","84,240","지니뮤직, Stone Music Entertainment"
5,53,down,-28,R (LP),로제 (ROSE),"9,704","52,518",YG PLUS
5,54,up,29,GO生,Stray Kids (스트레이 키즈),"9,669","49,055",Dreamus
5,55,up,44,KILL THIS LOVE,BLACKPINK,"9,642","50,496",YG PLUS
5,56,down,-1,"O! RUL8 ,2?",방탄소년단,"9,591","47,399",YG PLUS
5,57,down,-11,화양연화 pt.1,방탄소년단,"9,535","55,426",YG PLUS
5,58,down,-32,BE,방탄소년단,"9,496","959,316",YG PLUS
5,59,new,,WISH,woo!ah! (우아!),"9,096","9,096",Kakao Entertainment
5,60,down,-23,YOU NEVER WALK ALONE,방탄소년단,"8,991","77,191",YG PLUS
5,61,down,-8,Skool Luv Affair,방탄소년단,"8,351","45,875",YG PLUS
5,62,down,-4,IN生,Stray Kids (스트레이 키즈),"8,194","54,612",Dreamus
5,63,down,-6,2 Cool 4 Skool,방탄소년단,"7,926","46,514",YG PLUS
5,64,down,-8,INTERSECTION : TRACE,BAE173,"7,797","21,397",Kakao Entertainment
5,65,new,,Dry Flower,페노메코 (PENOMECO),"7,233","7,233",Dreamus
5,66,up,9,꿈의 장: MAGIC,투모로우바이투게더,"6,899","41,754",YG PLUS
5,67,new,,[+ +],이달의 소녀,"6,850","6,850",다날엔터테인먼트
5,68,down,-17,Dark & Wild,방탄소년단,"6,725","45,508",YG PLUS
5,69,down,-50,SCENE26,이진혁,"6,418","59,666",Kakao Entertainment
5,70,up,21,Cle : LEVANTER,Stray Kids (스트레이 키즈),"6,388","36,648",Dreamus
5,71,up,23,I am NOT,Stray Kids (스트레이 키즈),"5,915","35,065",Dreamus
5,72,up,30,I am YOU,Stray Kids (스트레이 키즈),"5,786","33,809",Dreamus
5,73,down,-6,THE FIRST STEP : TREASURE EFFECT,TREASURE (트레저),"5,693","296,600",YG PLUS
5,74,up,21,7th Mini Album `헹가래`,세븐틴,"5,662","30,161",YG PLUS
5,75,down,-13,SERIES `O` [ROUND 1 : HALL],VERIVERY,"5,647","68,179","지니뮤직, Stone Music Entertainment"
5,76,up,16,SQUARE UP,BLACKPINK,"5,502","36,448",YG PLUS
5,77,down,-65,R,로제 (ROSE),"5,146","473,027",YG PLUS
5,78,down,-45,5th Album 'LILAC',아이유 (IU),"5,047","378,869",Kakao Entertainment
5,79,new,,HAPPEN,헤이즈 (Heize),"5,000","5,000","지니뮤직, Stone Music Entertainment"
5,80,new,,CONMIGO,트라이비(TRI.BE),"4,989","4,989",Universal Music
5,81,new,,Like Water - The 1st Mini Album (LP),웬디 (WENDY),"4,900","4,900",Dreamus
5,82,down,-21,We play,Weeekly (위클리),"4,749","42,739",Kakao Entertainment
5,83,up,61,TREASURE EPILOGUE : Action To Answer,ATEEZ (에이티즈),"4,733","16,602","지니뮤직, Stone Music Entertainment"
5,84,new,,Oneiric Diary (幻想日記),IZ*ONE (아이즈원),"4,701","8,383","지니뮤직, Stone Music Entertainment"
5,85,up,48,3rd MINI ALBUM [THE ONLY],더보이즈(THE BOYZ),"4,622","16,828",Kakao Entertainment
5,86,new,,술잔,홍자,"4,594","4,594",Kakao Entertainment
5,87,new,,9컷 (LP),기리보이(Giriboy),"4,508","4,508",Kakao Entertainment
5,88,down,-2,Cle 1 : MIROH,Stray Kids (스트레이 키즈),"4,443","34,355",Dreamus
5,89,down,-9,꿈의 장: STAR,투모로우바이투게더,"4,401","32,710",YG PLUS
5,90,down,-79,Be My Reason,황치열,"4,329","88,925",Kakao Entertainment
5,91,new,,인생은 나쁜X,비비(BIBI),"4,257","4,257",Kakao Entertainment
5,92,new,,Cliche,"Kid Milli, dress","4,256","4,256",Kakao Entertainment
5,93,down,-6,IT`z ICY,ITZY (있지),"4,203","12,622",Dreamus
5,94,down,-17,꿈의 장: ETERNITY,투모로우바이투게더,"4,044","33,928",YG PLUS
5,95,down,-48,Don`t Call Me - The 7th Album,샤이니 (SHINee),"4,016","300,977",Dreamus
5,96,up,8,I am WHO,Stray Kids (스트레이 키즈),"3,967","31,417",Dreamus
5,97,up,61,5th MINI ALBUM [CHASE],더보이즈(THE BOYZ),"3,768","14,395",Kakao Entertainment
5,98,up,2,Feel Special,TWICE,"3,767","20,831",Dreamus
5,99,new,,KIMDONGRYUL LIVE 2019 오래된 노래 (LP),김동률,"3,650","3,650",Kakao Entertainment
5,100,down,-64,Temperature of Love,윤지성,"3,648","29,712","지니뮤직, Stone Music Entertainment"
6,1,new,,8th Mini Album `Your Choice`,세븐틴,"1,391,964","1,391,964",YG PLUS
6,2,new,,DON`T FIGHT THE FEELING - Special Album,EXO,"1,216,175","1,216,175",Dreamus
6,3,new,,Hello Future - The 1st Album Repackage,NCT DREAM,"869,086","869,086",Dreamus
6,4,new,,Taste of Love,TWICE,"522,876","522,876",Dreamus
6,5,new,,One Of A Kind,몬스타엑스,"305,808","305,808",Kakao Entertainment
6,6,new,,WAW,마마무 (Mamamoo),"130,680","130,680",Kakao Entertainment
6,7,new,,riBBon,뱀뱀 (BamBam),"103,156","103,156",Kakao Entertainment
6,8,new,,안녕 (Hello) - Special Album,조이 (JOY),"96,142","96,142",Dreamus
6,9,new,,WATERFALL,B.I,"95,000","95,000",Dreamus
6,10,down,-8,혼돈의 장 : FREEZE,투모로우바이투게더,"91,177","784,394",YG PLUS
6,11,new,,[&],이달의 소녀,"90,564","90,564",Kakao Entertainment
6,12,new,,MUST,2PM,"74,443","74,443",Dreamus
6,13,new,,IDENTITY : Action,위아이 (WEi),"73,250","73,250",Kakao Entertainment
6,14,new,,Summer Queen,브레이브걸스 (Brave Girls),"71,379","71,379",Kakao Entertainment
6,15,new,,Sneakers,하성운,"62,962","62,962",인터파크
6,16,new,,Fade,한승우,"58,020","58,020",Kakao Entertainment
6,17,down,-16,맛 (Hot Sauce) - The 1st Album,NCT DREAM,"53,951","2,049,042",Dreamus
6,18,new,,Man on the Moon,엔플라잉 (N.Flying),"52,974","52,974",Kakao Entertainment
6,19,new,,CONNECTION,업텐션 (UP10TION),"49,700","49,700",Kakao Entertainment
6,20,new,,SIREN : DAWN,A.C.E(에이스),"39,972","39,972",Kakao Entertainment
6,21,down,-8,ZERO : FEVER Part.2,ATEEZ (에이티즈),"39,332","502,150","지니뮤직, Stone Music Entertainment"
6,22,new,,Point Of View: U,유겸 (YUGYEOM),"38,813","38,813","지니뮤직, Stone Music Entertainment"
6,23,new,,1st EP Album `Bipolar Pt.1 불안의 서`,EPEX (이펙스),"37,427","37,427","지니뮤직, Stone Music Entertainment"
6,24,new,,BLACKPINK 2021 `THE SHOW` LIVE,BLACKPINK,"35,000","35,000",YG PLUS
6,25,new,,TREASURE EP.3 : One To All,ATEEZ (에이티즈),"34,017","34,008","지니뮤직, Stone Music Entertainment"
6,26,new,,TREASURE EP.FIN : All To Action,ATEEZ (에이티즈),"31,578","32,052","지니뮤직, Stone Music Entertainment"
6,27,up,8,LOVE YOURSELF 轉 `Tear`,방탄소년단,"29,057","164,046",YG PLUS
6,28,new,,Vanilla,LIGHTSUM,"27,897","27,897",Kakao Entertainment
6,29,up,7,LOVE YOURSELF 結 `Answer`,방탄소년단,"24,018","159,708",YG PLUS
6,30,new,,안녕 (Hello) - Special Album (TAPE),조이 (JOY),"23,850","23,850",Dreamus
6,31,down,-5,MAP OF THE SOUL : PERSONA,방탄소년단,"23,355","154,730",YG PLUS
6,32,down,-14,NCT RESONANCE Pt. 2 - The 2nd Album,NCT,"22,222","377,856",Dreamus
6,33,new,,1st Single Album [Free Pass],DRIPPIN(드리핀),"22,206","22,206",Kakao Entertainment
6,34,up,3,MAP OF THE SOUL : 7,방탄소년단,"21,308","138,694",YG PLUS
6,35,down,-29,Advice - The 3rd Mini Album,태민 (TAEMIN),"21,072","120,883",Dreamus
6,36,new,,ZERO : FEVER Part.1,ATEEZ (에이티즈),"20,360","20,646","지니뮤직, Stone Music Entertainment"
6,37,new,,TREASURE EP.1 : All To Zero,ATEEZ (에이티즈),"20,090","20,082","지니뮤직, Stone Music Entertainment"
6,38,new,,TREASURE EP.2 : Zero To One,ATEEZ (에이티즈),"18,655","18,652",지니뮤직
6,39,down,-6,RE:BORN,TO1 (티오원),"17,516","39,961","지니뮤직, Stone Music Entertainment"
6,40,down,-2,LOVE YOURSELF 承 `Her`,방탄소년단,"17,363","144,233",YG PLUS
6,41,down,-36,BORDER : CARNIVAL,ENHYPEN,"13,601","636,222","지니뮤직, Stone Music Entertainment"
6,42,up,5,WINGS,방탄소년단,"13,584","96,053",YG PLUS
6,43,up,17,YOU NEVER WALK ALONE,방탄소년단,"12,933","90,124",YG PLUS
6,44,up,18,IN生,Stray Kids (스트레이 키즈),"11,980","66,592",Dreamus
6,45,up,10,KILL THIS LOVE,BLACKPINK,"11,666","62,162",YG PLUS
6,46,down,-1,화양연화 Young Forever,방탄소년단,"11,384","92,667",YG PLUS
6,47,up,4,화양연화 pt.2,방탄소년단,"11,302","80,134",YG PLUS
6,48,down,-5,THE ALBUM,BLACKPINK,"11,124","130,256",YG PLUS
6,49,new,,NOW : When we are in Love,GHOST9,"11,040","11,040",NHN벅스
6,50,up,4,GO生,Stray Kids (스트레이 키즈),"10,942","59,997",Dreamus
6,51,up,7,BE,방탄소년단,"10,881","970,197",YG PLUS
6,52,down,-18,3RD ALBUM `An Ode`,세븐틴,"10,760","80,924",YG PLUS
6,53,new,,Planet Nine : Alter Ego,원위 (ONEWE),"10,745","10,745",Kakao Entertainment
6,54,down,-38,The First - The 1st Single Album,NCT DREAM,"10,389","109,573",Dreamus
6,55,down,-3,BORDER : DAY ONE,ENHYPEN,"10,201","94,441","지니뮤직, Stone Music Entertainment"
6,56,new,,The Classic Album (LP),김호중,"10,000","10,000",Warner Music
6,57,new,,우리家 (LP),김호중,"9,996","9,996",Kakao Entertainment
6,58,down,-1,화양연화 pt.1,방탄소년단,"9,745","65,171",YG PLUS
6,59,up,2,Skool Luv Affair,방탄소년단,"9,730","55,605",YG PLUS
6,60,down,-43,9 WAY TICKET,프로미스나인,"9,070","58,032","지니뮤직, Stone Music Entertainment"
6,61,down,-12,minisode1 : Blue Hour,투모로우바이투게더,"9,054","71,328",YG PLUS
6,62,new,,One Of A Kind (Kit),몬스타엑스,"8,925","8,925",Kakao Entertainment
6,63,down,-7,"O! RUL8 ,2?",방탄소년단,"8,920","56,319",YG PLUS
6,64,down,-44,Last Melody,EVERGLOW (에버글로우),"8,872","45,855","지니뮤직, Stone Music Entertainment"
6,65,new,,THE INTERSECTION : CONTACT,BDC,"8,681","8,681",Kakao Entertainment
6,66,new,,THE OTHER SIDE OF THE MOON,공원소녀(Girls in the Park),"8,626","8,626",Sony Music
6,67,new,,ISLAND,ASH ISLAND,"8,571","8,571","지니뮤직, Stone Music Entertainment"
6,68,down,-29,Ring Ring,로켓펀치 (Rocket Punch),"8,482","26,685",Kakao Entertainment
6,69,down,-29,CITY OF ONF,온앤오프 (ONF),"8,247","86,702","지니뮤직, Stone Music Entertainment"
6,70,down,-7,2 Cool 4 Skool,방탄소년단,"8,131","54,645",YG PLUS
6,71,down,-3,Dark & Wild,방탄소년단,"8,028","53,536",YG PLUS
6,72,down,-61,My attitude,우주소녀 더 블랙 (WJSN THE BLACK),"7,931","73,925",Kakao Entertainment
6,73,new,,The Volunteers,The Volunteers (더 발룬티어스),"7,758","7,758",Dreamus
6,74,new,,Gatcha!,LUCY,"7,515","7,515",Kakao Entertainment
6,75,new,,NCT #127 WE ARE SUPERHUMAN - The 4th Mini Album,NCT 127,"7,496","23,340",Dreamus
6,76,new,,NCT #127 Neo Zone - The 2nd Album,NCT 127,"7,462","73,175","Dreamus, Caroline"
6,77,down,-47,DISHARMONY : BREAK OUT,P1Harmony,"7,449","67,150",Kakao Entertainment
6,78,down,-8,Cle : LEVANTER,Stray Kids (스트레이 키즈),"7,367","44,015",Dreamus
6,79,down,-3,SQUARE UP,BLACKPINK,"7,248","43,696",YG PLUS
6,80,new,,1st Mini Album `VAMOS`,OMEGA X (오메가엑스),"7,142","7,142",Kakao Entertainment
6,81,new,,[&] (Kit),이달의 소녀,"6,736","6,736",Kakao Entertainment
6,82,down,-34,MO` COMPLETE : HAVE A DREAM,AB6IX (에이비식스),"6,497","89,801",Warner Music
6,83,-,,TREASURE EPILOGUE : Action To Answer,ATEEZ (에이티즈),"6,452","23,054","지니뮤직, Stone Music Entertainment"
6,84,down,-42,ㅅ (시옷),성시경,"6,396","21,376",Kakao Entertainment
6,85,down,-1,Oneiric Diary (幻想日記),IZ*ONE (아이즈원),"6,208","14,591","지니뮤직, Stone Music Entertainment"
6,86,down,-5,Like Water - The 1st Mini Album (LP),웬디 (WENDY),"6,100","11,000",Dreamus
6,87,down,-14,THE FIRST STEP : TREASURE EFFECT,TREASURE (트레저),"5,902","302,502",YG PLUS
6,88,down,-16,I am YOU,Stray Kids (스트레이 키즈),"5,857","39,666",Dreamus
6,89,up,8,5th MINI ALBUM [CHASE],더보이즈(THE BOYZ),"5,788","20,183",Kakao Entertainment
6,90,down,-1,꿈의 장: STAR,투모로우바이투게더,"5,675","38,385",YG PLUS
6,91,down,-3,Cle 1 : MIROH,Stray Kids (스트레이 키즈),"5,641","39,996",Dreamus
6,92,down,-33,WISH,woo!ah! (우아!),"5,574","14,670",Kakao Entertainment
6,93,new,,답장+remastered (LP+CD),김동률,"5,533","5,533",Kakao Entertainment
6,94,down,-82,We Boom - The 3rd Mini Album,NCT DREAM,"5,244","129,693",Dreamus
6,95,up,29,7th Mini Album [GATEWAY],아스트로(ASTRO),"5,127","32,980",Kakao Entertainment
6,96,down,-30,꿈의 장: MAGIC,투모로우바이투게더,"5,012","46,766",YG PLUS
6,97,down,-20,R,로제 (ROSE),"4,832","477,859",YG PLUS
6,98,down,-4,꿈의 장: ETERNITY,투모로우바이투게더,"4,647","38,575",YG PLUS
6,99,down,-28,I am NOT,Stray Kids (스트레이 키즈),"4,625","39,690",Dreamus
6,100,new,,오보에,양홍원,"4,301","4,301",Kakao Entertainment
7,1,new,,Butter,방탄소년단,"2,490,969","2,490,969",YG PLUS
7,2,new,,공감 - The 1st Mini Album,디오 (D.O.),"282,563","282,563",Dreamus
7,3,new,,Hello Future - The 1st Album Repackage (Kit),NCT DREAM,"268,252","268,252",Dreamus
7,4,new,,TURN OVER,SF9 (에스에프나인),"176,065","176,065",Kakao Entertainment
7,5,down,-2,Hello Future - The 1st Album Repackage,NCT DREAM,"108,750","977,836",Dreamus
7,6,new,,[Summer Holiday],드림캐쳐,"89,981","89,981",Sony Music
7,7,down,-5,DON`T FIGHT THE FEELING - Special Album,EXO,"84,162","1,300,337",Dreamus
7,8,down,-7,8th Mini Album `Your Choice`,세븐틴,"73,817","1,465,781",YG PLUS
7,9,new,,Right Through Me,DAY6 (Even of Day),"71,099","71,099",Dreamus
7,10,up,2,MUST,2PM,"66,657","141,100",Dreamus
7,11,new,,Windy,전소연,"38,717","38,717",Kakao Entertainment
7,12,down,-7,One Of A Kind,몬스타엑스,"36,557","342,365",Kakao Entertainment
7,13,up,28,BORDER : CARNIVAL,ENHYPEN,"28,558","664,780","지니뮤직, Stone Music Entertainment"
7,14,up,17,MAP OF THE SOUL : PERSONA,방탄소년단,"26,535","181,265",YG PLUS
7,15,up,12,LOVE YOURSELF 轉 `Tear`,방탄소년단,"25,812","189,858",YG PLUS
7,16,down,-5,[&],이달의 소녀,"24,574","115,138",Kakao Entertainment
7,17,up,12,LOVE YOURSELF 結 `Answer`,방탄소년단,"23,866","183,574",YG PLUS
7,18,up,16,MAP OF THE SOUL : 7,방탄소년단,"23,706","162,400",YG PLUS
7,19,down,-9,혼돈의 장 : FREEZE,투모로우바이투게더,"23,649","808,043",YG PLUS
7,20,new,,Wish,레떼아모르,"23,599","23,599",Kakao Entertainment
7,21,up,19,LOVE YOURSELF 承 `Her`,방탄소년단,"22,851","167,084",YG PLUS
7,22,new,,프리즘,라비던스,"19,693","19,693",Dreamus
7,23,new,,IITE COOL,DPR LIVE,"19,659","19,659",Kakao Entertainment
7,24,down,-11,IDENTITY : Action,위아이 (WEi),"16,640","89,890",Kakao Entertainment
7,25,down,-5,SIREN : DAWN,A.C.E(에이스),"15,829","55,801",Kakao Entertainment
7,26,up,17,YOU NEVER WALK ALONE,방탄소년단,"15,721","105,845",YG PLUS
7,27,up,6,1st Single Album [Free Pass],DRIPPIN(드리핀),"15,390","37,596",Kakao Entertainment
7,28,up,14,WINGS,방탄소년단,"15,360","111,413",YG PLUS
7,29,up,80,JUST BURN,JUST B (저스트비),"14,767","18,210",NHN벅스
7,30,up,25,BORDER : DAY ONE,ENHYPEN,"14,699","109,140","지니뮤직, Stone Music Entertainment"
7,31,up,30,minisode1 : Blue Hour,투모로우바이투게더,"14,510","85,838",YG PLUS
7,32,up,14,화양연화 Young Forever,방탄소년단,"14,264","106,931",YG PLUS
7,33,down,-29,Taste of Love,TWICE,"14,076","536,952",Dreamus
7,34,up,1,Advice - The 3rd Mini Album,태민 (TAEMIN),"14,021","134,904",Dreamus
7,35,new,,`The ReVe Festival` Finale,레드벨벳(Red Velvet),"13,449","49,435",Dreamus
7,36,up,8,IN生,Stray Kids (스트레이 키즈),"13,291","79,883",Dreamus
7,37,down,-9,Vanilla,LIGHTSUM,"13,246","41,143",Kakao Entertainment
7,38,up,13,BE,방탄소년단,"13,044","983,241",YG PLUS
7,39,down,-23,Fade,한승우,"12,958","70,978",Kakao Entertainment
7,40,up,7,화양연화 pt.2,방탄소년단,"12,881","93,015",YG PLUS
7,41,up,9,GO生,Stray Kids (스트레이 키즈),"12,702","72,699",Dreamus
7,42,down,-19,1st EP Album `Bipolar Pt.1 불안의 서`,EPEX (이펙스),"12,113","49,540","지니뮤직, Stone Music Entertainment"
7,43,new,,NEXT EPISODE,AKMU (악뮤),"11,552","11,552",YG PLUS
7,44,up,8,3RD ALBUM `An Ode`,세븐틴,"11,543","92,467",YG PLUS
7,45,new,,History Of Kingdom : PartⅡ. Chiwoo,KINGDOM (킹덤),"11,376","11,376",Warner Music
7,46,up,34,1st Mini Album `VAMOS`,OMEGA X (오메가엑스),"11,253","18,395",Kakao Entertainment
7,47,up,11,화양연화 pt.1,방탄소년단,"10,692","75,863",YG PLUS
7,48,up,15,"O! RUL8 ,2?",방탄소년단,"10,292","66,611",YG PLUS
7,49,new,,Summer Magic - Summer Mini Album,레드벨벳(Red Velvet),"10,000","9,997",Dreamus
7,50,new,,TURN OVER (Kit),SF9 (에스에프나인),"9,991","9,991",Kakao Entertainment
7,51,down,-44,riBBon,뱀뱀 (BamBam),"9,909","113,065",Kakao Entertainment
7,52,up,7,Skool Luv Affair,방탄소년단,"9,801","65,406",YG PLUS
7,53,new,,City Lights - The 1st Mini Album,백현 (BAEKHYUN),"9,785","24,819",Dreamus
7,54,up,17,Dark & Wild,방탄소년단,"9,509","63,045",YG PLUS
7,55,up,15,2 Cool 4 Skool,방탄소년단,"9,388","64,033",YG PLUS
7,56,up,18,Gatcha!,LUCY,"9,340","16,855",Kakao Entertainment
7,57,down,-9,THE ALBUM,BLACKPINK,"9,255","139,511",YG PLUS
7,58,down,-5,Planet Nine : Alter Ego,원위 (ONEWE),"9,152","19,897",Kakao Entertainment
7,59,new,,MAD,GOT7,"9,061","9,061",Dreamus
7,60,up,36,꿈의 장: MAGIC,투모로우바이투게더,"8,336","55,102",YG PLUS
7,61,down,-16,KILL THIS LOVE,BLACKPINK,"8,031","70,193",YG PLUS
7,62,new,,Identify,GOT7,"8,000","8,000",Dreamus
7,63,up,16,SQUARE UP,BLACKPINK,"7,133","50,829",YG PLUS
7,64,up,41,I am WHO,Stray Kids (스트레이 키즈),"7,083","42,349",Dreamus
7,65,down,-1,Last Melody,EVERGLOW (에버글로우),"7,079","52,934","지니뮤직, Stone Music Entertainment"
7,66,up,19,Oneiric Diary (幻想日記),IZ*ONE (아이즈원),"7,032","21,623","지니뮤직, Stone Music Entertainment"
7,67,up,11,Cle : LEVANTER,Stray Kids (스트레이 키즈),"7,019","51,034",Dreamus
7,68,down,-29,RE:BORN,TO1 (티오원),"6,674","46,635","지니뮤직, Stone Music Entertainment"
7,69,new,,Eyes On You,GOT7,"6,666","6,662",Dreamus
7,70,up,20,꿈의 장: STAR,투모로우바이투게더,"6,533","44,918",YG PLUS
7,71,new,,어느 날 우리 집 현관으로 멸망이 들어왔다 OST,Various Artists,"6,500","6,500",뮤직앤뉴
7,72,up,19,Cle 1 : MIROH,Stray Kids (스트레이 키즈),"6,446","46,442",Dreamus
7,73,up,31,Cle 2 : Yellow Wood,Stray Kids (스트레이 키즈),"6,120","34,527",Dreamus
7,74,new,,Just right,GOT7,"6,000","6,000",Dreamus
7,75,up,12,THE FIRST STEP : TREASURE EFFECT,TREASURE (트레저),"5,988","308,490",YG PLUS
7,76,up,22,꿈의 장: ETERNITY,투모로우바이투게더,"5,977","44,552",YG PLUS
7,77,down,-59,Man on the Moon,엔플라잉 (N.Flying),"5,971","58,945",Kakao Entertainment
7,78,up,11,5th MINI ALBUM [CHASE],더보이즈(THE BOYZ),"5,799","25,982",Kakao Entertainment
7,79,new,,Dream Part.02,아스트로(ASTRO),"5,798","8,796",Kakao Entertainment
7,80,new,,Dream Part.01,아스트로(ASTRO),"5,785","8,778",Kakao Entertainment
7,81,up,2,TREASURE EPILOGUE : Action To Answer,ATEEZ (에이티즈),"5,273","28,327","지니뮤직, Stone Music Entertainment"
7,82,up,6,I am YOU,Stray Kids (스트레이 키즈),"5,247","44,913",Dreamus
7,83,up,16,I am NOT,Stray Kids (스트레이 키즈),"5,119","44,809",Dreamus
7,84,down,-62,Point Of View: U,유겸 (YUGYEOM),"5,093","43,906","지니뮤직, Stone Music Entertainment"
7,85,new,,동행 remastered (LP+CD),김동률,"5,046","5,046",Kakao Entertainment
7,86,new,,FLIGHT LOG : ARRIVAL,GOT7,"4,997","4,996",Dreamus
7,87,new,,`The Story of Light` Epilogue - The 6th Album,샤이니 (SHINee),"4,965","4,960",Dreamus
7,88,new,,Be My Reason,황치열,"4,785","93,710",Kakao Entertainment
7,89,down,-80,WATERFALL,B.I,"4,678","99,678",Dreamus
7,90,new,,FLIGHT LOG : TURBULENCE,GOT7,"4,581","4,579",Dreamus
7,91,new,,DYE,GOT7,"4,578","4,550",Dreamus
7,92,new,,Present : YOU,GOT7,"4,543","7,220",Dreamus
7,93,up,55,BLOO IN WONDERLAND 2,블루 (BLOO),"4,500","6,200",Warner Music
7,94,new,,MAD Winter Edition,GOT7,"4,444","4,444",Dreamus
7,95,new,,GOT♡,GOT7,"4,383","4,383",Dreamus
7,96,up,32,MORE & MORE,TWICE,"4,379","22,179",Dreamus
7,97,up,50,7th Mini Album `헹가래`,세븐틴,"4,298","36,184",YG PLUS
7,98,up,10,Eyes wide open,TWICE,"4,296","39,482",Dreamus
7,99,down,-78,ZERO : FEVER Part.2,ATEEZ (에이티즈),"4,293","506,443","지니뮤직, Stone Music Entertainment"
7,100,down,-86,Summer Queen,브레이브걸스 (Brave Girls),"4,284","75,663",Kakao Entertainment
8,1,new,,NOEASY,Stray Kids (스트레이 키즈),"1,127,800","1,127,800",Dreamus
8,2,new,,혼돈의 장: FIGHT OR ESCAPE,투모로우바이투게더,"644,369","644,369",YG PLUS
8,3,new,,6TH MINI ALBUM [THRILL-ING],더보이즈(THE BOYZ),"615,991","615,991",Kakao Entertainment
8,4,new,,Queendom - The 6th Mini Album,레드벨벳(Red Velvet),"318,696","318,696",Dreamus
8,5,new,,SWITCH ON,아스트로(ASTRO),"297,322","297,322",Kakao Entertainment
8,6,down,-5,Butter,방탄소년단,"153,301","2,644,270",YG PLUS
8,7,new,,2nd Album [Game Changer],골든차일드,"148,177","148,177",Kakao Entertainment
8,8,new,,1ST ALBUM PART 1 [The Awakening: Written In The Stars],CRAVITY,"141,588","141,588",Kakao Entertainment
8,9,new,,1st Album OK Prologue : Be OK,CIX (씨아이엑스),"103,885","103,885",인터파크
8,10,new,,SUMMER POPUP ALBUM [POPPING],온앤오프 (ONF),"93,475","93,475",Sony Music
8,11,down,-9,공감 - The 1st Mini Album,디오 (D.O.),"87,449","370,012",Dreamus
8,12,up,3,LOVE YOURSELF 轉 `Tear`,방탄소년단,"76,146","266,004",YG PLUS
8,13,up,4,LOVE YOURSELF 結 `Answer`,방탄소년단,"73,573","257,147",YG PLUS
8,14,up,7,LOVE YOURSELF 承 `Her`,방탄소년단,"71,070","238,154",YG PLUS
8,15,new,,4U : OUTSIDE,비투비 (BTOB),"59,048","59,048",Kakao Entertainment
8,16,new,,SERIES `O`[ROUND 2: HOLE],VERIVERY,"55,944","55,944","지니뮤직, Stone Music Entertainment"
8,17,new,,My Collection,박지훈,"55,707","55,707",NHN벅스
8,18,new,,OPEN,권은비,"51,088","51,088",Kakao Entertainment
8,19,new,,Splash - MIRAE 2nd Mini Album,미래소년 (MIRAE),"49,900","49,900",Kakao Entertainment
8,20,new,,Play Game : Holiday,Weeekly (위클리),"42,802","42,802",Kakao Entertainment
8,21,new,,SOMO:FUME,JAY B,"40,000","40,000",Warner Music
8,22,down,-16,[Summer Holiday],드림캐쳐,"36,313","126,294",Sony Music
8,23,down,-19,TURN OVER,SF9 (에스에프나인),"32,818","208,883",Kakao Entertainment
8,24,down,-10,MAP OF THE SOUL : PERSONA,방탄소년단,"32,427","213,692",YG PLUS
8,25,new,,Select Shop,하성운,"31,395","31,395",인터파크
8,26,down,-13,BORDER : CARNIVAL,ENHYPEN,"28,606","693,386","지니뮤직, Stone Music Entertainment"
8,27,down,-9,MAP OF THE SOUL : 7,방탄소년단,"24,434","186,834",YG PLUS
8,28,new,,6분의1,선미,"24,420","24,420",Kakao Entertainment
8,29,new,,BEFORE SUNRISE Part. 3,T1419,"23,833","23,833",Sony Music
8,30,-,,BORDER : DAY ONE,ENHYPEN,"19,807","128,947","지니뮤직, Stone Music Entertainment"
8,31,down,-24,DON`T FIGHT THE FEELING - Special Album,EXO,"19,529","1,319,866",Dreamus
8,32,down,-7,SIREN : DAWN,A.C.E(에이스),"19,079","74,880",Kakao Entertainment
8,33,down,-2,minisode1 : Blue Hour,투모로우바이투게더,"18,343","104,181",YG PLUS
8,34,down,-15,혼돈의 장 : FREEZE,투모로우바이투게더,"17,385","825,428",YG PLUS
8,35,down,-3,화양연화 Young Forever,방탄소년단,"16,328","123,259",YG PLUS
8,36,new,,THE EARTH : SECRET MISSION Chapter.1,MCND,"15,576","15,576",Kakao Entertainment
8,37,new,,"The moment : 未成年, a minor.",김우진,"15,448","15,448","지니뮤직, Stone Music Entertainment"
8,38,new,,After `We Ride`,브레이브걸스 (Brave Girls),"15,404","15,404",Kakao Entertainment
8,39,down,-13,YOU NEVER WALK ALONE,방탄소년단,"15,298","121,143",YG PLUS
8,40,-,,화양연화 pt.2,방탄소년단,"15,145","108,160",YG PLUS
8,41,down,-36,Hello Future - The 1st Album Repackage,NCT DREAM,"14,953","992,789",Dreamus
8,42,up,19,KILL THIS LOVE,BLACKPINK,"14,926","85,119",YG PLUS
8,43,new,,환상의 나라,잔나비,"13,761","13,761",Kakao Entertainment
8,44,down,-16,WINGS,방탄소년단,"13,495","124,908",YG PLUS
8,45,down,-12,Taste of Love,TWICE,"12,291","549,243",Dreamus
8,46,down,-2,3RD ALBUM `An Ode`,세븐틴,"12,003","104,470",YG PLUS
8,47,up,5,Skool Luv Affair,방탄소년단,"11,971","77,377",YG PLUS
8,48,down,-1,화양연화 pt.1,방탄소년단,"11,639","87,502",YG PLUS
8,49,up,5,Dark & Wild,방탄소년단,"11,445","74,490",YG PLUS
8,50,up,5,2 Cool 4 Skool,방탄소년단,"11,245","75,278",YG PLUS
8,51,up,6,THE ALBUM,BLACKPINK,"10,964","150,475",YG PLUS
8,52,down,-14,BE,방탄소년단,"10,912","994,153",YG PLUS
8,53,down,-5,"O! RUL8 ,2?",방탄소년단,"10,896","77,507",YG PLUS
8,54,down,-38,[&],이달의 소녀,"10,319","125,457",Kakao Entertainment
8,55,down,-14,GO生,Stray Kids (스트레이 키즈),"9,912","82,611",Dreamus
8,56,down,-20,IN生,Stray Kids (스트레이 키즈),"9,667","89,550",Dreamus
8,57,new,,Beautiful Night - The 4th Mini Album (LP),예성 (YESUNG),"9,319","9,319",Dreamus
8,58,new,,`The ReVe Festival` Day 2,레드벨벳(Red Velvet),"8,631","8,539",Dreamus
8,59,up,16,THE FIRST STEP : TREASURE EFFECT,TREASURE (트레저),"7,951","316,441",YG PLUS
8,60,new,,안녕 (Hello) - Special Album (LP),조이 (JOY),"7,756","7,756",Dreamus
8,61,up,41,NCT #127 Neo Zone - The 2nd Album (Kit),NCT 127,"7,705","59,882",Dreamus
8,62,up,50,NCT RESONANCE Pt. 2 - The 2nd Album,NCT,"7,337","388,555",Dreamus
8,63,down,-51,One Of A Kind,몬스타엑스,"7,184","349,549",Kakao Entertainment
8,64,down,-4,꿈의 장: MAGIC,투모로우바이투게더,"6,414","61,516",YG PLUS
8,65,up,43,We Go Up - The 2nd Mini Album,NCT DREAM,"6,191","94,308",Dreamus
8,66,up,4,꿈의 장: STAR,투모로우바이투게더,"5,888","50,806",YG PLUS
8,67,-,,Cle : LEVANTER,Stray Kids (스트레이 키즈),"5,759","56,793",Dreamus
8,68,up,49,맛 (Hot Sauce) - The 1st Album,NCT DREAM,"5,744","2,057,854",Dreamus
8,69,up,32,R,로제 (ROSE),"5,305","487,225",YG PLUS
8,70,new,,Autumn story,아스트로(ASTRO),"5,000","7,999",인터파크
8,71,up,27,Eyes wide open,TWICE,"4,949","44,431",Dreamus
8,72,down,-8,I am WHO,Stray Kids (스트레이 키즈),"4,905","47,254",Dreamus
8,73,up,3,꿈의 장: ETERNITY,투모로우바이투게더,"4,901","49,453",YG PLUS
8,74,new,,뮤지컬 태양의 노래 OST (온유 ver),온유 (ONEW),"4,874","4,874",Universal Music
8,75,up,3,5th MINI ALBUM [CHASE],더보이즈(THE BOYZ),"4,841","30,823",Kakao Entertainment
8,76,up,7,I am NOT,Stray Kids (스트레이 키즈),"4,773","49,582",Dreamus
8,77,new,,Got it ?,GOT7,"4,760","4,760",Dreamus
8,78,up,19,7th Mini Album `헹가래`,세븐틴,"4,544","40,728",YG PLUS
8,79,new,,grayground.,GRAY (그레이),"4,500","4,500",Kakao Entertainment
8,80,down,-8,Cle 1 : MIROH,Stray Kids (스트레이 키즈),"4,490","50,932",Dreamus
8,81,down,-18,SQUARE UP,BLACKPINK,"4,441","55,270",YG PLUS
8,82,new,,kimdongrYULE remastered (LP+CD),김동률,"4,163","4,163",Kakao Entertainment
8,83,down,-1,I am YOU,Stray Kids (스트레이 키즈),"4,106","49,019",Dreamus
8,84,up,15,ZERO : FEVER Part.2,ATEEZ (에이티즈),"3,924","510,367","지니뮤직, Stone Music Entertainment"
8,85,up,29,SOLO,제니 (JENNIE),"3,906","37,556",YG PLUS
8,86,down,-20,Oneiric Diary (幻想日記),IZ*ONE (아이즈원),"3,843","25,466","지니뮤직, Stone Music Entertainment"
8,87,up,40,5th Album 'LILAC',아이유 (IU),"3,694","388,627",Kakao Entertainment
8,88,new,,1ST ALBUM PART 1 [The Awakening: Written In The Stars] (Kit),CRAVITY,"3,676","3,676",Kakao Entertainment
8,89,down,-16,Cle 2 : Yellow Wood,Stray Kids (스트레이 키즈),"3,554","38,081",Dreamus
8,90,up,28,Special Album '; [Semicolon]',세븐틴,"3,554","38,754",YG PLUS
8,91,up,25,IT`z ICY,ITZY (있지),"3,491","21,546",Dreamus
8,92,HOT,,MO` COMPLETE : HAVE A DREAM,AB6IX (에이비식스),"3,470","93,446",Warner Music
8,93,down,-40,City Lights - The 1st Mini Album,백현 (BAEKHYUN),"3,416","28,235",Dreamus
8,94,down,-65,JUST BURN,JUST B (저스트비),"3,395","21,605",NHN벅스
8,95,up,14,TREASURE EP.FIN : All To Action,ATEEZ (에이티즈),"3,111","39,010","지니뮤직, Stone Music Entertainment"
8,96,up,42,안녕 (Hello) - Special Album,조이 (JOY),"3,057","101,502",Dreamus
8,97,new,,Yellow Flower,마마무 (Mamamoo),"3,000","7,938",Kakao Entertainment
8,98,new,,WANT - The 2nd Mini Album (Kihno),태민 (TAEMIN),"3,000","3,000",Dreamus
8,99,new,,RED MOON,마마무 (Mamamoo),"2,999","7,997",Kakao Entertainment
8,100,new,,BLUE;S,마마무 (Mamamoo),"2,998","7,810",Kakao Entertainment
9,1,new,,Sticker - The 3rd Album,NCT 127,"2,277,575","2,277,575",Dreamus
9,2,new,,ZERO : FEVER Part.3,ATEEZ (에이티즈),"732,923","732,923","지니뮤직, Stone Music Entertainment"
9,3,new,,LALISA,리사 (LISA),"693,079","693,079",YG PLUS
9,4,new,,CRAZY IN LOVE,ITZY (있지),"335,610","335,610",Dreamus
9,5,up,1,Butter,방탄소년단,"230,804","2,875,074",YG PLUS
9,6,new,,STEREOTYPE,STAYC(스테이씨),"138,148","138,148",Kakao Entertainment
9,7,down,-6,NOEASY,Stray Kids (스트레이 키즈),"100,791","1,228,591",Dreamus
9,8,new,,BAD LOVE - The 1st Mini Album,키 (KEY),"100,372","100,372",Dreamus
9,9,new,,Blue Letter,원호 (WONHO),"63,718","63,718",Kakao Entertainment
9,10,new,,LALISA (Kit),리사 (LISA),"60,000","60,000",YG PLUS
9,11,up,10,SOMO:FUME,JAY B,"59,367","99,367",Warner Music
9,12,new,,Chocolate Box,양요섭,"55,399","55,399",Kakao Entertainment
9,13,down,-11,혼돈의 장: FIGHT OR ESCAPE,투모로우바이투게더,"53,993","698,362",YG PLUS
9,14,new,,Eternal,Young K,"51,673","51,673",Dreamus
9,15,new,,1st Single Album [WHAT`S GOIN` ON],OMEGA X (오메가엑스),"45,047","45,047",다날엔터테인먼트
9,16,new,,HIDE & SEEK,퍼플키스,"43,924","43,924",Kakao Entertainment
9,17,up,9,BORDER : CARNIVAL,ENHYPEN,"43,386","736,772","지니뮤직, Stone Music Entertainment"
9,18,down,-14,Queendom - The 6th Mini Album,레드벨벳(Red Velvet),"41,374","360,070",Dreamus
9,19,down,-7,LOVE YOURSELF 轉 `Tear`,방탄소년단,"41,227","307,231",YG PLUS
9,20,up,4,MAP OF THE SOUL : PERSONA,방탄소년단,"38,343","252,035",YG PLUS
9,21,down,-8,LOVE YOURSELF 結 `Answer`,방탄소년단,"37,701","294,848",YG PLUS
9,22,new,,Changer : Dear Eris,A.C.E(에이스),"36,284","36,284",Kakao Entertainment
9,23,down,-9,LOVE YOURSELF 承 `Her`,방탄소년단,"35,999","274,153",YG PLUS
9,24,up,3,MAP OF THE SOUL : 7,방탄소년단,"32,629","219,463",YG PLUS
9,25,new,,I SAY MAMAMOO: THE BEST,마마무 (Mamamoo),"29,996","29,996",Kakao Entertainment
9,26,new,,The Classic Album : NSQG,존 노,"27,954","27,954",Warner Music
9,27,new,,별[星],진해성,"27,285","27,285",Kakao Entertainment
9,28,new,,Talk & Talk,프로미스나인,"23,000","23,000",YG PLUS
9,29,down,-26,6TH MINI ALBUM [THRILL-ING],더보이즈(THE BOYZ),"22,564","638,555",Kakao Entertainment
9,30,HOT,,riBBon,뱀뱀 (BamBam),"20,479","134,057",Kakao Entertainment
9,31,up,13,WINGS,방탄소년단,"18,605","143,513",YG PLUS
9,32,new,,BLIND,싸이퍼(Ciipher),"18,324","18,324",Kakao Entertainment
9,33,up,6,YOU NEVER WALK ALONE,방탄소년단,"18,221","139,364",YG PLUS
9,34,up,1,화양연화 Young Forever,방탄소년단,"17,255","140,514",YG PLUS
9,35,down,-5,BORDER : DAY ONE,ENHYPEN,"17,031","145,978","지니뮤직, Stone Music Entertainment"
9,36,down,-21,4U : OUTSIDE,비투비 (BTOB),"16,921","75,969",Kakao Entertainment
9,37,up,3,화양연화 pt.2,방탄소년단,"16,518","124,678",YG PLUS
9,38,new,,1+1=1,현아 & 던,"14,824","14,824",Kakao Entertainment
9,39,up,7,3RD ALBUM `An Ode`,세븐틴,"13,764","118,234",YG PLUS
9,40,up,13,"O! RUL8 ,2?",방탄소년단,"13,590","91,097",YG PLUS
9,41,up,11,BE,방탄소년단,"13,423","1,007,576",YG PLUS
9,42,up,6,화양연화 pt.1,방탄소년단,"13,174","100,676",YG PLUS
9,43,down,-10,minisode1 : Blue Hour,투모로우바이투게더,"13,170","117,351",YG PLUS
9,44,down,-34,SUMMER POPUP ALBUM [POPPING],온앤오프 (ONF),"13,139","106,614",Sony Music
9,45,up,5,2 Cool 4 Skool,방탄소년단,"12,537","87,815",YG PLUS
9,46,down,-41,SWITCH ON,아스트로(ASTRO),"12,428","309,750",Kakao Entertainment
9,47,up,2,Dark & Wild,방탄소년단,"12,343","86,833",YG PLUS
9,48,new,,Beautiful Sunshine,이은상,"12,115","12,115",Kakao Entertainment
9,49,up,2,THE ALBUM,BLACKPINK,"11,902","162,377",YG PLUS
9,50,down,-14,THE EARTH : SECRET MISSION Chapter.1,MCND,"11,335","26,911",Kakao Entertainment
9,51,down,-4,Skool Luv Affair,방탄소년단,"11,006","88,383",YG PLUS
9,52,up,3,GO生,Stray Kids (스트레이 키즈),"10,470","93,081",Dreamus
9,53,up,18,Eyes wide open,TWICE,"10,224","54,655",Dreamus
9,54,new,,"알고있지만, OST",Various Artists,"10,075","10,075",Warner Music
9,55,up,1,IN生,Stray Kids (스트레이 키즈),"9,868","99,418",Dreamus
9,56,down,-22,혼돈의 장 : FREEZE,투모로우바이투게더,"9,802","835,230",YG PLUS
9,57,down,-15,KILL THIS LOVE,BLACKPINK,"9,151","94,270",YG PLUS
9,58,up,8,꿈의 장: STAR,투모로우바이투게더,"9,045","59,851",YG PLUS
9,59,down,-48,공감 - The 1st Mini Album,디오 (D.O.),"8,703","378,715",Dreamus
9,60,down,-37,TURN OVER,SF9 (에스에프나인),"8,318","217,201",Kakao Entertainment
9,61,new,,4 ONLY,이하이,"8,315","8,315","지니뮤직, Stone Music Entertainment"
9,62,down,-17,Taste of Love,TWICE,"8,146","557,389",Dreamus
9,63,down,-55,1ST ALBUM PART 1 [The Awakening: Written In The Stars],CRAVITY,"7,952","149,540",Kakao Entertainment
9,64,-,,꿈의 장: MAGIC,투모로우바이투게더,"7,941","69,457",YG PLUS
9,65,up,8,꿈의 장: ETERNITY,투모로우바이투게더,"7,696","57,149",YG PLUS
9,66,down,-25,Hello Future - The 1st Album Repackage,NCT DREAM,"7,692","1,000,481",Dreamus
9,67,up,14,SQUARE UP,BLACKPINK,"7,610","62,880",YG PLUS
9,68,up,1,R,로제 (ROSE),"7,561","494,786",YG PLUS
9,69,up,9,7th Mini Album `헹가래`,세븐틴,"7,398","48,126",YG PLUS
9,70,down,-54,SERIES `O`[ROUND 2: HOLE],VERIVERY,"7,265","63,209","지니뮤직, Stone Music Entertainment"
9,71,down,-53,OPEN,권은비,"7,095","58,183",Kakao Entertainment
9,72,up,13,SOLO,제니 (JENNIE),"6,268","43,824",YG PLUS
9,73,up,2,5th MINI ALBUM [CHASE],더보이즈(THE BOYZ),"6,194","37,017",Kakao Entertainment
9,74,down,-15,THE FIRST STEP : TREASURE EFFECT,TREASURE (트레저),"6,170","322,611",YG PLUS
9,75,down,-8,Cle : LEVANTER,Stray Kids (스트레이 키즈),"6,087","62,880",Dreamus
9,76,new,,Monologue remastered (LP+CD),김동률,"5,767","5,767",Kakao Entertainment
9,77,down,-9,맛 (Hot Sauce) - The 1st Album,NCT DREAM,"5,697","2,063,551",Dreamus
9,78,down,-16,NCT RESONANCE Pt. 2 - The 2nd Album,NCT,"5,457","394,012",Dreamus
9,79,down,-48,DON`T FIGHT THE FEELING - Special Album,EXO,"5,410","1,325,276",Dreamus
9,80,new,,쇼팽: 피아노 협주곡 2번 & 스케르초 (Deluxe),"Gianandrea Noseda, 조성진, London Symphony Orchestra","5,224","5,224",Universal Music
9,81,up,2,I am YOU,Stray Kids (스트레이 키즈),"5,193","54,212",Dreamus
9,82,down,-2,Cle 1 : MIROH,Stray Kids (스트레이 키즈),"5,139","56,071",Dreamus
9,83,down,-18,We Go Up - The 2nd Mini Album,NCT DREAM,"4,940","99,248",Dreamus
9,84,new,,Moments in beteween,넬 (Nell),"4,921","4,921",Kakao Entertainment
9,85,up,2,5th Album 'LILAC',아이유 (IU),"4,380","393,007",Kakao Entertainment
9,86,up,76,Dear OHMYGIRL,오마이걸 (OH MY GIRL),"4,152","105,997",Sony Music
9,87,down,-3,ZERO : FEVER Part.2,ATEEZ (에이티즈),"4,131","514,498","지니뮤직, Stone Music Entertainment"
9,88,down,-12,I am NOT,Stray Kids (스트레이 키즈),"4,049","53,631",Dreamus
9,89,new,,펜트하우스 OST,Various Artists,"4,005","4,005",Dreamus
9,90,down,-18,I am WHO,Stray Kids (스트레이 키즈),"3,918","51,172",Dreamus
9,91,up,45,Star To A Young Culture,STAYC(스테이씨),"3,763","16,990",Kakao Entertainment
9,92,down,-3,Cle 2 : Yellow Wood,Stray Kids (스트레이 키즈),"3,722","41,803",Dreamus
9,93,down,-3,Special Album '; [Semicolon]',세븐틴,"3,657","42,411",YG PLUS
9,94,up,24,STAYDOM,STAYC(스테이씨),"3,657","81,909",Kakao Entertainment
9,95,down,-75,Play Game : Holiday,Weeekly (위클리),"3,565","46,367",Kakao Entertainment
9,96,up,42,YES or YES,TWICE,"3,534","22,077",Dreamus
9,97,up,24,TREASURE EP.2 : Zero To One,ATEEZ (에이티즈),"3,466","28,080",지니뮤직
9,98,down,-7,IT`z ICY,ITZY (있지),"3,214","24,760",Dreamus
9,99,new,,THE CLAN pt.2.5 [BEAUTIFUL],몬스타엑스,"3,000","5,637",Kakao Entertainment
9,100,new,,CANVAS,준호,"3,000","3,346",Dreamus
10,1,new,,9th Mini Album `Attacca`,세븐틴,"1,968,829","1,968,829",YG PLUS
10,2,new,,DIMENSION : DILEMMA,ENHYPEN,"1,139,099","1,139,099","지니뮤직, Stone Music Entertainment"
10,3,new,,Favorite - The 3rd Album Repackage,NCT 127,"626,036","626,036",Dreamus
10,4,new,,Savage - The 1st Mini Album,aespa,"519,618","519,618",Dreamus
10,5,down,-1,CRAZY IN LOVE,ITZY (있지),"151,997","487,607",Dreamus
10,6,down,-5,Sticker - The 3rd Album,NCT 127,"113,618","2,391,193",Dreamus
10,7,new,,MO` COMPLETE,AB6IX (에이비식스),"101,604","101,604",Warner Music
10,8,new,,GLASSY,조유리,"84,133","84,133","지니뮤직, Stone Music Entertainment"
10,9,up,10,LOVE YOURSELF 轉 `Tear`,방탄소년단,"77,420","384,651",YG PLUS
10,10,new,,COLORS from Ars,영재 (Young Jae),"77,138","77,138",Kakao Entertainment
10,11,up,13,MAP OF THE SOUL : 7,방탄소년단,"73,144","292,607",YG PLUS
10,12,new,,..선물,이찬원,"70,803","70,803",뮤직앤뉴
10,13,up,10,LOVE YOURSELF 承 `Her`,방탄소년단,"65,312","339,465",YG PLUS
10,14,new,,2nd EP Album `Bipolar Pt.2 사랑의 서`,EPEX (이펙스),"56,750","56,750","지니뮤직, Stone Music Entertainment"
10,15,up,6,LOVE YOURSELF 結 `Answer`,방탄소년단,"55,435","350,283",YG PLUS
10,16,new,,Ctrl+V,이진혁,"52,725","52,725",Kakao Entertainment
10,17,new,,ONLY LOVERS LEFT,WOODZ (조승연),"52,500","52,500","지니뮤직, Stone Music Entertainment"
10,18,down,-13,Butter,방탄소년단,"51,682","2,926,756",YG PLUS
10,19,up,1,MAP OF THE SOUL : PERSONA,방탄소년단,"46,015","298,050",YG PLUS
10,20,new,,NCT RESONANCE Pt. 1 - The 2nd Album,NCT,"44,987","73,397",Dreamus
10,21,down,-14,NOEASY,Stray Kids (스트레이 키즈),"44,231","1,272,822",Dreamus
10,22,new,,DDARA,골든차일드,"37,927","37,927",Kakao Entertainment
10,23,new,,슬기로운 의사생활 시즌2 OST,Various Artists,"31,468","31,468","지니뮤직, Stone Music Entertainment"
10,24,new,,Favorite - The 3rd Album Repackage (Kit),NCT 127,"30,700","30,700",Dreamus
10,25,new,,TURBULENCE,엔플라잉 (N.Flying),"29,200","29,200",Kakao Entertainment
10,26,down,-1,I SAY MAMAMOO: THE BEST,마마무 (Mamamoo),"29,159","59,155",Kakao Entertainment
10,27,new,,With,남우현,"29,146","29,146",Kakao Entertainment
10,28,new,,SEAT-BELT,블리처스(BLITZERS),"28,883","28,883",NHN벅스
10,29,down,-16,혼돈의 장: FIGHT OR ESCAPE,투모로우바이투게더,"28,833","727,195",YG PLUS
10,30,new,,WANTED,씨엔블루(CNBLUE),"27,996","27,996",Kakao Entertainment
10,31,new,,9th Mini Album `Attacca` (Kit),세븐틴,"24,478","24,478",YG PLUS
10,32,new,,HOT&COLD,박지훈,"23,423","23,423",NHN벅스
10,33,down,-16,BORDER : CARNIVAL,ENHYPEN,"20,245","757,017","지니뮤직, Stone Music Entertainment"
10,34,new,,Light a Wish,LIGHTSUM,"20,170","20,170",Kakao Entertainment
10,35,new,,JUST BEAT,JUST B (저스트비),"19,591","19,591",NHN벅스
10,36,down,-28,BAD LOVE - The 1st Mini Album,키 (KEY),"19,463","119,835",Dreamus
10,37,up,65,Dark Dream,엘라스트 (E`LAST),"19,130","22,130",뮤직앤뉴
10,38,up,39,맛 (Hot Sauce) - The 1st Album,NCT DREAM,"17,716","2,081,267",Dreamus
10,39,down,-27,Chocolate Box,양요섭,"15,404","70,803",Kakao Entertainment
10,40,new,,Boys be LOUD,Various Artists,"15,372","15,372",Dreamus
10,41,up,15,혼돈의 장 : FREEZE,투모로우바이투게더,"15,135","850,365",YG PLUS
10,42,new,,History Of Kingdom : PartⅢ. Ivan,KINGDOM (킹덤),"14,405","14,405",Warner Music
10,43,down,-8,BORDER : DAY ONE,ENHYPEN,"14,096","160,074","지니뮤직, Stone Music Entertainment"
10,44,new,,ALPHA,CL,"12,959","12,959",Sony Music
10,45,new,,선물,백예린,"12,376","12,376",Dreamus
10,46,new,,감사,미스터트롯 TOP6,"12,280","12,280",Kakao Entertainment
10,47,down,-13,화양연화 Young Forever,방탄소년단,"11,907","152,421",YG PLUS
10,48,HOT,,`FOLLOW` : FIND YOU,몬스타엑스,"11,693","19,833",Kakao Entertainment
10,49,down,-34,1st Single Album [WHAT`S GOIN` ON],OMEGA X (오메가엑스),"11,656","56,703",다날엔터테인먼트
10,50,down,-1,THE ALBUM,BLACKPINK,"11,291","173,668",YG PLUS
10,51,up,12,1ST ALBUM PART 1 [The Awakening: Written In The Stars],CRAVITY,"10,941","160,481",Kakao Entertainment
10,52,down,-46,STEREOTYPE,STAYC(스테이씨),"10,918","149,066",Kakao Entertainment
10,53,down,-20,YOU NEVER WALK ALONE,방탄소년단,"10,876","150,240",YG PLUS
10,54,up,1,IN生,Stray Kids (스트레이 키즈),"10,738","110,156",Dreamus
10,55,down,-46,Blue Letter,원호 (WONHO),"10,690","74,408",Kakao Entertainment
10,56,down,-15,BE,방탄소년단,"10,394","1,017,970",YG PLUS
10,57,down,-26,WINGS,방탄소년단,"10,040","153,553",YG PLUS
10,58,new,,BAD LOVE - The 1st Mini Album (TAPE),키 (KEY),"10,000","10,000",Dreamus
10,59,new,,갯마을 차차차 OST,Various Artists,"10,000","10,000","지니뮤직, Stone Music Entertainment"
10,60,down,-57,LALISA,리사 (LISA),"9,844","702,923",YG PLUS
10,61,new,,DONT FIGHT THE FEELING - Special Album (LP),EXO,"9,406","9,406",Dreamus
10,62,down,-23,3RD ALBUM `An Ode`,세븐틴,"8,944","127,178",YG PLUS
10,63,down,-16,Dark & Wild,방탄소년단,"8,919","95,752",YG PLUS
10,64,down,-27,화양연화 pt.2,방탄소년단,"8,751","133,429",YG PLUS
10,65,down,-22,minisode1 : Blue Hour,투모로우바이투게더,"8,628","125,979",YG PLUS
10,66,down,-26,"O! RUL8 ,2?",방탄소년단,"8,358","99,455",YG PLUS
10,67,down,-16,Skool Luv Affair,방탄소년단,"8,297","96,680",YG PLUS
10,68,new,,Fatal Love,몬스타엑스,"7,998","16,123",Kakao Entertainment
10,69,down,-3,Hello Future - The 1st Album Repackage,NCT DREAM,"7,912","1,008,393",Dreamus
10,70,new,,VENI VIDI VICI,트라이비(TRI.BE),"7,885","7,885",Universal Music
10,71,down,-29,화양연화 pt.1,방탄소년단,"7,620","108,296",YG PLUS
10,72,new,,BLAZE (Kit),도한세,"7,589","7,589",Kakao Entertainment
10,73,up,62,Mixtape,Stray Kids (스트레이 키즈),"7,452","36,177",Dreamus
10,74,up,7,I am YOU,Stray Kids (스트레이 키즈),"7,201","61,413",Dreamus
10,75,down,-39,4U : OUTSIDE,비투비 (BTOB),"7,136","83,105",Kakao Entertainment
10,76,down,-19,KILL THIS LOVE,BLACKPINK,"7,052","101,322",YG PLUS
10,77,down,-32,2 Cool 4 Skool,방탄소년단,"6,920","94,735",YG PLUS
10,78,down,-8,SERIES `O`[ROUND 2: HOLE],VERIVERY,"6,760","69,969","지니뮤직, Stone Music Entertainment"
10,79,new,,Fairyforest : Temptation,PIXY (픽시),"6,250","6,250",지니뮤직
10,80,new,,Fire Saturday,SECRET NUMBER (시크릿넘버),"5,999","5,999",Kakao Entertainment
10,81,down,-49,BLIND,싸이퍼(Ciipher),"5,940","24,264",Kakao Entertainment
10,82,down,-30,GO生,Stray Kids (스트레이 키즈),"5,752","98,833",Dreamus
10,83,down,-10,5th MINI ALBUM [CHASE],더보이즈(THE BOYZ),"5,523","42,540",Kakao Entertainment
10,84,down,-20,꿈의 장: MAGIC,투모로우바이투게더,"5,263","74,720",YG PLUS
10,85,down,-41,SUMMER POPUP ALBUM [POPPING],온앤오프 (ONF),"5,261","111,875",Sony Music
10,86,down,-14,SOLO,제니 (JENNIE),"5,033","48,857",YG PLUS
10,87,new,,avante,기리보이(Giriboy),"5,000","5,000",Kakao Entertainment
10,88,down,-30,꿈의 장: STAR,투모로우바이투게더,"4,954","64,805",YG PLUS
10,89,down,-22,SQUARE UP,BLACKPINK,"4,836","67,716",YG PLUS
10,90,new,,1집+1집 마무리 (LP),버스커버스커,"4,690","7,800",지니뮤직
10,91,down,-26,꿈의 장: ETERNITY,투모로우바이투게더,"4,671","61,820",YG PLUS
10,92,down,-78,Eternal,Young K,"4,601","56,274",Dreamus
10,93,down,-25,R,로제 (ROSE),"4,539","499,325",YG PLUS
10,94,down,-41,Eyes wide open,TWICE,"4,516","59,171",Dreamus
10,95,up,48,ZERO : FEVER Part.1,ATEEZ (에이티즈),"4,252","30,044","지니뮤직, Stone Music Entertainment"
10,96,new,,Hello,마마무 (Mamamoo),"4,000","3,976","지니뮤직, Stone Music Entertainment"
10,97,new,,Melting,마마무 (Mamamoo),"4,000","3,994","지니뮤직, Stone Music Entertainment"
10,98,new,,MEMORY,마마무 (Mamamoo),"4,000","3,997","지니뮤직, Stone Music Entertainment"
10,99,down,-5,STAYDOM,STAYC(스테이씨),"3,949","85,858",Kakao Entertainment
10,100,down,-10,I am WHO,Stray Kids (스트레이 키즈),"3,897","55,069",Dreamus
11,1,new,,Christmas EveL,Stray Kids (스트레이 키즈),"654,658","654,658",Dreamus
11,2,new,,Formula of Love: O+T=<3,TWICE,"632,506","632,506",Dreamus
11,3,new,,3rd Single Album [MAVERICK],더보이즈(THE BOYZ),"627,987","627,987",Kakao Entertainment
11,4,new,,NO LIMIT,몬스타엑스,"399,830","399,830",Kakao Entertainment
11,5,down,-2,Favorite - The 3rd Album Repackage,NCT 127,"293,401","919,437",Dreamus
11,6,up,18,Favorite - The 3rd Album Repackage (Kit),NCT 127,"201,258","231,958",Dreamus
11,7,new,,RUMINATION,SF9 (에스에프나인),"179,581","179,581",Kakao Entertainment
11,8,new,,BLOOD MOON ,원어스(ONEUS),"175,287","175,287",Kakao Entertainment
11,9,new,,Peaches - The 2nd Mini Album,카이 (KAI),"129,919","129,919",Dreamus
11,10,new,,"그리움, 아낌없이 주는 나무",정동원,"129,119","129,119",Kakao Entertainment
11,11,new,,COUNTDOWN - The 1st Album (COUNTDOWN Ver.),SUPER JUNIOR-D&E (동해&은혁),"78,644","78,644",Dreamus
11,12,new,,COUNTDOWN - The 1st Album (be Ver.),SUPER JUNIOR-D&E (동해&은혁),"78,045","78,045",Dreamus
11,13,new,,COUNTDOWN - The 1st Album (California Love Ver.),SUPER JUNIOR-D&E (동해&은혁),"77,203","77,203",Dreamus
11,14,down,-13,9th Mini Album `Attacca`,세븐틴,"65,784","2,034,613",YG PLUS
11,15,new,,폐허가 된다 해도,이승윤,"61,558","61,558",Kakao Entertainment
11,16,new,,XOXO,전소미,"55,223","55,223",YG PLUS
11,17,new,,COSMOS,B.I,"52,439","52,439",Dreamus
11,18,new,,Re:T-ARA,티아라 (T-ara),"49,300","49,300",Dreamus
11,19,down,-17,DIMENSION : DILEMMA,ENHYPEN,"42,862","1,181,961","지니뮤직, Stone Music Entertainment"
11,20,new,,Not Friends Special Edition ,이달의 소녀,"41,421","41,421",Kakao Entertainment
11,21,down,-15,Sticker - The 3rd Album,NCT 127,"40,802","2,431,995",Dreamus
11,22,down,-10,..선물,이찬원,"40,584","111,387",뮤직앤뉴
11,23,down,-9,2nd EP Album `Bipolar Pt.2 사랑의 서`,EPEX (이펙스),"39,011","95,761","지니뮤직, Stone Music Entertainment"
11,24,new,,RE:ALIZE,TO1 (티오원),"34,868","34,868","지니뮤직, Stone Music Entertainment"
11,25,down,-16,LOVE YOURSELF 轉 `Tear`,방탄소년단,"34,131","418,782",YG PLUS
11,26,down,-11,LOVE YOURSELF 結 `Answer`,방탄소년단,"31,850","382,133",YG PLUS
11,27,new,,Guilty Pleasure,화사,"30,359","30,359",Kakao Entertainment
11,28,down,-24,Savage - The 1st Mini Album,aespa,"29,515","549,133",Dreamus
11,29,down,-11,Butter,방탄소년단,"29,234","2,955,990",YG PLUS
11,30,down,-11,MAP OF THE SOUL : PERSONA,방탄소년단,"27,624","325,674",YG PLUS
11,31,down,-18,LOVE YOURSELF 承 `Her`,방탄소년단,"25,494","364,959",YG PLUS
11,32,down,-21,MAP OF THE SOUL : 7,방탄소년단,"22,359","314,966",YG PLUS
11,33,down,-1,HOT&COLD,박지훈,"19,290","42,713",NHN벅스
11,34,up,30,화양연화 pt.2,방탄소년단,"17,922","151,351",YG PLUS
11,35,down,-6,혼돈의 장: FIGHT OR ESCAPE,투모로우바이투게더,"17,761","744,956",YG PLUS
11,36,up,17,YOU NEVER WALK ALONE,방탄소년단,"17,213","167,453",YG PLUS
11,37,up,20,WINGS,방탄소년단,"16,463","170,016",YG PLUS
11,38,up,5,BORDER : DAY ONE,ENHYPEN,"15,391","175,465","지니뮤직, Stone Music Entertainment"
11,39,down,-6,BORDER : CARNIVAL,ENHYPEN,"15,294","772,311","지니뮤직, Stone Music Entertainment"
11,40,up,25,minisode1 : Blue Hour,투모로우바이투게더,"15,163","141,142",YG PLUS
11,41,new,,Electrified : Urban Nostalgia,하성운,"15,080","15,080",인터파크
11,42,new,,the Billage of perception : chapter one,Billlie,"14,729","14,729",Kakao Entertainment
11,43,up,4,화양연화 Young Forever,방탄소년단,"14,282","166,703",YG PLUS
11,44,up,22,"O! RUL8 ,2?",방탄소년단,"14,253","113,708",YG PLUS
11,45,up,26,화양연화 pt.1,방탄소년단,"14,168","122,464",YG PLUS
11,46,up,17,Dark & Wild,방탄소년단,"13,360","109,112",YG PLUS
11,47,down,-26,NOEASY,Stray Kids (스트레이 키즈),"12,977","1,285,799",Dreamus
11,48,up,8,BE,방탄소년단,"12,711","1,030,681",YG PLUS
11,49,up,18,Skool Luv Affair,방탄소년단,"12,604","109,284",YG PLUS
11,50,new,,Purple,마마무 (Mamamoo),"12,512","12,498",Stone Music Entertainment
11,51,up,26,2 Cool 4 Skool,방탄소년단,"11,816","106,551",YG PLUS
11,52,up,26,SERIES `O`[ROUND 2: HOLE],VERIVERY,"11,628","81,597","지니뮤직, Stone Music Entertainment"
11,53,new,,I AM ME.,위키미키 (Weki Meki),"11,377","11,377",Kakao Entertainment
11,54,down,-3,1ST ALBUM PART 1 [The Awakening: Written In The Stars],CRAVITY,"10,507","170,988",Kakao Entertainment
11,55,new,,NO LIMIT (Kit),몬스타엑스,"10,000","10,000",Kakao Entertainment
11,56,up,37,R,로제 (ROSE),"9,592","508,917",YG PLUS
11,57,down,-5,STEREOTYPE,STAYC(스테이씨),"9,119","158,185",Kakao Entertainment
11,58,up,65,I am NOT,Stray Kids (스트레이 키즈),"8,924","64,738",Dreamus
11,59,down,-18,혼돈의 장 : FREEZE,투모로우바이투게더,"8,788","859,153",YG PLUS
11,60,down,-25,JUST BEAT,JUST B (저스트비),"8,630","28,221",NHN벅스
11,61,up,15,KILL THIS LOVE,BLACKPINK,"8,554","109,876",YG PLUS
11,62,-,,3RD ALBUM `An Ode`,세븐틴,"8,458","135,636",YG PLUS
11,63,new,,Killing Me,청하,"8,264","8,264","지니뮤직, Stone Music Entertainment"
11,64,down,-30,Light a Wish,LIGHTSUM,"8,246","28,416",Kakao Entertainment
11,65,down,-15,THE ALBUM,BLACKPINK,"7,867","181,535",YG PLUS
11,66,up,42,Cle 1 : MIROH,Stray Kids (스트레이 키즈),"7,838","66,953",Dreamus
11,67,down,-31,BAD LOVE - The 1st Mini Album,키 (KEY),"7,804","127,639",Dreamus
11,68,new,,6th Album `END THEORY`,윤하,"7,421","7,421",Kakao Entertainment
11,69,down,-31,맛 (Hot Sauce) - The 1st Album,NCT DREAM,"7,388","2,088,655",Dreamus
11,70,down,-1,Hello Future - The 1st Album Repackage,NCT DREAM,"7,156","1,015,549",Dreamus
11,71,new,,ID: PITTA,PITTA (강형호),"6,780","6,780",Universal Music
11,72,up,10,GO生,Stray Kids (스트레이 키즈),"6,727","105,560",Dreamus
11,73,new,,NOW : Who we are facing,GHOST9,"6,673","6,673",NHN벅스
11,74,down,-15,갯마을 차차차 OST,Various Artists,"6,401","16,401","지니뮤직, Stone Music Entertainment"
11,75,new,,BLOSSOM,라붐 (LABOUM),"6,292","6,292",인터파크
11,76,up,27,Cle : LEVANTER,Stray Kids (스트레이 키즈),"6,227","72,584",Dreamus
11,77,down,-23,IN生,Stray Kids (스트레이 키즈),"6,184","116,340",Dreamus
11,78,up,6,꿈의 장: MAGIC,투모로우바이투게더,"6,138","80,858",YG PLUS
11,79,up,40,Cle 2 : Yellow Wood,Stray Kids (스트레이 키즈),"6,128","50,279",Dreamus
11,80,up,14,Eyes wide open,TWICE,"6,078","65,249",Dreamus
11,81,new,,스트릿 우먼 파이터(SWF) Special,Various Artists,"6,069","6,069","지니뮤직, Stone Music Entertainment"
11,82,new,,Be My Reason,황치열,"5,799","99,509",Kakao Entertainment
11,83,new,,RUMINATION (Kit),SF9 (에스에프나인),"5,760","5,760",Kakao Entertainment
11,84,down,-45,Chocolate Box,양요섭,"5,691","76,494",Kakao Entertainment
11,85,new,,Ballad 21 F/W,2am,"5,530","5,530","지니뮤직, Stone Music Entertainment"
11,86,up,3,SQUARE UP,BLACKPINK,"5,455","73,171",YG PLUS
11,87,down,-29,BAD LOVE - The 1st Mini Album (TAPE),키 (KEY),"5,038","15,038",Dreamus
11,88,down,-80,GLASSY,조유리,"5,035","89,168","지니뮤직, Stone Music Entertainment"
11,89,new,,MOON AND BACK ,블루 (BLOO),"5,000","5,000",Warner Music
11,90,up,79,YOU COMPLETE ME,온앤오프 (ONF),"4,742","7,738","지니뮤직, Stone Music Entertainment"
11,91,down,-3,꿈의 장: STAR,투모로우바이투게더,"4,699","69,504",YG PLUS
11,92,down,-1,꿈의 장: ETERNITY,투모로우바이투게더,"4,507","66,327",YG PLUS
11,93,down,-71,DDARA,골든차일드,"4,505","42,432",Kakao Entertainment
11,94,up,35,bugAboo,bugAboo (버가부),"4,484","6,481",Kakao Entertainment
11,95,down,-40,Blue Letter,원호 (WONHO),"4,350","78,758",Kakao Entertainment
11,96,up,3,STAYDOM,STAYC(스테이씨),"4,284","90,142",Kakao Entertainment
11,97,up,16,Rollercoaster,다크비(DKB),"4,226","6,951",지니뮤직
11,98,new,,cignature 2nd EP Album `Dear Diary Moment`,시그니처 (cignature),"4,199","4,199","지니뮤직, Stone Music Entertainment"
11,99,up,3,`The ReVe Festival` Day 1,레드벨벳(Red Velvet),"4,035","21,270",Dreamus
11,100,down,-14,SOLO,제니 (JENNIE),"3,901","52,758",YG PLUS
12,1,new,,Universe - The 3rd Album,NCT,"1,630,715","1,630,715",Dreamus
12,2,new,,ZERO: FEVER EPILOGUE,ATEEZ (에이티즈),"407,165","407,165","지니뮤직, Stone Music Entertainment"
12,3,new,,ELEVEN,IVE (아이브),"268,396","268,396",Kakao Entertainment
12,4,up,5,Peaches - The 2nd Mini Album,카이 (KAI),"135,282","265,201",Dreamus
12,5,new,,6TH MINI ALBUM [Goosebumps],온앤오프 (ONF),"109,805","109,805",Sony Music
12,6,new,,Formula of Love: O+T=<3 (Result File Ver.),TWICE,"93,911","93,911",Dreamus
12,7,new,,,MINO (송민호),"90,585","90,585",YG PLUS
12,8,down,-7,Christmas EveL,Stray Kids (스트레이 키즈),"88,389","743,047",Dreamus
12,9,new,,2021 Winter SMTOWN : SMCU EXPRESS,SMTOWN,"85,674","85,674",Dreamus
12,10,down,-8,Formula of Love: O+T=<3,TWICE,"82,449","714,955",Dreamus
12,11,up,18,Butter,방탄소년단,"43,417","2,999,407",YG PLUS
12,12,new,,Return of The Girl,EVERGLOW (에버글로우),"40,809","40,809","지니뮤직, Stone Music Entertainment"
12,13,up,12,LOVE YOURSELF 轉 `Tear`,방탄소년단,"39,268","458,050",YG PLUS
12,14,up,16,MAP OF THE SOUL : PERSONA,방탄소년단,"32,480","358,154",YG PLUS
12,15,up,17,MAP OF THE SOUL : 7,방탄소년단,"30,226","345,192",YG PLUS
12,16,up,19,혼돈의 장: FIGHT OR ESCAPE,투모로우바이투게더,"30,165","775,121",YG PLUS
12,17,up,9,LOVE YOURSELF 結 `Answer`,방탄소년단,"29,689","411,822",YG PLUS
12,18,new,,BLUE,LUCY,"27,291","27,291",Kakao Entertainment
12,19,new,,THE LETTER,김재환,"26,880","26,880","지니뮤직, Stone Music Entertainment"
12,20,up,11,LOVE YOURSELF 承 `Her`,방탄소년단,"26,201","391,160",YG PLUS
12,21,up,7,Savage - The 1st Mini Album,aespa,"25,312","574,445",Dreamus
12,22,down,-18,NO LIMIT,몬스타엑스,"24,788","424,618",Kakao Entertainment
12,23,down,-9,9th Mini Album `Attacca`,세븐틴,"24,460","2,059,073",YG PLUS
12,24,down,-5,DIMENSION : DILEMMA,ENHYPEN,"23,988","1,205,949","지니뮤직, Stone Music Entertainment"
12,25,up,15,minisode1 : Blue Hour,투모로우바이투게더,"20,737","161,879",YG PLUS
12,26,up,17,화양연화 Young Forever,방탄소년단,"19,892","186,595",YG PLUS
12,27,new,,COUNTDOWN - ZERO ver. (Epilogue),SUPER JUNIOR-D&E (동해&은혁),"19,694","19,694",Dreamus
12,28,up,20,BE,방탄소년단,"18,815","1,049,496",YG PLUS
12,29,up,30,혼돈의 장 : FREEZE,투모로우바이투게더,"18,764","877,917",YG PLUS
12,30,new,,Eclipse (Trilogy Ⅲ. Vincere),라포엠 (LA POEM),"17,857","17,857",Dreamus
12,31,up,31,3RD ALBUM `An Ode`,세븐틴,"17,437","153,073",YG PLUS
12,32,up,15,NOEASY,Stray Kids (스트레이 키즈),"17,307","1,303,106",Dreamus
12,33,new,,LOCK UP,FTISLAND (FT 아일랜드),"17,131","17,131",Kakao Entertainment
12,34,up,2,YOU NEVER WALK ALONE,방탄소년단,"16,945","184,398",YG PLUS
12,35,up,4,BORDER : CARNIVAL,ENHYPEN,"16,140","788,451","지니뮤직, Stone Music Entertainment"
12,36,down,-31,Favorite - The 3rd Album Repackage,NCT 127,"15,549","934,986",Dreamus
12,37,down,-27,"그리움, 아낌없이 주는 나무",정동원,"15,457","144,576",Kakao Entertainment
12,38,new,,LALISA (LP),리사 (LISA),"15,444","15,444",YG PLUS
12,39,down,-5,화양연화 pt.2,방탄소년단,"15,215","166,566",YG PLUS
12,40,down,-3,WINGS,방탄소년단,"14,402","184,418",YG PLUS
12,41,down,-38,3rd Single Album [MAVERICK],더보이즈(THE BOYZ),"14,382","642,369",Kakao Entertainment
12,42,down,-4,BORDER : DAY ONE,ENHYPEN,"14,367","189,832","지니뮤직, Stone Music Entertainment"
12,43,new,,Calibrate,하현상,"13,571","13,571","지니뮤직, Stone Music Entertainment"
12,44,up,2,Dark & Wild,방탄소년단,"13,393","122,505",YG PLUS
12,45,up,4,Skool Luv Affair,방탄소년단,"12,001","121,285",YG PLUS
12,46,down,-2,"O! RUL8 ,2?",방탄소년단,"11,509","125,217",YG PLUS
12,47,new,,STUDIO WE : Recording #2,원위 (ONEWE),"11,442","11,442",Kakao Entertainment
12,48,up,30,꿈의 장: MAGIC,투모로우바이투게더,"10,811","91,669",YG PLUS
12,49,up,5,1ST ALBUM PART 1 [The Awakening: Written In The Stars],CRAVITY,"10,303","181,291",Kakao Entertainment
12,50,up,11,KILL THIS LOVE,BLACKPINK,"10,125","120,001",YG PLUS
12,51,up,40,꿈의 장: STAR,투모로우바이투게더,"10,098","79,602",YG PLUS
12,52,down,-10,the Billage of perception : chapter one,Billlie,"9,969","24,698",Kakao Entertainment
12,53,down,-8,화양연화 pt.1,방탄소년단,"9,829","132,293",YG PLUS
12,54,down,-13,Electrified : Urban Nostalgia,하성운,"9,656","24,736",인터파크
12,55,up,61,CRAZY IN LOVE,ITZY (있지),"9,601","500,124",Dreamus
12,56,up,14,Hello Future - The 1st Album Repackage,NCT DREAM,"9,456","1,025,005",Dreamus
12,57,up,35,꿈의 장: ETERNITY,투모로우바이투게더,"9,318","75,645",YG PLUS
12,58,up,19,IN生,Stray Kids (스트레이 키즈),"9,230","125,570",Dreamus
12,59,up,6,THE ALBUM,BLACKPINK,"9,194","190,729",YG PLUS
12,60,down,-9,2 Cool 4 Skool,방탄소년단,"8,609","115,160",YG PLUS
12,61,up,8,맛 (Hot Sauce) - The 1st Album,NCT DREAM,"8,530","2,097,185",Dreamus
12,62,down,-5,STEREOTYPE,STAYC(스테이씨),"8,344","166,529",Kakao Entertainment
12,63,up,8,ID: PITTA,PITTA (강형호),"8,120","14,900",Universal Music
12,64,new,,7th Mini Album `헹가래`,세븐틴,"8,058","46,021",YG PLUS
12,65,down,-9,R,로제 (ROSE),"7,998","516,915",YG PLUS
12,66,up,6,GO生,Stray Kids (스트레이 키즈),"7,903","113,463",Dreamus
12,67,up,19,SQUARE UP,BLACKPINK,"7,486","80,657",YG PLUS
12,68,new,,,MINO (송민호),"7,318","7,318",YG PLUS
12,69,new,,1집+1집 마무리 (LP),버스커버스커,"7,000","14,800",지니뮤직
12,70,down,-43,Guilty Pleasure,화사,"6,949","37,308",Kakao Entertainment
12,71,down,-18,I AM ME.,위키미키 (Weki Meki),"5,989","17,366",Kakao Entertainment
12,72,up,24,STAYDOM,STAYC(스테이씨),"5,362","95,504",Kakao Entertainment
12,73,-,,NOW : Who we are facing,GHOST9,"5,137","11,810",NHN벅스
12,74,up,31,Star To A Young Culture,STAYC(스테이씨),"4,972","29,267",Kakao Entertainment
12,75,new,,The Volunteers (LP),The Volunteers (더 발룬티어스),"4,898","4,898",Dreamus
12,76,down,-61,폐허가 된다 해도,이승윤,"4,708","66,266",Kakao Entertainment
12,77,up,51,THE FIRST STEP : TREASURE EFFECT,TREASURE (트레저),"4,676","331,320",YG PLUS
12,78,up,22,SOLO,제니 (JENNIE),"4,657","57,415",YG PLUS
12,79,down,-61,Re:T-ARA,티아라 (T-ara),"4,656","53,956",Dreamus
12,80,new,,WATERFALL (LP),B.I,"4,423","4,423",Dreamus
12,81,up,32,5th Album 'LILAC',아이유 (IU),"4,408","402,864",Kakao Entertainment
12,82,new,,Just right,GOT7,"4,103","10,103",Dreamus
12,83,new,,신세계 : PARANA,조민규,"4,041","4,041",인터파크
12,84,new,,THE LETTER (Kit),김재환,"4,000","4,000","지니뮤직, Stone Music Entertainment"
12,85,new,,SUNRISE (LP),DAY6,"3,940","3,940",Dreamus
12,86,new,,MOONRISE (LP),DAY6,"3,940","3,940",Dreamus
12,87,new,,Special Album '; [Semicolon]',세븐틴,"3,854","42,708",YG PLUS
12,88,up,16,IT`z ICY,ITZY (있지),"3,830","34,927",Dreamus
12,89,down,-73,XOXO,전소미,"3,710","58,933",YG PLUS
12,90,up,46,I am WHO,Stray Kids (스트레이 키즈),"3,651","60,830",Dreamus
12,91,up,11,IT'z ME,ITZY (있지),"3,605","30,189",Dreamus
12,92,up,15,5th MINI ALBUM [CHASE],더보이즈(THE BOYZ),"3,403","49,480",Kakao Entertainment
12,93,up,67,TWICEcoaster : LANE 2,TWICE,"3,244","17,896",Dreamus
12,94,down,-28,Cle 1 : MIROH,Stray Kids (스트레이 키즈),"3,178","70,131",Dreamus
12,95,up,22,Not Shy,ITZY (있지),"3,117","29,295",Dreamus
12,96,up,49,Merry & Happy,TWICE,"3,022","15,763",Dreamus
12,97,up,24,LALISA,리사 (LISA),"2,919","708,475",YG PLUS
12,98,up,21,VENI VIDI VICI,트라이비(TRI.BE),"2,730","13,345",Universal Music
12,99,up,32,Love poem,아이유 (IU),"2,685","31,277",Kakao Entertainment
12,100,new,,Bye (LP),임창정,"2,607","2,607",Warner Music
