month,month_name,album_rank,rank_change,rank_difference,title,artist,new_sales,cumulative_sales,production
1,January,1,new,,THE FIRST STEP : TREASURE EFFECT,TREASURE ,266894,266894,YG PLUS
1,January,2,down,-1,NCT RESONANCE Pt. 2 - The 2nd Album,NCT,244629,244629,Dreamus
1,January,3,new,,I burn,(G)I-DLE,159268,159268,Kakao Entertainment
1,January,4,new,,NOIR - The 2nd Mini Album,U-KNOW,138236,138236,Dreamus
1,January,5,new,,HIDEOUT: BE OUR VOICE - SEASON 3.,CRAVITY,112301,112301,Kakao Entertainment
1,January,6,new,,DEVIL,ONEUS,98014,98014,Kakao Entertainment
1,January,7,new,,Dystopia : Road to Utopia,Dreamcatcher,91469,91469,Genie Music
1,January,8,new,,VOICE : The future is now,VICTON ,89960,89960,Kakao Entertainment
1,January,9,new,,5th Mini Album [YES.],Golden Child,74863,74863,Kakao Entertainment
1,January,10,up,16,THE ALBUM,BLACKPINK,67387,67387,YG PLUS
1,January,11,new,,SALUTE : A NEW HOPE,AB6IX ,57982,57982,Warner Music
1,January,12,down,-6,NCT RESONANCE Pt. 2 - The 2nd Album (Kit),NCT,54674,54674,Dreamus
1,January,13,new,,Super One,SuperM,53618,53618,Dreamus
1,January,14,new,,LUCKY MAN,BOBBY,49221,49221,YG PLUS
1,January,15,new,,THE FIRST STEP : TREASURE EFFECT (Kit),TREASURE ,27361,27361,YG PLUS
1,January,16,new,,MCND AGE,MCND,25560,25560,Kakao Entertainment
1,January,17,down,-5,BE,BTS,25452,25452,Dreamus
1,January,18,down,-2,MAP OF THE SOUL : 7,BTS,24801,24801,Dreamus
1,January,19,down,-1,MAP OF THE SOUL : PERSONA,BTS,24693,24693,Dreamus
1,January,20,down,-11,BORDER : DAY ONE,ENHYPEN,24576,24576,"Genie Music, Stone Music Entertainment"
1,January,21,up,2,LOVE YOURSELF 轉 `Tear`,BTS,21542,21542,Dreamus
1,January,22,up,2,LOVE YOURSELF 承 `Her`,BTS,18736,18736,Dreamus
1,January,23,down,-20,The Classic Album I - My Favorite Arias,KIM HO JOONG (김호중),17950,17950,Warner Music
1,January,24,down,-20,The Classic Album II - My Favorite Songs,KIM HO JOONG (김호중),17802,17802,Warner Music
1,January,25,new,,3RD ALBUM `An Ode`,SEVENTEEN,17420,17420,"Genie Music, Stone Music Entertainment"
1,January,26,down,-21,KAI - The 1st Mini Album,KAI,15317,15317,Dreamus
1,January,27,up,55,Special Album '; [Semicolon]',SEVENTEEN,14229,14229,Dreamus
1,January,28,-,0,화양연화 Young Forever,BTS,14214,14214,Dreamus
1,January,29,new,,24 PART 2,JEONG SEWOON (정세운),14192,14192,Kakao Entertainment
1,January,30,up,5,WINGS,BTS,13720,13720,Dreamus
1,January,31,up,1,YOU NEVER WALK ALONE,BTS,13408,13408,Dreamus
1,January,32,new,,BEFORE SUNRISE Part. 1,T1419,13382,13382,Sony Music
1,January,33,new,,Epik High Is Here 上,Epik High,13135,13135,Kakao Entertainment
1,January,34,new,,tellusboutyourself,Yerin Baek (백예린),12518,12518,Dreamus
1,January,35,up,2,IN生,Stray Kids ,11951,11951,Dreamus
1,January,36,down,-17,LOVE YOURSELF 結 `Answer`,BTS,10614,10614,"Dreamus, The Orchard"
1,January,37,down,-1,화양연화 pt.2,BTS,9944,9944,Dreamus
1,January,38,down,-24,GO生,Stray Kids ,9932,9932,Dreamus
1,January,39,up,82,SuperM - The 1st Mini Album,SuperM,9723,9723,Dreamus
1,January,40,down,-23,minisode1 : Blue Hour,TXT,9656,9656,Dreamus
1,January,41,up,2,2 Cool 4 Skool,BTS,9013,9013,Dreamus
1,January,42,up,3,화양연화 pt.1,BTS,8099,8099,Dreamus
1,January,43,up,9,꿈의 장: MAGIC,TXT,7767,7767,Dreamus
1,January,44,new,,Cherry Rush,Cherry Bullet,7748,7748,Kakao Entertainment
1,January,45,down,-38,What Do I Call You - The 4th Mini Album,TAEYEON,7647,7647,Dreamus
1,January,46,down,-2,Dark & Wild,BTS,7425,7425,Dreamus
1,January,47,up,2,Eyes wide open,TWICE,7399,7399,Dreamus
1,January,48,up,24,Cle : LEVANTER,Stray Kids ,7366,7366,Dreamus
1,January,49,up,13,I am YOU,Stray Kids ,7110,7110,Dreamus
1,January,50,up,13,I am WHO,Stray Kids ,6925,6925,Dreamus
1,January,51,down,-41,Breath of Love : Last Piece,GOT7,6780,6780,Dreamus
1,January,52,up,14,Cle 1 : MIROH,Stray Kids ,6775,6775,Dreamus
1,January,53,down,-6,KILL THIS LOVE,BLACKPINK,6746,6746,YG PLUS
1,January,54,up,13,I am NOT,Stray Kids ,6710,6710,Dreamus
1,January,55,down,-21,Never Gonna Dance Again : Act 2 - The 3rd Album,TAEMIN,6599,6599,Dreamus
1,January,56,up,8,꿈의 장: STAR,TXT,6436,6436,Dreamus
1,January,57,down,-11,"O! RUL8 ,2?",BTS,6431,6431,Dreamus
1,January,58,up,3,꿈의 장: ETERNITY,TXT,6362,6362,Dreamus
1,January,59,up,70,REVEAL,THE BOYZ,6041,6041,Kakao Entertainment
1,January,60,up,25,NCT #127 WE ARE SUPERHUMAN - The 4th Mini Album,NCT 127,5924,5924,Dreamus
1,January,61,down,-59,One-reeler / Act IV,IZ*ONE ,5895,5895,"Genie Music, Stone Music Entertainment"
1,January,62,down,-7,SQUARE UP,BLACKPINK,5816,5816,YG PLUS
1,January,63,down,-23,MEMORY : illusion,ONEWE,5759,5759,Kakao Entertainment
1,January,64,down,-25,Skool Luv Affair,BTS,5545,5545,Dreamus
1,January,65,up,23,7th Mini Album `헹가래`,SEVENTEEN,5072,5072,"Genie Music, Stone Music Entertainment"
1,January,66,new,,I`m Not Cool,HyunA,5000,5000,Kakao Entertainment
1,January,67,new,,LUCKY MAN (Kit),BOBBY,5000,5000,YG PLUS
1,January,68,down,-26,Origine,B1A4,4995,4995,Sony Music
1,January,69,down,-15,NCT RESONANCE Pt. 1 - The 2nd Album (Kit),NCT,4971,4971,Dreamus
1,January,70,up,64,4th MINI ALBUM [DreamLike],THE BOYZ,4896,4896,Kakao Entertainment
1,January,71,up,5,Cle 2 : Yellow Wood,Stray Kids ,4887,4887,Dreamus
1,January,72,new,,`The ReVe Festival` Finale,Red Velvet,4700,4700,Dreamus
1,January,73,up,16,NCT #127 Regular-Irregular - The 1st Album,NCT 127,4636,4636,Dreamus
1,January,74,new,,And Then There Was Us,Hoppipolla,4559,4559,Dreamus
1,January,75,up,3,Mixtape,Stray Kids ,4292,4292,Dreamus
1,January,76,HOT,,7 for 7,GOT7,3787,3787,Dreamus
1,January,77,up,73,Call My Name,GOT7,3704,3704,Dreamus
1,January,78,down,-1,SPECIAL ALBUM `DIRECTOR`S CUT`,SEVENTEEN,3669,3669,Kakao Entertainment
1,January,79,down,-68,3rd Mini Album `INSIDE ME`,KIM SUNG KYU (김성규),3465,3465,Kakao Entertainment
1,January,80,new,,월령 月齡,Lucia,3431,3431,Kakao Entertainment
1,January,81,HOT,,The Wanderer (방랑자) (Deluxe),Seong-Jin Cho (조성진),3356,3356,Universal Music
1,January,82,new,,[#],LOONA,3314,3314,DANAL Entertainment
1,January,83,up,3,SOLO,JENNIE,3263,3263,YG PLUS
1,January,84,up,6,TREASURE EPILOGUE : Action To Answer,ATEEZ ,3246,3246,"Genie Music, Stone Music Entertainment"
1,January,85,new,,THE BOYZ DEBUT ALBUM [THE FIRST],THE BOYZ,3217,3217,Kakao Entertainment
1,January,86,down,-35,Reload,NCT DREAM,3166,3166,Dreamus
1,January,87,up,77,`Present : YOU` &ME Edition,GOT7,3165,3165,Dreamus
1,January,88,up,40,1st Single Album [THE SPHERE],THE BOYZ,3148,3148,Kakao Entertainment
1,January,89,new,,THE BOYZ MINI ALBUM [THE START],THE BOYZ,3104,3104,Kakao Entertainment
1,January,90,down,-65,JOURNEY,Henry,3091,3091,Kakao Entertainment
1,January,91,down,-10,Love poem,IU,2747,2747,Kakao Entertainment
1,January,92,up,20,TWICEcoaster : LANE 1,TWICE,2586,2586,Dreamus
1,January,93,up,22,MORE & MORE,TWICE,2571,2571,Dreamus
1,January,94,down,-25,PAGE TWO,TWICE,2554,2554,Dreamus
1,January,95,up,19,THE STORY BEGINS,TWICE,2354,2354,Dreamus
1,January,96,up,23,5th MINI ALBUM [CHASE],THE BOYZ,2342,2342,Kakao Entertainment
1,January,97,up,25,SIGNAL,TWICE,2308,2308,Dreamus
1,January,98,up,28,Present : YOU,GOT7,2289,2289,Dreamus
1,January,99,down,-5,3rd MINI ALBUM [THE ONLY],THE BOYZ,2284,2284,Kakao Entertainment
1,January,100,down,-27,回:Walpurgis Night,GFRIEND,2238,2238,Kakao Entertainment
2,February,1,up,16,BE,BTS,763083,788535,Dreamus
2,February,2,new,,Don`t Call Me - The 7th Album,SHINee,195665,195665,Dreamus
2,February,3,new,,NCT 2018 EMPATHY,NCT,119998,119997,Dreamus
2,February,4,new,,2ND DESIRE [TASTY],KIM WOO SEOK (김우석),83763,83763,Kakao Entertainment
2,February,5,new,,1ST MINI ALBUM PART. 2 [Love Synonym #2 : Right for Us],WONHO,79479,79479,Kakao Entertainment
2,February,6,down,-4,NCT RESONANCE Pt. 2 - The 2nd Album,NCT,66118,310747,Dreamus
2,February,7,new,,We Boom - The 3rd Mini Album,NCT DREAM,60000,60000,Dreamus
2,February,8,new,,ONF: MY NAME,ONF,58359,58359,"Genie Music, Stone Music Entertainment"
2,February,9,new,,IDENTITY : Challenge,WEi,53913,53913,Kakao Entertainment
2,February,10,down,-6,NOIR - The 2nd Mini Album,U-KNOW,52116,190352,Dreamus
2,February,11,new,,"4th EP Album `HELLO` Chapter Ø. Hello, Strange Dream",CIX ,50182,50182,Interpark
2,February,12,new,,The First - The 1st Single Album,NCT DREAM,50000,50000,Dreamus
2,February,13,up,23,LOVE YOURSELF 結 `Answer`,BTS,44275,54889,"Dreamus, The Orchard"
2,February,14,down,-11,I burn,(G)I-DLE,43305,202573,Kakao Entertainment
2,February,15,new,,We Go Up - The 2nd Mini Album,NCT DREAM,40000,39999,Dreamus
2,February,16,new,,ON THE TRACK,J.DON,37914,37914,Kakao Entertainment
2,February,17,new,,We Young - The 1st Mini Album,NCT DREAM,35000,35000,Dreamus
2,February,18,new,,Querencia,CHUNGHA,29082,29082,"Genie Music, Stone Music Entertainment"
2,February,19,down,-12,Dystopia : Road to Utopia,Dreamcatcher,28781,120250,Genie Music
2,February,20,new,,Dynamite (LP),BTS,28000,28000,Dreamus
2,February,21,new,,Take Over The Moon - Sequel,WayV,24999,24996,Dreamus
2,February,22,up,50,`The ReVe Festival` Finale,Red Velvet,24968,29668,Dreamus
2,February,23,new,,NCT #127 CHERRY BOMB - The 3rd Mini Album,NCT 127,24602,24602,Dreamus
2,February,24,down,-2,LOVE YOURSELF 承 `Her`,BTS,22703,41439,Dreamus
2,February,25,down,-7,MAP OF THE SOUL : 7,BTS,21145,45946,Dreamus
2,February,26,down,-7,MAP OF THE SOUL : PERSONA,BTS,20064,44757,Dreamus
2,February,27,new,,여신강림 OST,Various Artists,20000,20000,"Genie Music, Stone Music Entertainment"
2,February,28,down,-7,LOVE YOURSELF 轉 `Tear`,BTS,19326,40868,Dreamus
2,February,29,new,,기억과 기억 사이,L,18844,18844,Universal Music
2,February,30,down,-25,HIDEOUT: BE OUR VOICE - SEASON 3.,CRAVITY,17970,130271,Kakao Entertainment
2,February,31,down,-23,VOICE : The future is now,VICTON ,17814,107774,Kakao Entertainment
2,February,32,new,,What Do I Call You - The 4th Mini Album (LP),TAEYEON,17730,17730,Dreamus
2,February,33,down,-5,화양연화 Young Forever,BTS,15591,29805,Dreamus
2,February,34,down,-9,3RD ALBUM `An Ode`,SEVENTEEN,15177,32597,"Genie Music, Stone Music Entertainment"
2,February,35,new,,NCT #127 Limitless - The 2nd Mini Album,NCT 127,14990,14984,Dreamus
2,February,36,down,-25,SALUTE : A NEW HOPE,AB6IX ,13745,71727,Warner Music
2,February,37,down,-6,YOU NEVER WALK ALONE,BTS,13335,26743,Dreamus
2,February,38,down,-8,WINGS,BTS,13029,26749,Dreamus
2,February,39,down,-2,화양연화 pt.2,BTS,12324,22268,Dreamus
2,February,40,down,-30,THE ALBUM,BLACKPINK,11866,79253,YG PLUS
2,February,41,up,12,KILL THIS LOVE,BLACKPINK,11767,18513,YG PLUS
2,February,42,down,-33,5th Mini Album [YES.],Golden Child,11713,86576,Kakao Entertainment
2,February,43,new,,Feel Special,TWICE,10486,10437,Dreamus
2,February,44,up,42,Reload,NCT DREAM,10366,13532,Dreamus
2,February,45,down,-5,minisode1 : Blue Hour,TXT,10322,19978,Dreamus
2,February,46,HOT,,NCT #127 Neo Zone - The 2nd Album,NCT 127,10026,10120,"Dreamus, Caroline"
2,February,47,new,,NCT #127 Neo Zone The Final Round - The 2nd Album Repackage,NCT 127,9987,9964,Dreamus
2,February,48,new,,NCT RESONANCE Pt. 1 - The 2nd Album,NCT,9826,9716,Dreamus
2,February,49,up,17,I`m Not Cool,HyunA,9669,14669,Kakao Entertainment
2,February,50,down,-7,꿈의 장: MAGIC,TXT,9618,17385,Dreamus
2,February,51,new,,Summer Nights,TWICE,9569,9543,Dreamus
2,February,52,new,,What is Love?,TWICE,9228,9215,Dreamus
2,February,53,up,11,Skool Luv Affair,BTS,9200,14745,Dreamus
2,February,54,up,16,4th MINI ALBUM [DreamLike],THE BOYZ,8991,13887,Kakao Entertainment
2,February,55,up,4,REVEAL,THE BOYZ,8975,15016,Kakao Entertainment
2,February,56,down,-18,GO生,Stray Kids ,8482,18414,Dreamus
2,February,57,up,4,One-reeler / Act IV,IZ*ONE ,8416,14311,"Genie Music, Stone Music Entertainment"
2,February,58,down,-7,Breath of Love : Last Piece,GOT7,8287,15067,Dreamus
2,February,59,down,-24,IN生,Stray Kids ,8280,20231,Dreamus
2,February,60,down,-18,화양연화 pt.1,BTS,7862,15961,Dreamus
2,February,61,down,-15,Dark & Wild,BTS,7213,14638,Dreamus
2,February,62,down,-5,"O! RUL8 ,2?",BTS,7049,13480,Dreamus
2,February,63,new,,YES or YES,TWICE,6663,6624,Dreamus
2,February,64,down,-6,꿈의 장: ETERNITY,TXT,6200,12562,Dreamus
2,February,65,down,-9,꿈의 장: STAR,TXT,6180,12616,Dreamus
2,February,66,down,-1,7th Mini Album `헹가래`,SEVENTEEN,6107,11179,"Genie Music, Stone Music Entertainment"
2,February,67,up,64,7th Mini Album [GATEWAY],ASTRO,5997,7490,Kakao Entertainment
2,February,68,new,,FANCY YOU,TWICE,5933,5910,Dreamus
2,February,69,new,,twicetagram,TWICE,5900,5881,Dreamus
2,February,70,down,-21,I am YOU,Stray Kids ,5855,12965,Dreamus
2,February,71,down,-30,2 Cool 4 Skool,BTS,5807,14820,Dreamus
2,February,72,up,11,SOLO,JENNIE,5776,9039,YG PLUS
2,February,73,down,-21,Cle 1 : MIROH,Stray Kids ,5703,12478,Dreamus
2,February,74,down,-26,Cle : LEVANTER,Stray Kids ,5677,13043,Dreamus
2,February,75,down,-69,DEVIL,ONEUS,5587,103601,Kakao Entertainment
2,February,76,down,-22,I am NOT,Stray Kids ,5473,12183,Dreamus
2,February,77,down,-15,SQUARE UP,BLACKPINK,5264,11080,YG PLUS
2,February,78,down,-28,I am WHO,Stray Kids ,5253,12178,Dreamus
2,February,79,down,-32,Eyes wide open,TWICE,5248,12647,Dreamus
2,February,80,down,-36,Cherry Rush,Cherry Bullet,5221,12969,Kakao Entertainment
2,February,81,down,-61,BORDER : DAY ONE,ENHYPEN,5166,29742,"Genie Music, Stone Music Entertainment"
2,February,82,down,-4,SPECIAL ALBUM `DIRECTOR`S CUT`,SEVENTEEN,5059,8728,Kakao Entertainment
2,February,83,new,,NOIR - The 2nd Mini Album (LP),U-KNOW,4847,4847,Dreamus
2,February,84,new,,TRAVEL,MAMAMOO,4796,4796,Kakao Entertainment
2,February,85,down,-84,THE FIRST STEP : TREASURE EFFECT,TREASURE ,4329,271223,YG PLUS
2,February,86,down,-59,Special Album '; [Semicolon]',SEVENTEEN,4295,18524,Dreamus
2,February,87,new,,History Of Kingdom: PartⅠ. Arthur,KINGDOM ,4144,4144,Genie Music
2,February,88,new,,6th Mini Album `REMEMBER ME`,OH MY GIRL,3998,3998,Sony Music
2,February,89,new,,THE FIFTH SEASON,OH MY GIRL,3998,3998,Sony Music
2,February,90,new,,Merry & Happy,TWICE,3994,3979,Dreamus
2,February,91,new,,INSIDE,LUCY,3965,3965,Kakao Entertainment
2,February,92,new,,OH MY GIRL SUMMER PACKAGE (FALL IN LOVE),OH MY GIRL,3956,3956,Sony Music
2,February,93,down,-22,Cle 2 : Yellow Wood,Stray Kids ,3736,8623,Dreamus
2,February,94,down,-62,BEFORE SUNRISE Part. 1,T1419,3540,16922,Sony Music
2,February,95,down,-4,Love poem,IU,3517,6264,Kakao Entertainment
2,February,96,up,86,중독 (Overdose),EXO-K,3461,3979,Dreamus
2,February,97,new,,RED MOON,MAMAMOO,3386,3386,Kakao Entertainment
2,February,98,down,-30,Origine,B1A4,3245,8240,Sony Music
2,February,99,down,-24,Mixtape,Stray Kids ,3073,7365,Dreamus
2,February,100,down,-7,MORE & MORE,TWICE,3058,5629,Dreamus
3,March,1,new,,Bambi - The 3rd Mini Album,BAEKHYUN,591944,591944,Dreamus
3,March,2,new,,The Renaissance - The 10th Album,Super Junior,433065,433065,Dreamus
3,March,3,new,,R,ROSE,394156,394156,YG PLUS
3,March,4,new,,ZERO : FEVER Part.2,ATEEZ ,380711,380711,"Genie Music, Stone Music Entertainment"
3,March,5,new,,5th Album 'LILAC',IU,344018,344018,Kakao Entertainment
3,March,6,new,,Kick Back - The 3rd Mini Album,WayV,226535,226535,Dreamus
3,March,7,down,-6,BE,BTS,118878,907413,Dreamus
3,March,8,new,,LOVE or TAKE,PENTAGON,88552,88552,Kakao Entertainment
3,March,9,down,-7,Don`t Call Me - The 7th Album,SHINee,85784,281449,Dreamus
3,March,10,new,,SET,WOODZ ,79449,79449,"Genie Music, Stone Music Entertainment"
3,March,11,new,,UNNATURAL,WJSN,72214,72214,Kakao Entertainment
3,March,12,new,,R (Kit),ROSE,52158,52158,YG PLUS
3,March,13,new,,SERIES `O` [ROUND 1 : HALL],VERIVERY,49999,49999,"Genie Music, Stone Music Entertainment"
3,March,14,new,,Kick Back - The 3rd Mini Album (Kit),WayV,37788,37788,Dreamus
3,March,15,new,,2nd Mini Album [A Better Tomorrow],DRIPPIN,32423,32423,Kakao Entertainment
3,March,16,up,14,HIDEOUT: BE OUR VOICE - SEASON 3.,CRAVITY,31865,162136,Kakao Entertainment
3,March,17,new,,KILLA - MIRAE 1st Mini Album,MIRAE,30221,30221,Kakao Entertainment
3,March,18,up,29,NCT #127 Neo Zone The Final Round - The 2nd Album Repackage,NCT 127,29994,39958,Dreamus
3,March,19,up,62,BORDER : DAY ONE,ENHYPEN,29332,59074,"Genie Music, Stone Music Entertainment"
3,March,20,up,22,5th Mini Album [YES.],Golden Child,27390,113966,Kakao Entertainment
3,March,21,new,,We play,Weeekly ,25005,25005,Kakao Entertainment
3,March,22,down,-17,1ST MINI ALBUM PART. 2 [Love Synonym #2 : Right for Us],WONHO,24903,104382,Kakao Entertainment
3,March,23,up,1,LOVE YOURSELF 承 `Her`,BTS,23912,65351,Dreamus
3,March,24,up,4,LOVE YOURSELF 轉 `Tear`,BTS,23307,64175,Dreamus
3,March,25,up,2,여신강림 OST,Various Artists,20786,40786,"Genie Music, Stone Music Entertainment"
3,March,26,new,,NCT #127 - The 1st Mini Album,NCT 127,20000,19999,Dreamus
3,March,27,down,-6,Take Over The Moon - Sequel,WayV,19959,44955,Dreamus
3,March,28,up,20,NCT RESONANCE Pt. 1 - The 2nd Album,NCT,19604,29320,Dreamus
3,March,29,down,-3,MAP OF THE SOUL : PERSONA,BTS,19210,63967,Dreamus
3,March,30,new,,Into Violet,PURPLE KISS,18012,18012,Kakao Entertainment
3,March,31,new,,BEFORE SUNRISE Part. 2,T1419,17933,17933,Sony Music
3,March,32,down,-7,MAP OF THE SOUL : 7,BTS,17897,63843,Dreamus
3,March,33,down,-25,ONF: MY NAME,ONF,17873,76232,"Genie Music, Stone Music Entertainment"
3,March,34,up,4,WINGS,BTS,17765,44514,Dreamus
3,March,35,up,5,THE ALBUM,BLACKPINK,17733,96986,YG PLUS
3,March,36,up,1,YOU NEVER WALK ALONE,BTS,16489,43232,Dreamus
3,March,37,down,-24,LOVE YOURSELF 結 `Answer`,BTS,16256,71145,Dreamus
3,March,38,up,8,NCT #127 Neo Zone - The 2nd Album,NCT 127,16010,26130,"Dreamus, Caroline"
3,March,39,new,,We Boom - The 3rd Mini Album (Kit),NCT DREAM,16000,16000,Dreamus
3,March,40,up,1,KILL THIS LOVE,BLACKPINK,15503,34016,YG PLUS
3,March,41,new,,City Lights - The 1st Mini Album,BAEKHYUN,15042,15039,Dreamus
3,March,42,up,33,DEVIL,ONEUS,14771,118372,Kakao Entertainment
3,March,43,down,-32,"4th EP Album `HELLO` Chapter Ø. Hello, Strange Dream",CIX ,14713,64895,Interpark
3,March,44,down,-5,화양연화 pt.2,BTS,13984,36252,Dreamus
3,March,45,up,14,IN生,Stray Kids ,12760,32991,Dreamus
3,March,46,up,14,화양연화 pt.1,BTS,12654,28615,Dreamus
3,March,47,down,-38,IDENTITY : Challenge,WEi,12462,66375,Kakao Entertainment
3,March,48,up,29,SQUARE UP,BLACKPINK,12262,23342,YG PLUS
3,March,49,up,7,GO生,Stray Kids ,12069,30483,Dreamus
3,March,50,down,-17,화양연화 Young Forever,BTS,12054,41859,Dreamus
3,March,51,down,-6,minisode1 : Blue Hour,TXT,12052,32030,Dreamus
3,March,52,new,,PIECES by RAIN,RAIN,11361,11361,Kakao Entertainment
3,March,53,new,,Won`t Forget You,KIM SUNG KYU (김성규),11357,11357,Kakao Entertainment
3,March,54,new,,NCT #127 Neo Zone - The 2nd Album (Kit),NCT 127,11000,11000,Dreamus
3,March,55,new,,NCT #127 Neo Zone The Final Round - The 2nd Album Repackage (Kit),NCT 127,10999,10990,Dreamus
3,March,56,new,,Bucket List,BIG Naughty ,10615,10615,Kakao Entertainment
3,March,57,up,5,"O! RUL8 ,2?",BTS,10242,23722,Dreamus
3,March,58,up,13,2 Cool 4 Skool,BTS,10201,25021,Dreamus
3,March,59,down,-25,3RD ALBUM `An Ode`,SEVENTEEN,10059,42656,Dreamus
3,March,60,new,,깊은 밤의 위로 (LOVE STREAMING),B.I,10000,10000,Dreamus
3,March,61,up,15,I am NOT,Stray Kids ,9998,22181,Dreamus
3,March,62,new,,NCT RESONANCE Pt. 1 - The 2nd Album (Kit),NCT,9990,14940,Dreamus
3,March,63,up,4,7th Mini Album [GATEWAY],ASTRO,9985,17475,Kakao Entertainment
3,March,64,new,,NCT #127 WE ARE SUPERHUMAN - The 4th Mini Album,NCT 127,9969,15877,Dreamus
3,March,65,down,-61,2ND DESIRE [TASTY],KIM WOO SEOK (김우석),9917,93680,Kakao Entertainment
3,March,66,new,,THE INTERSECTION : DISCOVERY,BDC,9851,9851,Kakao Entertainment
3,March,67,down,-6,Dark & Wild,BTS,9718,24356,Dreamus
3,March,68,up,4,SOLO,JENNIE,9688,18727,YG PLUS
3,March,69,up,5,Cle : LEVANTER,Stray Kids ,9466,22509,Dreamus
3,March,70,up,9,Eyes wide open,TWICE,9367,22014,Dreamus
3,March,71,up,7,I am WHO,Stray Kids ,9097,21275,Dreamus
3,March,72,new,,City Lights - The 1st Mini Album (Kihno),BAEKHYUN,9000,8999,Dreamus
3,March,73,new,,영화 `더 박스` OST,Various Artists,8900,8900,Dreamus
3,March,74,down,-1,Cle 1 : MIROH,Stray Kids ,8887,21365,Dreamus
3,March,75,up,10,THE FIRST STEP : TREASURE EFFECT,TREASURE ,8870,280093,YG PLUS
3,March,76,down,-23,Skool Luv Affair,BTS,8633,23378,Dreamus
3,March,77,down,-7,I am YOU,Stray Kids ,8619,21584,Dreamus
3,March,78,new,,Reload (Kit),NCT DREAM,8000,8000,Dreamus
3,March,79,down,-15,꿈의 장: ETERNITY,TXT,7977,20539,Dreamus
3,March,80,down,-30,꿈의 장: MAGIC,TXT,7966,25351,Dreamus
3,March,81,down,-65,ON THE TRACK,J.DON,7869,45783,Kakao Entertainment
3,March,82,new,,"NOW : Where we are, here",GHOST9,7774,7774,Bugs (NHN벅스)
3,March,83,new,,I'm,KIM SEJEONG (김세정),7664,7664,Kakao Entertainment
3,March,84,new,,1st Single Album [THE SPHERE],THE BOYZ,7554,10702,Kakao Entertainment
3,March,85,up,8,Cle 2 : Yellow Wood,Stray Kids ,7318,15941,Dreamus
3,March,86,down,-4,SPECIAL ALBUM `DIRECTOR`S CUT`,SEVENTEEN,7248,15976,Kakao Entertainment
3,March,87,new,,NCT #127 WE ARE SUPERHUMAN - The 4th Mini Album (Kit),NCT 127,6983,6983,Dreamus
3,March,88,up,23,Delight - The 2nd Mini Album,BAEKHYUN,6901,11350,Dreamus
3,March,89,up,30,HEART*IZ,IZ*ONE ,6761,10885,"Genie Music, Stone Music Entertainment"
3,March,90,down,-25,꿈의 장: STAR,TXT,6532,19148,Dreamus
3,March,91,down,-25,7th Mini Album `헹가래`,SEVENTEEN,6369,17548,Dreamus
3,March,92,down,-73,Dystopia : Road to Utopia,Dreamcatcher,6364,126614,Genie Music
3,March,93,up,55,Oneiric Diary (幻想日記),IZ*ONE ,6220,7767,"Genie Music, Stone Music Entertainment"
3,March,94,new,,with HER (LP),CRUSH,6140,6140,Dreamus
3,March,95,new,,3rd MINI ALBUM [THE ONLY],THE BOYZ,5987,8271,Kakao Entertainment
3,March,96,new,,2nd Single Album [Bloom Bloom],THE BOYZ,5985,7973,Kakao Entertainment
3,March,97,new,,안꿀려,Ciipher,5890,5890,Kakao Entertainment
3,March,98,new,,Light UP,UP10TION,5459,5459,Kakao Entertainment
3,March,99,-,0,Mixtape,Stray Kids ,5403,12768,Dreamus
3,March,100,down,-77,NCT #127 CHERRY BOMB - The 3rd Mini Album,NCT 127,5391,29993,Dreamus
4,April,1,new,,BORDER : CARNIVAL,ENHYPEN,522136,522136,"Genie Music, Stone Music Entertainment"
4,April,2,down,-1,Bambi - The 3rd Mini Album,BAEKHYUN,413523,1005467,Dreamus
4,April,3,new,,All Yours,ASTRO,359031,359031,Kakao Entertainment
4,April,4,new,,YELLOW,KANGDANIEL,318743,318743,Sony Music
4,April,5,new,,GUESS WHO,ITZY ,232570,232570,Dreamus
4,April,6,new,,The 2nd Album 'Romanticize',NU`EST,206188,206188,YG PLUS
4,April,7,new,,Like Water - The 1st Mini Album,WENDY,146609,146609,Dreamus
4,April,8,new,,Atlantis - The 7th Album Repackage,SHINee,118491,118491,Dreamus
4,April,9,new,,PAGE,KANG SEUNG YOON,112202,112202,YG PLUS
4,April,10,new,,The Book of Us : Negentropy - Chaos swallowed up in love,DAY6,110106,110106,Dreamus
4,April,11,new,,Be My Reason,Hwang Chi Yeul (황치열),84596,84596,Kakao Entertainment
4,April,12,down,-9,R,ROSE,73725,467881,YG PLUS
4,April,13,new,,Redd,Whee In,72735,72735,Kakao Entertainment
4,April,14,new,,MO` COMPLETE : HAVE A DREAM,AB6IX ,72146,72146,Warner Music
4,April,15,new,,CITY OF ONF,ONF,62834,62834,"Genie Music, Stone Music Entertainment"
4,April,16,up,57,영화 `더 박스` OST,Various Artists,61171,70071,Dreamus
4,April,17,new,,Instinct Part. 1,OnlyOneOf ,57048,57048,"Genie Music, Stone Music Entertainment"
4,April,18,new,,STAYDOM,STAYC,56198,56198,Kakao Entertainment
4,April,19,new,,SCENE26,LEE JIN HYUK (이진혁),53248,53248,Kakao Entertainment
4,April,20,up,4,LOVE YOURSELF 轉 `Tear`,BTS,50767,114942,YG PLUS
4,April,21,new,,Change,KIM JAE HWAN (김재환),49877,49877,"Genie Music, Stone Music Entertainment"
4,April,22,down,-8,Kick Back - The 3rd Mini Album (Kit),WayV,48448,86236,Dreamus
4,April,23,up,14,LOVE YOURSELF 結 `Answer`,BTS,45056,116201,YG PLUS
4,April,24,down,-1,LOVE YOURSELF 承 `Her`,BTS,43186,108537,YG PLUS
4,April,25,new,,R (LP),ROSE,42814,42814,YG PLUS
4,April,26,down,-19,BE,BTS,42407,949820,YG PLUS
4,April,27,up,2,MAP OF THE SOUL : PERSONA,BTS,42038,106005,YG PLUS
4,April,28,up,10,NCT #127 Neo Zone - The 2nd Album,NCT 127,39632,65762,"Dreamus, Caroline"
4,April,29,down,-23,Kick Back - The 3rd Mini Album,WayV,37012,263547,Dreamus
4,April,30,new,,DISHARMONY : BREAK OUT,P1Harmony,35667,35667,Kakao Entertainment
4,April,31,up,1,MAP OF THE SOUL : 7,BTS,35188,99031,YG PLUS
4,April,32,up,73,NCT #127 Regulate - The 1st Album Repackage,NCT 127,29984,34918,Dreamus
4,April,33,down,-28,5th Album 'LILAC',IU,29804,373822,Kakao Entertainment
4,April,34,up,16,화양연화 Young Forever,BTS,26743,68602,YG PLUS
4,April,35,down,-1,WINGS,BTS,26072,70586,YG PLUS
4,April,36,new,,Temperature of Love,Yoon Jisung (윤지성),26064,26064,"Genie Music, Stone Music Entertainment"
4,April,37,down,-1,YOU NEVER WALK ALONE,BTS,24968,68200,YG PLUS
4,April,38,down,-30,LOVE or TAKE,PENTAGON,24271,112823,Kakao Entertainment
4,April,39,down,-37,The Renaissance - The 10th Album,Super Junior,22416,455481,Dreamus
4,April,40,up,4,화양연화 pt.2,BTS,22216,58468,YG PLUS
4,April,41,new,,Awaken The World - The 1st Album,WayV,19998,19995,Dreamus
4,April,42,new,,NCT #127 Limitless - The 2nd Mini Album,NCT 127,19982,34971,Dreamus
4,April,43,down,-32,UNNATURAL,WJSN,19812,92026,Kakao Entertainment
4,April,44,up,7,minisode1 : Blue Hour,TXT,19308,51338,YG PLUS
4,April,45,down,-41,ZERO : FEVER Part.2,ATEEZ ,19139,399850,"Genie Music, Stone Music Entertainment"
4,April,46,-,0,화양연화 pt.1,BTS,17276,45891,YG PLUS
4,April,47,down,-38,Don`t Call Me - The 7th Album,SHINee,15512,296961,Dreamus
4,April,48,down,-33,2nd Mini Album [A Better Tomorrow],DRIPPIN,15174,47597,Kakao Entertainment
4,April,49,down,-30,BORDER : DAY ONE,ENHYPEN,14974,74048,"Genie Music, Stone Music Entertainment"
4,April,50,new,,LOVE SHOT - The 5th Album Repackage,EXO,14910,14905,Dreamus
4,April,51,up,16,Dark & Wild,BTS,14427,38783,YG PLUS
4,April,52,down,-36,HIDEOUT: BE OUR VOICE - SEASON 3.,CRAVITY,14375,176511,Kakao Entertainment
4,April,53,up,23,Skool Luv Affair,BTS,14146,37524,YG PLUS
4,April,54,new,,The Power Of Music - The 4th Album Repackage (Korean Ver.),EXO,14121,14111,Dreamus
4,April,55,up,2,"O! RUL8 ,2?",BTS,14086,37808,YG PLUS
4,April,56,new,,INTERSECTION : TRACE,BAE173,13600,13600,Kakao Entertainment
4,April,57,up,1,2 Cool 4 Skool,BTS,13567,38588,YG PLUS
4,April,58,down,-13,IN生,Stray Kids ,13427,46418,Dreamus
4,April,59,new,,정규1집 리패키지 XOXO (Kiss Ver.),EXO,13136,13135,Dreamus
4,April,60,new,,THE WAR - The 4th Album (Korean Ver.),EXO,12999,12985,Dreamus
4,April,61,down,-40,We play,Weeekly ,12985,37990,Kakao Entertainment
4,April,62,down,-49,SERIES `O` [ROUND 1 : HALL],VERIVERY,12533,62532,"Genie Music, Stone Music Entertainment"
4,April,63,new,,REVEAL,THE BOYZ,11974,26990,Kakao Entertainment
4,April,64,down,-34,Into Violet,PURPLE KISS,11973,29985,Kakao Entertainment
4,April,65,new,,4th MINI ALBUM [DreamLike],THE BOYZ,11961,25848,Kakao Entertainment
4,April,66,up,31,안꿀려,Ciipher,10855,16745,Kakao Entertainment
4,April,67,up,8,THE FIRST STEP : TREASURE EFFECT,TREASURE ,10814,290907,YG PLUS
4,April,68,new,,LOVE ME RIGHT - The 2nd Album Repackage (Korean Ver.),EXO,10524,10521,Dreamus
4,April,69,new,,Sing For You (Korean Ver.),EXO,10490,10476,Dreamus
4,April,70,new,,XOXO (Kiss Ver.),EXO,10462,10461,Dreamus
4,April,71,new,,`MAMA` EXO-K The 1st Mini Album,EXO-K,10404,10403,Dreamus
4,April,72,new,,LOTTO - The 3rd Album Repackage (Korean Ver.),EXO,10404,10402,Dreamus
4,April,73,new,,Reload,NCT DREAM,10001,23515,Dreamus
4,April,74,new,,PAGE (Kit),KANG SEUNG YOON,10000,10000,YG PLUS
4,April,75,up,5,꿈의 장: MAGIC,TXT,9504,34855,YG PLUS
4,April,76,new,,EXODUS (Korean Ver.),EXO,9484,9468,Dreamus
4,April,77,up,2,꿈의 장: ETERNITY,TXT,9345,29884,YG PLUS
4,April,78,new,,EX’ACT - The 3rd Album (Korean Ver.),EXO,9295,9295,Dreamus
4,April,79,up,25,OBSESSION - The 6th Album,EXO,9187,14158,Dreamus
4,April,80,up,10,꿈의 장: STAR,TXT,9161,28309,YG PLUS
4,April,81,new,,"Universe - 겨울 스페셜 앨범, 2017",EXO,9032,9480,Dreamus
4,April,82,down,-47,THE ALBUM,BLACKPINK,8919,105905,YG PLUS
4,April,83,down,-34,GO生,Stray Kids ,8903,39386,Dreamus
4,April,84,new,,IT'z ME,ITZY ,8819,8721,Dreamus
4,April,85,down,-54,BEFORE SUNRISE Part. 2,T1419,8563,26496,Sony Music
4,April,86,down,-12,Cle 1 : MIROH,Stray Kids ,8547,29912,Dreamus
4,April,87,new,,IT`z ICY,ITZY ,8457,8419,Dreamus
4,April,88,new,,"timeabout,",YUKIKA,8446,8446,YG PLUS
4,April,89,new,,12월의 기적 (Miracles in December) (Korean Ver.),EXO,8193,8192,Dreamus
4,April,90,down,-27,7th Mini Album [GATEWAY],ASTRO,8133,25608,Kakao Entertainment
4,April,91,down,-22,Cle : LEVANTER,Stray Kids ,7751,30260,Dreamus
4,April,92,down,-44,SQUARE UP,BLACKPINK,7604,30946,YG PLUS
4,April,93,up,3,2nd Single Album [Bloom Bloom],THE BOYZ,7284,15257,Kakao Entertainment
4,April,94,down,-33,I am NOT,Stray Kids ,6969,29150,Dreamus
4,April,95,down,-4,7th Mini Album `헹가래`,SEVENTEEN,6951,24499,YG PLUS
4,April,96,down,-37,3RD ALBUM `An Ode`,SEVENTEEN,6900,49556,YG PLUS
4,April,97,up,55,What is Love?,TWICE,6879,17853,Dreamus
4,April,98,new,,Hey Mama! - The 1st Mini Album,EXO-CBX ,6878,6875,Dreamus
4,April,99,down,-59,KILL THIS LOVE,BLACKPINK,6838,40854,YG PLUS
4,April,100,new,,Feel Special,TWICE,6633,17064,Dreamus
5,May,1,new,,맛 (Hot Sauce) - The 1st Album,NCT DREAM,1995091,1995091,Dreamus
5,May,2,new,,혼돈의 장 : FREEZE,TXT,693217,693217,YG PLUS
5,May,3,new,,The Blowing,Highlight,108820,108820,Kakao Entertainment
5,May,4,new,,BINARY CODE,ONEUS,102678,102678,Kakao Entertainment
5,May,5,down,-4,BORDER : CARNIVAL,ENHYPEN,100485,622621,"Genie Music, Stone Music Entertainment"
5,May,6,new,,Advice - The 3rd Mini Album,TAEMIN,99811,99811,Dreamus
5,May,7,down,-2,GUESS WHO,ITZY ,97500,330070,Dreamus
5,May,8,new,,Dear OHMYGIRL,OH MY GIRL,93908,93908,Sony Music
5,May,9,new,,Beautiful Night - The 4th Mini Album,YESUNG,85943,85943,Dreamus
5,May,10,new,,NCT 2018 EMPATHY,NCT,73672,193442,Dreamus
5,May,11,new,,My attitude,WJSN THE BLACK,65994,65994,Kakao Entertainment
5,May,12,new,,We Boom - The 3rd Mini Album,NCT DREAM,64526,124449,Dreamus
5,May,13,up,32,ZERO : FEVER Part.2,ATEEZ ,62968,462818,"Genie Music, Stone Music Entertainment"
5,May,14,new,,NCT RESONANCE Pt. 2 - The 2nd Album (Kit),NCT,59973,114384,Dreamus
5,May,15,new,,NCT #127 WE ARE SUPERHUMAN - The 4th Mini Album (Kit),NCT 127,49991,56984,Dreamus
5,May,16,new,,The First - The 1st Single Album,NCT DREAM,49269,99184,Dreamus
5,May,17,new,,9 WAY TICKET,fromis_9,48962,48962,"Genie Music, Stone Music Entertainment"
5,May,18,HOT,,NCT RESONANCE Pt. 2 - The 2nd Album,NCT,44110,355634,Dreamus
5,May,19,new,,We Go Up - The 2nd Mini Album,NCT DREAM,40008,79970,Dreamus
5,May,20,new,,Last Melody,EVERGLOW ,36983,36983,"Genie Music, Stone Music Entertainment"
5,May,21,new,,NCT #127 Neo Zone - The 2nd Album (Kit),NCT 127,35138,46116,Dreamus
5,May,22,new,,NCT #127 Neo Zone The Final Round - The 2nd Album Repackage (Kit),NCT 127,29793,40769,Dreamus
5,May,23,new,,We Boom - The 3rd Mini Album (Kit),NCT DREAM,26984,42945,Dreamus
5,May,24,down,-16,Atlantis - The 7th Album Repackage,SHINee,26944,145435,Dreamus
5,May,25,new,,Beautiful Night - The 4th Mini Album (TAPE),YESUNG,26439,26439,Dreamus
5,May,26,up,1,MAP OF THE SOUL : PERSONA,BTS,25370,131375,YG PLUS
5,May,27,new,,Take Over The Moon - The 2nd Mini Album,WayV,25098,26526,Dreamus
5,May,28,up,11,The Renaissance - The 10th Album,Super Junior,24682,480163,Dreamus
5,May,29,up,44,Reload,NCT DREAM,24361,47876,Dreamus
5,May,30,-,0,DISHARMONY : BREAK OUT,P1Harmony,24034,59701,Kakao Entertainment
5,May,31,new,,NCT #127 Regular-Irregular - The 1st Album,NCT 127,23787,28347,Dreamus
5,May,32,down,-25,Like Water - The 1st Mini Album,WENDY,23105,169714,Dreamus
5,May,33,new,,RE:BORN,TO1 ,22445,22445,"Genie Music, Stone Music Entertainment"
5,May,34,up,62,3RD ALBUM `An Ode`,SEVENTEEN,20608,70164,YG PLUS
5,May,35,down,-15,LOVE YOURSELF 轉 `Tear`,BTS,20047,134989,YG PLUS
5,May,36,down,-13,LOVE YOURSELF 結 `Answer`,BTS,19489,135690,YG PLUS
5,May,37,down,-6,MAP OF THE SOUL : 7,BTS,18355,117386,YG PLUS
5,May,38,down,-14,LOVE YOURSELF 承 `Her`,BTS,18333,126870,YG PLUS
5,May,39,new,,Ring Ring,Rocket Punch,18203,18203,Kakao Entertainment
5,May,40,down,-25,CITY OF ONF,ONF,15621,78455,"Genie Music, Stone Music Entertainment"
5,May,41,new,,Reload (Kit),NCT DREAM,15362,23351,Dreamus
5,May,42,new,,ㅅ (시옷),Sung Si Kyung (성시경),14980,14980,Kakao Entertainment
5,May,43,up,39,THE ALBUM,BLACKPINK,13227,119132,YG PLUS
5,May,44,down,-26,STAYDOM,STAYC,13199,69397,Kakao Entertainment
5,May,45,down,-11,화양연화 Young Forever,BTS,12681,81283,YG PLUS
5,May,46,down,-17,Kick Back - The 3rd Mini Album,WayV,11950,275497,Dreamus
5,May,47,down,-12,WINGS,BTS,11883,82469,YG PLUS
5,May,48,down,-34,MO` COMPLETE : HAVE A DREAM,AB6IX ,11158,83304,Warner Music
5,May,49,down,-5,minisode1 : Blue Hour,TXT,10936,62274,YG PLUS
5,May,50,new,,CHECK-IN,BLITZERS,10665,10665,Bugs (NHN벅스)
5,May,51,down,-11,화양연화 pt.2,BTS,10364,68832,YG PLUS
5,May,52,down,-3,BORDER : DAY ONE,ENHYPEN,10192,84240,"Genie Music, Stone Music Entertainment"
5,May,53,down,-28,R (LP),ROSE,9704,52518,YG PLUS
5,May,54,up,29,GO生,Stray Kids ,9669,49055,Dreamus
5,May,55,up,44,KILL THIS LOVE,BLACKPINK,9642,50496,YG PLUS
5,May,56,down,-1,"O! RUL8 ,2?",BTS,9591,47399,YG PLUS
5,May,57,down,-11,화양연화 pt.1,BTS,9535,55426,YG PLUS
5,May,58,down,-32,BE,BTS,9496,959316,YG PLUS
5,May,59,new,,WISH,woo!ah! ,9096,9096,Kakao Entertainment
5,May,60,down,-23,YOU NEVER WALK ALONE,BTS,8991,77191,YG PLUS
5,May,61,down,-8,Skool Luv Affair,BTS,8351,45875,YG PLUS
5,May,62,down,-4,IN生,Stray Kids ,8194,54612,Dreamus
5,May,63,down,-6,2 Cool 4 Skool,BTS,7926,46514,YG PLUS
5,May,64,down,-8,INTERSECTION : TRACE,BAE173,7797,21397,Kakao Entertainment
5,May,65,new,,Dry Flower,PENOMECO,7233,7233,Dreamus
5,May,66,up,9,꿈의 장: MAGIC,TXT,6899,41754,YG PLUS
5,May,67,new,,[+ +],LOONA,6850,6850,DANAL Entertainment
5,May,68,down,-17,Dark & Wild,BTS,6725,45508,YG PLUS
5,May,69,down,-50,SCENE26,LEE JIN HYUK (이진혁),6418,59666,Kakao Entertainment
5,May,70,up,21,Cle : LEVANTER,Stray Kids ,6388,36648,Dreamus
5,May,71,up,23,I am NOT,Stray Kids ,5915,35065,Dreamus
5,May,72,up,30,I am YOU,Stray Kids ,5786,33809,Dreamus
5,May,73,down,-6,THE FIRST STEP : TREASURE EFFECT,TREASURE ,5693,296600,YG PLUS
5,May,74,up,21,7th Mini Album `헹가래`,SEVENTEEN,5662,30161,YG PLUS
5,May,75,down,-13,SERIES `O` [ROUND 1 : HALL],VERIVERY,5647,68179,"Genie Music, Stone Music Entertainment"
5,May,76,up,16,SQUARE UP,BLACKPINK,5502,36448,YG PLUS
5,May,77,down,-65,R,ROSE,5146,473027,YG PLUS
5,May,78,down,-45,5th Album 'LILAC',IU,5047,378869,Kakao Entertainment
5,May,79,new,,HAPPEN,Heize,5000,5000,"Genie Music, Stone Music Entertainment"
5,May,80,new,,CONMIGO,TRI.BE,4989,4989,Universal Music
5,May,81,new,,Like Water - The 1st Mini Album (LP),WENDY,4900,4900,Dreamus
5,May,82,down,-21,We play,Weeekly ,4749,42739,Kakao Entertainment
5,May,83,up,61,TREASURE EPILOGUE : Action To Answer,ATEEZ ,4733,16602,"Genie Music, Stone Music Entertainment"
5,May,84,new,,Oneiric Diary (幻想日記),IZ*ONE ,4701,8383,"Genie Music, Stone Music Entertainment"
5,May,85,up,48,3rd MINI ALBUM [THE ONLY],THE BOYZ,4622,16828,Kakao Entertainment
5,May,86,new,,술잔,Hong Ja (홍자),4594,4594,Kakao Entertainment
5,May,87,new,,9컷 (LP),Giriboy,4508,4508,Kakao Entertainment
5,May,88,down,-2,Cle 1 : MIROH,Stray Kids ,4443,34355,Dreamus
5,May,89,down,-9,꿈의 장: STAR,TXT,4401,32710,YG PLUS
5,May,90,down,-79,Be My Reason,Hwang Chi Yeul (황치열),4329,88925,Kakao Entertainment
5,May,91,new,,인생은 나쁜X,BIBI,4257,4257,Kakao Entertainment
5,May,92,new,,Cliche,"Kid Milli, dress",4256,4256,Kakao Entertainment
5,May,93,down,-6,IT`z ICY,ITZY ,4203,12622,Dreamus
5,May,94,down,-17,꿈의 장: ETERNITY,TXT,4044,33928,YG PLUS
5,May,95,down,-48,Don`t Call Me - The 7th Album,SHINee,4016,300977,Dreamus
5,May,96,up,8,I am WHO,Stray Kids ,3967,31417,Dreamus
5,May,97,up,61,5th MINI ALBUM [CHASE],THE BOYZ,3768,14395,Kakao Entertainment
5,May,98,up,2,Feel Special,TWICE,3767,20831,Dreamus
5,May,99,new,,KIMDONGRYUL LIVE 2019 오래된 노래 (LP),KIM DONG RYUL (김동률),3650,3650,Kakao Entertainment
5,May,100,down,-64,Temperature of Love,Yoon Jisung (윤지성),3648,29712,"Genie Music, Stone Music Entertainment"
6,June,1,new,,8th Mini Album `Your Choice`,SEVENTEEN,1391964,1391964,YG PLUS
6,June,2,new,,DON`T FIGHT THE FEELING - Special Album,EXO,1216175,1216175,Dreamus
6,June,3,new,,Hello Future - The 1st Album Repackage,NCT DREAM,869086,869086,Dreamus
6,June,4,new,,Taste of Love,TWICE,522876,522876,Dreamus
6,June,5,new,,One Of A Kind,MONSTA X,305808,305808,Kakao Entertainment
6,June,6,new,,WAW,MAMAMOO,130680,130680,Kakao Entertainment
6,June,7,new,,riBBon,BamBam,103156,103156,Kakao Entertainment
6,June,8,new,,안녕 (Hello) - Special Album,JOY,96142,96142,Dreamus
6,June,9,new,,WATERFALL,B.I,95000,95000,Dreamus
6,June,10,down,-8,혼돈의 장 : FREEZE,TXT,91177,784394,YG PLUS
6,June,11,new,,[&],LOONA,90564,90564,Kakao Entertainment
6,June,12,new,,MUST,2PM,74443,74443,Dreamus
6,June,13,new,,IDENTITY : Action,WEi,73250,73250,Kakao Entertainment
6,June,14,new,,Summer Queen,Brave Girls,71379,71379,Kakao Entertainment
6,June,15,new,,Sneakers,HA SUNG WOON (하성운),62962,62962,Interpark
6,June,16,new,,Fade,Han Seung Woo (한승우),58020,58020,Kakao Entertainment
6,June,17,down,-16,맛 (Hot Sauce) - The 1st Album,NCT DREAM,53951,2049042,Dreamus
6,June,18,new,,Man on the Moon,N.Flying,52974,52974,Kakao Entertainment
6,June,19,new,,CONNECTION,UP10TION,49700,49700,Kakao Entertainment
6,June,20,new,,SIREN : DAWN,A.C.E,39972,39972,Kakao Entertainment
6,June,21,down,-8,ZERO : FEVER Part.2,ATEEZ ,39332,502150,"Genie Music, Stone Music Entertainment"
6,June,22,new,,Point Of View: U,YUGYEOM,38813,38813,"Genie Music, Stone Music Entertainment"
6,June,23,new,,1st EP Album `Bipolar Pt.1 불안의 서`,EPEX ,37427,37427,"Genie Music, Stone Music Entertainment"
6,June,24,new,,BLACKPINK 2021 `THE SHOW` LIVE,BLACKPINK,35000,35000,YG PLUS
6,June,25,new,,TREASURE EP.3 : One To All,ATEEZ ,34017,34008,"Genie Music, Stone Music Entertainment"
6,June,26,new,,TREASURE EP.FIN : All To Action,ATEEZ ,31578,32052,"Genie Music, Stone Music Entertainment"
6,June,27,up,8,LOVE YOURSELF 轉 `Tear`,BTS,29057,164046,YG PLUS
6,June,28,new,,Vanilla,LIGHTSUM,27897,27897,Kakao Entertainment
6,June,29,up,7,LOVE YOURSELF 結 `Answer`,BTS,24018,159708,YG PLUS
6,June,30,new,,안녕 (Hello) - Special Album (TAPE),JOY,23850,23850,Dreamus
6,June,31,down,-5,MAP OF THE SOUL : PERSONA,BTS,23355,154730,YG PLUS
6,June,32,down,-14,NCT RESONANCE Pt. 2 - The 2nd Album,NCT,22222,377856,Dreamus
6,June,33,new,,1st Single Album [Free Pass],DRIPPIN,22206,22206,Kakao Entertainment
6,June,34,up,3,MAP OF THE SOUL : 7,BTS,21308,138694,YG PLUS
6,June,35,down,-29,Advice - The 3rd Mini Album,TAEMIN,21072,120883,Dreamus
6,June,36,new,,ZERO : FEVER Part.1,ATEEZ ,20360,20646,"Genie Music, Stone Music Entertainment"
6,June,37,new,,TREASURE EP.1 : All To Zero,ATEEZ ,20090,20082,"Genie Music, Stone Music Entertainment"
6,June,38,new,,TREASURE EP.2 : Zero To One,ATEEZ ,18655,18652,Genie Music
6,June,39,down,-6,RE:BORN,TO1 ,17516,39961,"Genie Music, Stone Music Entertainment"
6,June,40,down,-2,LOVE YOURSELF 承 `Her`,BTS,17363,144233,YG PLUS
6,June,41,down,-36,BORDER : CARNIVAL,ENHYPEN,13601,636222,"Genie Music, Stone Music Entertainment"
6,June,42,up,5,WINGS,BTS,13584,96053,YG PLUS
6,June,43,up,17,YOU NEVER WALK ALONE,BTS,12933,90124,YG PLUS
6,June,44,up,18,IN生,Stray Kids ,11980,66592,Dreamus
6,June,45,up,10,KILL THIS LOVE,BLACKPINK,11666,62162,YG PLUS
6,June,46,down,-1,화양연화 Young Forever,BTS,11384,92667,YG PLUS
6,June,47,up,4,화양연화 pt.2,BTS,11302,80134,YG PLUS
6,June,48,down,-5,THE ALBUM,BLACKPINK,11124,130256,YG PLUS
6,June,49,new,,NOW : When we are in Love,GHOST9,11040,11040,Bugs (NHN벅스)
6,June,50,up,4,GO生,Stray Kids ,10942,59997,Dreamus
6,June,51,up,7,BE,BTS,10881,970197,YG PLUS
6,June,52,down,-18,3RD ALBUM `An Ode`,SEVENTEEN,10760,80924,YG PLUS
6,June,53,new,,Planet Nine : Alter Ego,ONEWE,10745,10745,Kakao Entertainment
6,June,54,down,-38,The First - The 1st Single Album,NCT DREAM,10389,109573,Dreamus
6,June,55,down,-3,BORDER : DAY ONE,ENHYPEN,10201,94441,"Genie Music, Stone Music Entertainment"
6,June,56,new,,The Classic Album (LP),KIM HO JOONG (김호중),10000,10000,Warner Music
6,June,57,new,,우리家 (LP),KIM HO JOONG (김호중),9996,9996,Kakao Entertainment
6,June,58,down,-1,화양연화 pt.1,BTS,9745,65171,YG PLUS
6,June,59,up,2,Skool Luv Affair,BTS,9730,55605,YG PLUS
6,June,60,down,-43,9 WAY TICKET,fromis_9,9070,58032,"Genie Music, Stone Music Entertainment"
6,June,61,down,-12,minisode1 : Blue Hour,TXT,9054,71328,YG PLUS
6,June,62,new,,One Of A Kind (Kit),MONSTA X,8925,8925,Kakao Entertainment
6,June,63,down,-7,"O! RUL8 ,2?",BTS,8920,56319,YG PLUS
6,June,64,down,-44,Last Melody,EVERGLOW ,8872,45855,"Genie Music, Stone Music Entertainment"
6,June,65,new,,THE INTERSECTION : CONTACT,BDC,8681,8681,Kakao Entertainment
6,June,66,new,,THE OTHER SIDE OF THE MOON,GWSN,8626,8626,Sony Music
6,June,67,new,,ISLAND,ASH ISLAND,8571,8571,"Genie Music, Stone Music Entertainment"
6,June,68,down,-29,Ring Ring,Rocket Punch,8482,26685,Kakao Entertainment
6,June,69,down,-29,CITY OF ONF,ONF,8247,86702,"Genie Music, Stone Music Entertainment"
6,June,70,down,-7,2 Cool 4 Skool,BTS,8131,54645,YG PLUS
6,June,71,down,-3,Dark & Wild,BTS,8028,53536,YG PLUS
6,June,72,down,-61,My attitude,WJSN THE BLACK,7931,73925,Kakao Entertainment
6,June,73,new,,The Volunteers,The Volunteers ,7758,7758,Dreamus
6,June,74,new,,Gatcha!,LUCY,7515,7515,Kakao Entertainment
6,June,75,new,,NCT #127 WE ARE SUPERHUMAN - The 4th Mini Album,NCT 127,7496,23340,Dreamus
6,June,76,new,,NCT #127 Neo Zone - The 2nd Album,NCT 127,7462,73175,"Dreamus, Caroline"
6,June,77,down,-47,DISHARMONY : BREAK OUT,P1Harmony,7449,67150,Kakao Entertainment
6,June,78,down,-8,Cle : LEVANTER,Stray Kids ,7367,44015,Dreamus
6,June,79,down,-3,SQUARE UP,BLACKPINK,7248,43696,YG PLUS
6,June,80,new,,1st Mini Album `VAMOS`,OMEGA X ,7142,7142,Kakao Entertainment
6,June,81,new,,[&] (Kit),LOONA,6736,6736,Kakao Entertainment
6,June,82,down,-34,MO` COMPLETE : HAVE A DREAM,AB6IX ,6497,89801,Warner Music
6,June,83,-,0,TREASURE EPILOGUE : Action To Answer,ATEEZ ,6452,23054,"Genie Music, Stone Music Entertainment"
6,June,84,down,-42,ㅅ (시옷),Sung Si Kyung (성시경),6396,21376,Kakao Entertainment
6,June,85,down,-1,Oneiric Diary (幻想日記),IZ*ONE ,6208,14591,"Genie Music, Stone Music Entertainment"
6,June,86,down,-5,Like Water - The 1st Mini Album (LP),WENDY,6100,11000,Dreamus
6,June,87,down,-14,THE FIRST STEP : TREASURE EFFECT,TREASURE ,5902,302502,YG PLUS
6,June,88,down,-16,I am YOU,Stray Kids ,5857,39666,Dreamus
6,June,89,up,8,5th MINI ALBUM [CHASE],THE BOYZ,5788,20183,Kakao Entertainment
6,June,90,down,-1,꿈의 장: STAR,TXT,5675,38385,YG PLUS
6,June,91,down,-3,Cle 1 : MIROH,Stray Kids ,5641,39996,Dreamus
6,June,92,down,-33,WISH,woo!ah! ,5574,14670,Kakao Entertainment
6,June,93,new,,답장+remastered (LP+CD),KIM DONG RYUL (김동률),5533,5533,Kakao Entertainment
6,June,94,down,-82,We Boom - The 3rd Mini Album,NCT DREAM,5244,129693,Dreamus
6,June,95,up,29,7th Mini Album [GATEWAY],ASTRO,5127,32980,Kakao Entertainment
6,June,96,down,-30,꿈의 장: MAGIC,TXT,5012,46766,YG PLUS
6,June,97,down,-20,R,ROSE,4832,477859,YG PLUS
6,June,98,down,-4,꿈의 장: ETERNITY,TXT,4647,38575,YG PLUS
6,June,99,down,-28,I am NOT,Stray Kids ,4625,39690,Dreamus
6,June,100,new,,오보에,YANGHONGWON (양홍원),4301,4301,Kakao Entertainment
7,July,1,new,,Butter,BTS,2490969,2490969,YG PLUS
7,July,2,new,,공감 - The 1st Mini Album,D.O.,282563,282563,Dreamus
7,July,3,new,,Hello Future - The 1st Album Repackage (Kit),NCT DREAM,268252,268252,Dreamus
7,July,4,new,,TURN OVER,SF9 ,176065,176065,Kakao Entertainment
7,July,5,down,-2,Hello Future - The 1st Album Repackage,NCT DREAM,108750,977836,Dreamus
7,July,6,new,,[Summer Holiday],Dreamcatcher,89981,89981,Sony Music
7,July,7,down,-5,DON`T FIGHT THE FEELING - Special Album,EXO,84162,1300337,Dreamus
7,July,8,down,-7,8th Mini Album `Your Choice`,SEVENTEEN,73817,1465781,YG PLUS
7,July,9,new,,Right Through Me,DAY6 (Even of Day),71099,71099,Dreamus
7,July,10,up,2,MUST,2PM,66657,141100,Dreamus
7,July,11,new,,Windy,JEON SOYEON,38717,38717,Kakao Entertainment
7,July,12,down,-7,One Of A Kind,MONSTA X,36557,342365,Kakao Entertainment
7,July,13,up,28,BORDER : CARNIVAL,ENHYPEN,28558,664780,"Genie Music, Stone Music Entertainment"
7,July,14,up,17,MAP OF THE SOUL : PERSONA,BTS,26535,181265,YG PLUS
7,July,15,up,12,LOVE YOURSELF 轉 `Tear`,BTS,25812,189858,YG PLUS
7,July,16,down,-5,[&],LOONA,24574,115138,Kakao Entertainment
7,July,17,up,12,LOVE YOURSELF 結 `Answer`,BTS,23866,183574,YG PLUS
7,July,18,up,16,MAP OF THE SOUL : 7,BTS,23706,162400,YG PLUS
7,July,19,down,-9,혼돈의 장 : FREEZE,TXT,23649,808043,YG PLUS
7,July,20,new,,Wish,Letteamor,23599,23599,Kakao Entertainment
7,July,21,up,19,LOVE YOURSELF 承 `Her`,BTS,22851,167084,YG PLUS
7,July,22,new,,프리즘,RabidAnce,19693,19693,Dreamus
7,July,23,new,,IITE COOL,DPR LIVE,19659,19659,Kakao Entertainment
7,July,24,down,-11,IDENTITY : Action,WEi,16640,89890,Kakao Entertainment
7,July,25,down,-5,SIREN : DAWN,A.C.E,15829,55801,Kakao Entertainment
7,July,26,up,17,YOU NEVER WALK ALONE,BTS,15721,105845,YG PLUS
7,July,27,up,6,1st Single Album [Free Pass],DRIPPIN,15390,37596,Kakao Entertainment
7,July,28,up,14,WINGS,BTS,15360,111413,YG PLUS
7,July,29,up,80,JUST BURN,JUST B ,14767,18210,Bugs (NHN벅스)
7,July,30,up,25,BORDER : DAY ONE,ENHYPEN,14699,109140,"Genie Music, Stone Music Entertainment"
7,July,31,up,30,minisode1 : Blue Hour,TXT,14510,85838,YG PLUS
7,July,32,up,14,화양연화 Young Forever,BTS,14264,106931,YG PLUS
7,July,33,down,-29,Taste of Love,TWICE,14076,536952,Dreamus
7,July,34,up,1,Advice - The 3rd Mini Album,TAEMIN,14021,134904,Dreamus
7,July,35,new,,`The ReVe Festival` Finale,Red Velvet,13449,49435,Dreamus
7,July,36,up,8,IN生,Stray Kids ,13291,79883,Dreamus
7,July,37,down,-9,Vanilla,LIGHTSUM,13246,41143,Kakao Entertainment
7,July,38,up,13,BE,BTS,13044,983241,YG PLUS
7,July,39,down,-23,Fade,Han Seung Woo (한승우),12958,70978,Kakao Entertainment
7,July,40,up,7,화양연화 pt.2,BTS,12881,93015,YG PLUS
7,July,41,up,9,GO生,Stray Kids ,12702,72699,Dreamus
7,July,42,down,-19,1st EP Album `Bipolar Pt.1 불안의 서`,EPEX ,12113,49540,"Genie Music, Stone Music Entertainment"
7,July,43,new,,NEXT EPISODE,AKMU ,11552,11552,YG PLUS
7,July,44,up,8,3RD ALBUM `An Ode`,SEVENTEEN,11543,92467,YG PLUS
7,July,45,new,,History Of Kingdom : PartⅡ. Chiwoo,KINGDOM ,11376,11376,Warner Music
7,July,46,up,34,1st Mini Album `VAMOS`,OMEGA X ,11253,18395,Kakao Entertainment
7,July,47,up,11,화양연화 pt.1,BTS,10692,75863,YG PLUS
7,July,48,up,15,"O! RUL8 ,2?",BTS,10292,66611,YG PLUS
7,July,49,new,,Summer Magic - Summer Mini Album,Red Velvet,10000,9997,Dreamus
7,July,50,new,,TURN OVER (Kit),SF9 ,9991,9991,Kakao Entertainment
7,July,51,down,-44,riBBon,BamBam,9909,113065,Kakao Entertainment
7,July,52,up,7,Skool Luv Affair,BTS,9801,65406,YG PLUS
7,July,53,new,,City Lights - The 1st Mini Album,BAEKHYUN,9785,24819,Dreamus
7,July,54,up,17,Dark & Wild,BTS,9509,63045,YG PLUS
7,July,55,up,15,2 Cool 4 Skool,BTS,9388,64033,YG PLUS
7,July,56,up,18,Gatcha!,LUCY,9340,16855,Kakao Entertainment
7,July,57,down,-9,THE ALBUM,BLACKPINK,9255,139511,YG PLUS
7,July,58,down,-5,Planet Nine : Alter Ego,ONEWE,9152,19897,Kakao Entertainment
7,July,59,new,,MAD,GOT7,9061,9061,Dreamus
7,July,60,up,36,꿈의 장: MAGIC,TXT,8336,55102,YG PLUS
7,July,61,down,-16,KILL THIS LOVE,BLACKPINK,8031,70193,YG PLUS
7,July,62,new,,Identify,GOT7,8000,8000,Dreamus
7,July,63,up,16,SQUARE UP,BLACKPINK,7133,50829,YG PLUS
7,July,64,up,41,I am WHO,Stray Kids ,7083,42349,Dreamus
7,July,65,down,-1,Last Melody,EVERGLOW ,7079,52934,"Genie Music, Stone Music Entertainment"
7,July,66,up,19,Oneiric Diary (幻想日記),IZ*ONE ,7032,21623,"Genie Music, Stone Music Entertainment"
7,July,67,up,11,Cle : LEVANTER,Stray Kids ,7019,51034,Dreamus
7,July,68,down,-29,RE:BORN,TO1 ,6674,46635,"Genie Music, Stone Music Entertainment"
7,July,69,new,,Eyes On You,GOT7,6666,6662,Dreamus
7,July,70,up,20,꿈의 장: STAR,TXT,6533,44918,YG PLUS
7,July,71,new,,어느 날 우리 집 현관으로 멸망이 들어왔다 OST,Various Artists,6500,6500,MUSIC&NEW
7,July,72,up,19,Cle 1 : MIROH,Stray Kids ,6446,46442,Dreamus
7,July,73,up,31,Cle 2 : Yellow Wood,Stray Kids ,6120,34527,Dreamus
7,July,74,new,,Just right,GOT7,6000,6000,Dreamus
7,July,75,up,12,THE FIRST STEP : TREASURE EFFECT,TREASURE ,5988,308490,YG PLUS
7,July,76,up,22,꿈의 장: ETERNITY,TXT,5977,44552,YG PLUS
7,July,77,down,-59,Man on the Moon,N.Flying,5971,58945,Kakao Entertainment
7,July,78,up,11,5th MINI ALBUM [CHASE],THE BOYZ,5799,25982,Kakao Entertainment
7,July,79,new,,Dream Part.02,ASTRO,5798,8796,Kakao Entertainment
7,July,80,new,,Dream Part.01,ASTRO,5785,8778,Kakao Entertainment
7,July,81,up,2,TREASURE EPILOGUE : Action To Answer,ATEEZ ,5273,28327,"Genie Music, Stone Music Entertainment"
7,July,82,up,6,I am YOU,Stray Kids ,5247,44913,Dreamus
7,July,83,up,16,I am NOT,Stray Kids ,5119,44809,Dreamus
7,July,84,down,-62,Point Of View: U,YUGYEOM,5093,43906,"Genie Music, Stone Music Entertainment"
7,July,85,new,,동행 remastered (LP+CD),KIM DONG RYUL (김동률),5046,5046,Kakao Entertainment
7,July,86,new,,FLIGHT LOG : ARRIVAL,GOT7,4997,4996,Dreamus
7,July,87,new,,`The Story of Light` Epilogue - The 6th Album,SHINee,4965,4960,Dreamus
7,July,88,new,,Be My Reason,Hwang Chi Yeul (황치열),4785,93710,Kakao Entertainment
7,July,89,down,-80,WATERFALL,B.I,4678,99678,Dreamus
7,July,90,new,,FLIGHT LOG : TURBULENCE,GOT7,4581,4579,Dreamus
7,July,91,new,,DYE,GOT7,4578,4550,Dreamus
7,July,92,new,,Present : YOU,GOT7,4543,7220,Dreamus
7,July,93,up,55,BLOO IN WONDERLAND 2,BLOO,4500,6200,Warner Music
7,July,94,new,,MAD Winter Edition,GOT7,4444,4444,Dreamus
7,July,95,new,,GOT♡,GOT7,4383,4383,Dreamus
7,July,96,up,32,MORE & MORE,TWICE,4379,22179,Dreamus
7,July,97,up,50,7th Mini Album `헹가래`,SEVENTEEN,4298,36184,YG PLUS
7,July,98,up,10,Eyes wide open,TWICE,4296,39482,Dreamus
7,July,99,down,-78,ZERO : FEVER Part.2,ATEEZ ,4293,506443,"Genie Music, Stone Music Entertainment"
7,July,100,down,-86,Summer Queen,Brave Girls,4284,75663,Kakao Entertainment
8,August,1,new,,NOEASY,Stray Kids ,1127800,1127800,Dreamus
8,August,2,new,,혼돈의 장: FIGHT OR ESCAPE,TXT,644369,644369,YG PLUS
8,August,3,new,,6TH MINI ALBUM [THRILL-ING],THE BOYZ,615991,615991,Kakao Entertainment
8,August,4,new,,Queendom - The 6th Mini Album,Red Velvet,318696,318696,Dreamus
8,August,5,new,,SWITCH ON,ASTRO,297322,297322,Kakao Entertainment
8,August,6,down,-5,Butter,BTS,153301,2644270,YG PLUS
8,August,7,new,,2nd Album [Game Changer],Golden Child,148177,148177,Kakao Entertainment
8,August,8,new,,1ST ALBUM PART 1 [The Awakening: Written In The Stars],CRAVITY,141588,141588,Kakao Entertainment
8,August,9,new,,1st Album OK Prologue : Be OK,CIX ,103885,103885,Interpark
8,August,10,new,,SUMMER POPUP ALBUM [POPPING],ONF,93475,93475,Sony Music
8,August,11,down,-9,공감 - The 1st Mini Album,D.O.,87449,370012,Dreamus
8,August,12,up,3,LOVE YOURSELF 轉 `Tear`,BTS,76146,266004,YG PLUS
8,August,13,up,4,LOVE YOURSELF 結 `Answer`,BTS,73573,257147,YG PLUS
8,August,14,up,7,LOVE YOURSELF 承 `Her`,BTS,71070,238154,YG PLUS
8,August,15,new,,4U : OUTSIDE,BTOB,59048,59048,Kakao Entertainment
8,August,16,new,,SERIES `O`[ROUND 2: HOLE],VERIVERY,55944,55944,"Genie Music, Stone Music Entertainment"
8,August,17,new,,My Collection,PARK JIHOON (박지훈),55707,55707,Bugs (NHN벅스)
8,August,18,new,,OPEN,KWON EUN BI (권은비),51088,51088,Kakao Entertainment
8,August,19,new,,Splash - MIRAE 2nd Mini Album,MIRAE,49900,49900,Kakao Entertainment
8,August,20,new,,Play Game : Holiday,Weeekly ,42802,42802,Kakao Entertainment
8,August,21,new,,SOMO:FUME,JAY B,40000,40000,Warner Music
8,August,22,down,-16,[Summer Holiday],Dreamcatcher,36313,126294,Sony Music
8,August,23,down,-19,TURN OVER,SF9 ,32818,208883,Kakao Entertainment
8,August,24,down,-10,MAP OF THE SOUL : PERSONA,BTS,32427,213692,YG PLUS
8,August,25,new,,Select Shop,HA SUNG WOON (하성운),31395,31395,Interpark
8,August,26,down,-13,BORDER : CARNIVAL,ENHYPEN,28606,693386,"Genie Music, Stone Music Entertainment"
8,August,27,down,-9,MAP OF THE SOUL : 7,BTS,24434,186834,YG PLUS
8,August,28,new,,6분의1,SUNMI,24420,24420,Kakao Entertainment
8,August,29,new,,BEFORE SUNRISE Part. 3,T1419,23833,23833,Sony Music
8,August,30,-,0,BORDER : DAY ONE,ENHYPEN,19807,128947,"Genie Music, Stone Music Entertainment"
8,August,31,down,-24,DON`T FIGHT THE FEELING - Special Album,EXO,19529,1319866,Dreamus
8,August,32,down,-7,SIREN : DAWN,A.C.E,19079,74880,Kakao Entertainment
8,August,33,down,-2,minisode1 : Blue Hour,TXT,18343,104181,YG PLUS
8,August,34,down,-15,혼돈의 장 : FREEZE,TXT,17385,825428,YG PLUS
8,August,35,down,-3,화양연화 Young Forever,BTS,16328,123259,YG PLUS
8,August,36,new,,THE EARTH : SECRET MISSION Chapter.1,MCND,15576,15576,Kakao Entertainment
8,August,37,new,,"The moment : 未成年, a minor.",KIM WOOJIN (김우진),15448,15448,"Genie Music, Stone Music Entertainment"
8,August,38,new,,After `We Ride`,Brave Girls,15404,15404,Kakao Entertainment
8,August,39,down,-13,YOU NEVER WALK ALONE,BTS,15298,121143,YG PLUS
8,August,40,-,0,화양연화 pt.2,BTS,15145,108160,YG PLUS
8,August,41,down,-36,Hello Future - The 1st Album Repackage,NCT DREAM,14953,992789,Dreamus
8,August,42,up,19,KILL THIS LOVE,BLACKPINK,14926,85119,YG PLUS
8,August,43,new,,환상의 나라,JANNABI,13761,13761,Kakao Entertainment
8,August,44,down,-16,WINGS,BTS,13495,124908,YG PLUS
8,August,45,down,-12,Taste of Love,TWICE,12291,549243,Dreamus
8,August,46,down,-2,3RD ALBUM `An Ode`,SEVENTEEN,12003,104470,YG PLUS
8,August,47,up,5,Skool Luv Affair,BTS,11971,77377,YG PLUS
8,August,48,down,-1,화양연화 pt.1,BTS,11639,87502,YG PLUS
8,August,49,up,5,Dark & Wild,BTS,11445,74490,YG PLUS
8,August,50,up,5,2 Cool 4 Skool,BTS,11245,75278,YG PLUS
8,August,51,up,6,THE ALBUM,BLACKPINK,10964,150475,YG PLUS
8,August,52,down,-14,BE,BTS,10912,994153,YG PLUS
8,August,53,down,-5,"O! RUL8 ,2?",BTS,10896,77507,YG PLUS
8,August,54,down,-38,[&],LOONA,10319,125457,Kakao Entertainment
8,August,55,down,-14,GO生,Stray Kids ,9912,82611,Dreamus
8,August,56,down,-20,IN生,Stray Kids ,9667,89550,Dreamus
8,August,57,new,,Beautiful Night - The 4th Mini Album (LP),YESUNG,9319,9319,Dreamus
8,August,58,new,,`The ReVe Festival` Day 2,Red Velvet,8631,8539,Dreamus
8,August,59,up,16,THE FIRST STEP : TREASURE EFFECT,TREASURE ,7951,316441,YG PLUS
8,August,60,new,,안녕 (Hello) - Special Album (LP),JOY,7756,7756,Dreamus
8,August,61,up,41,NCT #127 Neo Zone - The 2nd Album (Kit),NCT 127,7705,59882,Dreamus
8,August,62,up,50,NCT RESONANCE Pt. 2 - The 2nd Album,NCT,7337,388555,Dreamus
8,August,63,down,-51,One Of A Kind,MONSTA X,7184,349549,Kakao Entertainment
8,August,64,down,-4,꿈의 장: MAGIC,TXT,6414,61516,YG PLUS
8,August,65,up,43,We Go Up - The 2nd Mini Album,NCT DREAM,6191,94308,Dreamus
8,August,66,up,4,꿈의 장: STAR,TXT,5888,50806,YG PLUS
8,August,67,-,0,Cle : LEVANTER,Stray Kids ,5759,56793,Dreamus
8,August,68,up,49,맛 (Hot Sauce) - The 1st Album,NCT DREAM,5744,2057854,Dreamus
8,August,69,up,32,R,ROSE,5305,487225,YG PLUS
8,August,70,new,,Autumn story,ASTRO,5000,7999,Interpark
8,August,71,up,27,Eyes wide open,TWICE,4949,44431,Dreamus
8,August,72,down,-8,I am WHO,Stray Kids ,4905,47254,Dreamus
8,August,73,up,3,꿈의 장: ETERNITY,TXT,4901,49453,YG PLUS
8,August,74,new,,뮤지컬 태양의 노래 OST (온유 ver),ONEW,4874,4874,Universal Music
8,August,75,up,3,5th MINI ALBUM [CHASE],THE BOYZ,4841,30823,Kakao Entertainment
8,August,76,up,7,I am NOT,Stray Kids ,4773,49582,Dreamus
8,August,77,new,,Got it ?,GOT7,4760,4760,Dreamus
8,August,78,up,19,7th Mini Album `헹가래`,SEVENTEEN,4544,40728,YG PLUS
8,August,79,new,,grayground.,GRAY ,4500,4500,Kakao Entertainment
8,August,80,down,-8,Cle 1 : MIROH,Stray Kids ,4490,50932,Dreamus
8,August,81,down,-18,SQUARE UP,BLACKPINK,4441,55270,YG PLUS
8,August,82,new,,kimdongrYULE remastered (LP+CD),KIM DONG RYUL (김동률),4163,4163,Kakao Entertainment
8,August,83,down,-1,I am YOU,Stray Kids ,4106,49019,Dreamus
8,August,84,up,15,ZERO : FEVER Part.2,ATEEZ ,3924,510367,"Genie Music, Stone Music Entertainment"
8,August,85,up,29,SOLO,JENNIE,3906,37556,YG PLUS
8,August,86,down,-20,Oneiric Diary (幻想日記),IZ*ONE ,3843,25466,"Genie Music, Stone Music Entertainment"
8,August,87,up,40,5th Album 'LILAC',IU,3694,388627,Kakao Entertainment
8,August,88,new,,1ST ALBUM PART 1 [The Awakening: Written In The Stars] (Kit),CRAVITY,3676,3676,Kakao Entertainment
8,August,89,down,-16,Cle 2 : Yellow Wood,Stray Kids ,3554,38081,Dreamus
8,August,90,up,28,Special Album '; [Semicolon]',SEVENTEEN,3554,38754,YG PLUS
8,August,91,up,25,IT`z ICY,ITZY ,3491,21546,Dreamus
8,August,92,HOT,,MO` COMPLETE : HAVE A DREAM,AB6IX ,3470,93446,Warner Music
8,August,93,down,-40,City Lights - The 1st Mini Album,BAEKHYUN,3416,28235,Dreamus
8,August,94,down,-65,JUST BURN,JUST B ,3395,21605,Bugs (NHN벅스)
8,August,95,up,14,TREASURE EP.FIN : All To Action,ATEEZ ,3111,39010,"Genie Music, Stone Music Entertainment"
8,August,96,up,42,안녕 (Hello) - Special Album,JOY,3057,101502,Dreamus
8,August,97,new,,Yellow Flower,MAMAMOO,3000,7938,Kakao Entertainment
8,August,98,new,,WANT - The 2nd Mini Album (Kihno),TAEMIN,3000,3000,Dreamus
8,August,99,new,,RED MOON,MAMAMOO,2999,7997,Kakao Entertainment
8,August,100,new,,BLUE;S,MAMAMOO,2998,7810,Kakao Entertainment
9,September,1,new,,Sticker - The 3rd Album,NCT 127,2277575,2277575,Dreamus
9,September,2,new,,ZERO : FEVER Part.3,ATEEZ ,732923,732923,"Genie Music, Stone Music Entertainment"
9,September,3,new,,LALISA,LISA,693079,693079,YG PLUS
9,September,4,new,,CRAZY IN LOVE,ITZY ,335610,335610,Dreamus
9,September,5,up,1,Butter,BTS,230804,2875074,YG PLUS
9,September,6,new,,STEREOTYPE,STAYC,138148,138148,Kakao Entertainment
9,September,7,down,-6,NOEASY,Stray Kids ,100791,1228591,Dreamus
9,September,8,new,,BAD LOVE - The 1st Mini Album,KEY,100372,100372,Dreamus
9,September,9,new,,Blue Letter,WONHO,63718,63718,Kakao Entertainment
9,September,10,new,,LALISA (Kit),LISA,60000,60000,YG PLUS
9,September,11,up,10,SOMO:FUME,JAY B,59367,99367,Warner Music
9,September,12,new,,Chocolate Box,YANG YO SEOP (양요섭),55399,55399,Kakao Entertainment
9,September,13,down,-11,혼돈의 장: FIGHT OR ESCAPE,TXT,53993,698362,YG PLUS
9,September,14,new,,Eternal,Young K,51673,51673,Dreamus
9,September,15,new,,1st Single Album [WHAT`S GOIN` ON],OMEGA X ,45047,45047,DANAL Entertainment
9,September,16,new,,HIDE & SEEK,PURPLE KISS,43924,43924,Kakao Entertainment
9,September,17,up,9,BORDER : CARNIVAL,ENHYPEN,43386,736772,"Genie Music, Stone Music Entertainment"
9,September,18,down,-14,Queendom - The 6th Mini Album,Red Velvet,41374,360070,Dreamus
9,September,19,down,-7,LOVE YOURSELF 轉 `Tear`,BTS,41227,307231,YG PLUS
9,September,20,up,4,MAP OF THE SOUL : PERSONA,BTS,38343,252035,YG PLUS
9,September,21,down,-8,LOVE YOURSELF 結 `Answer`,BTS,37701,294848,YG PLUS
9,September,22,new,,Changer : Dear Eris,A.C.E,36284,36284,Kakao Entertainment
9,September,23,down,-9,LOVE YOURSELF 承 `Her`,BTS,35999,274153,YG PLUS
9,September,24,up,3,MAP OF THE SOUL : 7,BTS,32629,219463,YG PLUS
9,September,25,new,,I SAY MAMAMOO: THE BEST,MAMAMOO,29996,29996,Kakao Entertainment
9,September,26,new,,The Classic Album : NSQG,John Noh,27954,27954,Warner Music
9,September,27,new,,별[星],Jin Hae Seong (진해성),27285,27285,Kakao Entertainment
9,September,28,new,,Talk & Talk,fromis_9,23000,23000,YG PLUS
9,September,29,down,-26,6TH MINI ALBUM [THRILL-ING],THE BOYZ,22564,638555,Kakao Entertainment
9,September,30,HOT,,riBBon,BamBam,20479,134057,Kakao Entertainment
9,September,31,up,13,WINGS,BTS,18605,143513,YG PLUS
9,September,32,new,,BLIND,Ciipher,18324,18324,Kakao Entertainment
9,September,33,up,6,YOU NEVER WALK ALONE,BTS,18221,139364,YG PLUS
9,September,34,up,1,화양연화 Young Forever,BTS,17255,140514,YG PLUS
9,September,35,down,-5,BORDER : DAY ONE,ENHYPEN,17031,145978,"Genie Music, Stone Music Entertainment"
9,September,36,down,-21,4U : OUTSIDE,BTOB,16921,75969,Kakao Entertainment
9,September,37,up,3,화양연화 pt.2,BTS,16518,124678,YG PLUS
9,September,38,new,,1+1=1,HyunA&DAWN,14824,14824,Kakao Entertainment
9,September,39,up,7,3RD ALBUM `An Ode`,SEVENTEEN,13764,118234,YG PLUS
9,September,40,up,13,"O! RUL8 ,2?",BTS,13590,91097,YG PLUS
9,September,41,up,11,BE,BTS,13423,1007576,YG PLUS
9,September,42,up,6,화양연화 pt.1,BTS,13174,100676,YG PLUS
9,September,43,down,-10,minisode1 : Blue Hour,TXT,13170,117351,YG PLUS
9,September,44,down,-34,SUMMER POPUP ALBUM [POPPING],ONF,13139,106614,Sony Music
9,September,45,up,5,2 Cool 4 Skool,BTS,12537,87815,YG PLUS
9,September,46,down,-41,SWITCH ON,ASTRO,12428,309750,Kakao Entertainment
9,September,47,up,2,Dark & Wild,BTS,12343,86833,YG PLUS
9,September,48,new,,Beautiful Sunshine,Lee Eun Sang (이은상),12115,12115,Kakao Entertainment
9,September,49,up,2,THE ALBUM,BLACKPINK,11902,162377,YG PLUS
9,September,50,down,-14,THE EARTH : SECRET MISSION Chapter.1,MCND,11335,26911,Kakao Entertainment
9,September,51,down,-4,Skool Luv Affair,BTS,11006,88383,YG PLUS
9,September,52,up,3,GO生,Stray Kids ,10470,93081,Dreamus
9,September,53,up,18,Eyes wide open,TWICE,10224,54655,Dreamus
9,September,54,new,,"알고있지만, OST",Various Artists,10075,10075,Warner Music
9,September,55,up,1,IN生,Stray Kids ,9868,99418,Dreamus
9,September,56,down,-22,혼돈의 장 : FREEZE,TXT,9802,835230,YG PLUS
9,September,57,down,-15,KILL THIS LOVE,BLACKPINK,9151,94270,YG PLUS
9,September,58,up,8,꿈의 장: STAR,TXT,9045,59851,YG PLUS
9,September,59,down,-48,공감 - The 1st Mini Album,D.O.,8703,378715,Dreamus
9,September,60,down,-37,TURN OVER,SF9 ,8318,217201,Kakao Entertainment
9,September,61,new,,4 ONLY,LeeHi,8315,8315,"Genie Music, Stone Music Entertainment"
9,September,62,down,-17,Taste of Love,TWICE,8146,557389,Dreamus
9,September,63,down,-55,1ST ALBUM PART 1 [The Awakening: Written In The Stars],CRAVITY,7952,149540,Kakao Entertainment
9,September,64,-,0,꿈의 장: MAGIC,TXT,7941,69457,YG PLUS
9,September,65,up,8,꿈의 장: ETERNITY,TXT,7696,57149,YG PLUS
9,September,66,down,-25,Hello Future - The 1st Album Repackage,NCT DREAM,7692,1000481,Dreamus
9,September,67,up,14,SQUARE UP,BLACKPINK,7610,62880,YG PLUS
9,September,68,up,1,R,ROSE,7561,494786,YG PLUS
9,September,69,up,9,7th Mini Album `헹가래`,SEVENTEEN,7398,48126,YG PLUS
9,September,70,down,-54,SERIES `O`[ROUND 2: HOLE],VERIVERY,7265,63209,"Genie Music, Stone Music Entertainment"
9,September,71,down,-53,OPEN,KWON EUN BI (권은비),7095,58183,Kakao Entertainment
9,September,72,up,13,SOLO,JENNIE,6268,43824,YG PLUS
9,September,73,up,2,5th MINI ALBUM [CHASE],THE BOYZ,6194,37017,Kakao Entertainment
9,September,74,down,-15,THE FIRST STEP : TREASURE EFFECT,TREASURE ,6170,322611,YG PLUS
9,September,75,down,-8,Cle : LEVANTER,Stray Kids ,6087,62880,Dreamus
9,September,76,new,,Monologue remastered (LP+CD),KIM DONG RYUL (김동률),5767,5767,Kakao Entertainment
9,September,77,down,-9,맛 (Hot Sauce) - The 1st Album,NCT DREAM,5697,2063551,Dreamus
9,September,78,down,-16,NCT RESONANCE Pt. 2 - The 2nd Album,NCT,5457,394012,Dreamus
9,September,79,down,-48,DON`T FIGHT THE FEELING - Special Album,EXO,5410,1325276,Dreamus
9,September,80,new,,쇼팽: 피아노 협주곡 2번 & 스케르초 (Deluxe),"Gianandrea Noseda, Seong-Jin Cho (조성진), London Symphony Orchestra",5224,5224,Universal Music
9,September,81,up,2,I am YOU,Stray Kids ,5193,54212,Dreamus
9,September,82,down,-2,Cle 1 : MIROH,Stray Kids ,5139,56071,Dreamus
9,September,83,down,-18,We Go Up - The 2nd Mini Album,NCT DREAM,4940,99248,Dreamus
9,September,84,new,,Moments in beteween,Nell,4921,4921,Kakao Entertainment
9,September,85,up,2,5th Album 'LILAC',IU,4380,393007,Kakao Entertainment
9,September,86,up,76,Dear OHMYGIRL,OH MY GIRL,4152,105997,Sony Music
9,September,87,down,-3,ZERO : FEVER Part.2,ATEEZ ,4131,514498,"Genie Music, Stone Music Entertainment"
9,September,88,down,-12,I am NOT,Stray Kids ,4049,53631,Dreamus
9,September,89,new,,펜트하우스 OST,Various Artists,4005,4005,Dreamus
9,September,90,down,-18,I am WHO,Stray Kids ,3918,51172,Dreamus
9,September,91,up,45,Star To A Young Culture,STAYC,3763,16990,Kakao Entertainment
9,September,92,down,-3,Cle 2 : Yellow Wood,Stray Kids ,3722,41803,Dreamus
9,September,93,down,-3,Special Album '; [Semicolon]',SEVENTEEN,3657,42411,YG PLUS
9,September,94,up,24,STAYDOM,STAYC,3657,81909,Kakao Entertainment
9,September,95,down,-75,Play Game : Holiday,Weeekly ,3565,46367,Kakao Entertainment
9,September,96,up,42,YES or YES,TWICE,3534,22077,Dreamus
9,September,97,up,24,TREASURE EP.2 : Zero To One,ATEEZ ,3466,28080,Genie Music
9,September,98,down,-7,IT`z ICY,ITZY ,3214,24760,Dreamus
9,September,99,new,,THE CLAN pt.2.5 [BEAUTIFUL],MONSTA X,3000,5637,Kakao Entertainment
9,September,100,new,,CANVAS,JUNHO,3000,3346,Dreamus
10,October,1,new,,9th Mini Album `Attacca`,SEVENTEEN,1968829,1968829,YG PLUS
10,October,2,new,,DIMENSION : DILEMMA,ENHYPEN,1139099,1139099,"Genie Music, Stone Music Entertainment"
10,October,3,new,,Favorite - The 3rd Album Repackage,NCT 127,626036,626036,Dreamus
10,October,4,new,,Savage - The 1st Mini Album,aespa,519618,519618,Dreamus
10,October,5,down,-1,CRAZY IN LOVE,ITZY ,151997,487607,Dreamus
10,October,6,down,-5,Sticker - The 3rd Album,NCT 127,113618,2391193,Dreamus
10,October,7,new,,MO` COMPLETE,AB6IX ,101604,101604,Warner Music
10,October,8,new,,GLASSY,JO YURI,84133,84133,"Genie Music, Stone Music Entertainment"
10,October,9,up,10,LOVE YOURSELF 轉 `Tear`,BTS,77420,384651,YG PLUS
10,October,10,new,,COLORS from Ars,Young Jae,77138,77138,Kakao Entertainment
10,October,11,up,13,MAP OF THE SOUL : 7,BTS,73144,292607,YG PLUS
10,October,12,new,,..선물,LEE CHAN WON (이찬원),70803,70803,MUSIC&NEW
10,October,13,up,10,LOVE YOURSELF 承 `Her`,BTS,65312,339465,YG PLUS
10,October,14,new,,2nd EP Album `Bipolar Pt.2 사랑의 서`,EPEX ,56750,56750,"Genie Music, Stone Music Entertainment"
10,October,15,up,6,LOVE YOURSELF 結 `Answer`,BTS,55435,350283,YG PLUS
10,October,16,new,,Ctrl+V,LEE JIN HYUK (이진혁),52725,52725,Kakao Entertainment
10,October,17,new,,ONLY LOVERS LEFT,WOODZ ,52500,52500,"Genie Music, Stone Music Entertainment"
10,October,18,down,-13,Butter,BTS,51682,2926756,YG PLUS
10,October,19,up,1,MAP OF THE SOUL : PERSONA,BTS,46015,298050,YG PLUS
10,October,20,new,,NCT RESONANCE Pt. 1 - The 2nd Album,NCT,44987,73397,Dreamus
10,October,21,down,-14,NOEASY,Stray Kids ,44231,1272822,Dreamus
10,October,22,new,,DDARA,Golden Child,37927,37927,Kakao Entertainment
10,October,23,new,,슬기로운 의사생활 시즌2 OST,Various Artists,31468,31468,"Genie Music, Stone Music Entertainment"
10,October,24,new,,Favorite - The 3rd Album Repackage (Kit),NCT 127,30700,30700,Dreamus
10,October,25,new,,TURBULENCE,N.Flying,29200,29200,Kakao Entertainment
10,October,26,down,-1,I SAY MAMAMOO: THE BEST,MAMAMOO,29159,59155,Kakao Entertainment
10,October,27,new,,With,NAM WOO HYUN (남우현),29146,29146,Kakao Entertainment
10,October,28,new,,SEAT-BELT,BLITZERS,28883,28883,Bugs (NHN벅스)
10,October,29,down,-16,혼돈의 장: FIGHT OR ESCAPE,TXT,28833,727195,YG PLUS
10,October,30,new,,WANTED,CNBLUE,27996,27996,Kakao Entertainment
10,October,31,new,,9th Mini Album `Attacca` (Kit),SEVENTEEN,24478,24478,YG PLUS
10,October,32,new,,HOT&COLD,PARK JIHOON (박지훈),23423,23423,Bugs (NHN벅스)
10,October,33,down,-16,BORDER : CARNIVAL,ENHYPEN,20245,757017,"Genie Music, Stone Music Entertainment"
10,October,34,new,,Light a Wish,LIGHTSUM,20170,20170,Kakao Entertainment
10,October,35,new,,JUST BEAT,JUST B ,19591,19591,Bugs (NHN벅스)
10,October,36,down,-28,BAD LOVE - The 1st Mini Album,KEY,19463,119835,Dreamus
10,October,37,up,65,Dark Dream,E`LAST,19130,22130,MUSIC&NEW
10,October,38,up,39,맛 (Hot Sauce) - The 1st Album,NCT DREAM,17716,2081267,Dreamus
10,October,39,down,-27,Chocolate Box,YANG YO SEOP (양요섭),15404,70803,Kakao Entertainment
10,October,40,new,,Boys be LOUD,Various Artists,15372,15372,Dreamus
10,October,41,up,15,혼돈의 장 : FREEZE,TXT,15135,850365,YG PLUS
10,October,42,new,,History Of Kingdom : PartⅢ. Ivan,KINGDOM ,14405,14405,Warner Music
10,October,43,down,-8,BORDER : DAY ONE,ENHYPEN,14096,160074,"Genie Music, Stone Music Entertainment"
10,October,44,new,,ALPHA,CL,12959,12959,Sony Music
10,October,45,new,,선물,Yerin Baek (백예린),12376,12376,Dreamus
10,October,46,new,,감사,Mr. Trot TOP6,12280,12280,Kakao Entertainment
10,October,47,down,-13,화양연화 Young Forever,BTS,11907,152421,YG PLUS
10,October,48,HOT,,`FOLLOW` : FIND YOU,MONSTA X,11693,19833,Kakao Entertainment
10,October,49,down,-34,1st Single Album [WHAT`S GOIN` ON],OMEGA X ,11656,56703,DANAL Entertainment
10,October,50,down,-1,THE ALBUM,BLACKPINK,11291,173668,YG PLUS
10,October,51,up,12,1ST ALBUM PART 1 [The Awakening: Written In The Stars],CRAVITY,10941,160481,Kakao Entertainment
10,October,52,down,-46,STEREOTYPE,STAYC,10918,149066,Kakao Entertainment
10,October,53,down,-20,YOU NEVER WALK ALONE,BTS,10876,150240,YG PLUS
10,October,54,up,1,IN生,Stray Kids ,10738,110156,Dreamus
10,October,55,down,-46,Blue Letter,WONHO,10690,74408,Kakao Entertainment
10,October,56,down,-15,BE,BTS,10394,1017970,YG PLUS
10,October,57,down,-26,WINGS,BTS,10040,153553,YG PLUS
10,October,58,new,,BAD LOVE - The 1st Mini Album (TAPE),KEY,10000,10000,Dreamus
10,October,59,new,,갯마을 차차차 OST,Various Artists,10000,10000,"Genie Music, Stone Music Entertainment"
10,October,60,down,-57,LALISA,LISA,9844,702923,YG PLUS
10,October,61,new,,DONT FIGHT THE FEELING - Special Album (LP),EXO,9406,9406,Dreamus
10,October,62,down,-23,3RD ALBUM `An Ode`,SEVENTEEN,8944,127178,YG PLUS
10,October,63,down,-16,Dark & Wild,BTS,8919,95752,YG PLUS
10,October,64,down,-27,화양연화 pt.2,BTS,8751,133429,YG PLUS
10,October,65,down,-22,minisode1 : Blue Hour,TXT,8628,125979,YG PLUS
10,October,66,down,-26,"O! RUL8 ,2?",BTS,8358,99455,YG PLUS
10,October,67,down,-16,Skool Luv Affair,BTS,8297,96680,YG PLUS
10,October,68,new,,Fatal Love,MONSTA X,7998,16123,Kakao Entertainment
10,October,69,down,-3,Hello Future - The 1st Album Repackage,NCT DREAM,7912,1008393,Dreamus
10,October,70,new,,VENI VIDI VICI,TRI.BE,7885,7885,Universal Music
10,October,71,down,-29,화양연화 pt.1,BTS,7620,108296,YG PLUS
10,October,72,new,,BLAZE (Kit),DO HAN SE,7589,7589,Kakao Entertainment
10,October,73,up,62,Mixtape,Stray Kids ,7452,36177,Dreamus
10,October,74,up,7,I am YOU,Stray Kids ,7201,61413,Dreamus
10,October,75,down,-39,4U : OUTSIDE,BTOB,7136,83105,Kakao Entertainment
10,October,76,down,-19,KILL THIS LOVE,BLACKPINK,7052,101322,YG PLUS
10,October,77,down,-32,2 Cool 4 Skool,BTS,6920,94735,YG PLUS
10,October,78,down,-8,SERIES `O`[ROUND 2: HOLE],VERIVERY,6760,69969,"Genie Music, Stone Music Entertainment"
10,October,79,new,,Fairyforest : Temptation,PIXY ,6250,6250,Genie Music
10,October,80,new,,Fire Saturday,SECRET NUMBER ,5999,5999,Kakao Entertainment
10,October,81,down,-49,BLIND,Ciipher,5940,24264,Kakao Entertainment
10,October,82,down,-30,GO生,Stray Kids ,5752,98833,Dreamus
10,October,83,down,-10,5th MINI ALBUM [CHASE],THE BOYZ,5523,42540,Kakao Entertainment
10,October,84,down,-20,꿈의 장: MAGIC,TXT,5263,74720,YG PLUS
10,October,85,down,-41,SUMMER POPUP ALBUM [POPPING],ONF,5261,111875,Sony Music
10,October,86,down,-14,SOLO,JENNIE,5033,48857,YG PLUS
10,October,87,new,,avante,Giriboy,5000,5000,Kakao Entertainment
10,October,88,down,-30,꿈의 장: STAR,TXT,4954,64805,YG PLUS
10,October,89,down,-22,SQUARE UP,BLACKPINK,4836,67716,YG PLUS
10,October,90,new,,1집+1집 마무리 (LP),Busker Busker,4690,7800,Genie Music
10,October,91,down,-26,꿈의 장: ETERNITY,TXT,4671,61820,YG PLUS
10,October,92,down,-78,Eternal,Young K,4601,56274,Dreamus
10,October,93,down,-25,R,ROSE,4539,499325,YG PLUS
10,October,94,down,-41,Eyes wide open,TWICE,4516,59171,Dreamus
10,October,95,up,48,ZERO : FEVER Part.1,ATEEZ ,4252,30044,"Genie Music, Stone Music Entertainment"
10,October,96,new,,Hello,MAMAMOO,4000,3976,"Genie Music, Stone Music Entertainment"
10,October,97,new,,Melting,MAMAMOO,4000,3994,"Genie Music, Stone Music Entertainment"
10,October,98,new,,MEMORY,MAMAMOO,4000,3997,"Genie Music, Stone Music Entertainment"
10,October,99,down,-5,STAYDOM,STAYC,3949,85858,Kakao Entertainment
10,October,100,down,-10,I am WHO,Stray Kids ,3897,55069,Dreamus
11,November,1,new,,Christmas EveL,Stray Kids ,654658,654658,Dreamus
11,November,2,new,,Formula of Love: O+T=<3,TWICE,632506,632506,Dreamus
11,November,3,new,,3rd Single Album [MAVERICK],THE BOYZ,627987,627987,Kakao Entertainment
11,November,4,new,,NO LIMIT,MONSTA X,399830,399830,Kakao Entertainment
11,November,5,down,-2,Favorite - The 3rd Album Repackage,NCT 127,293401,919437,Dreamus
11,November,6,up,18,Favorite - The 3rd Album Repackage (Kit),NCT 127,201258,231958,Dreamus
11,November,7,new,,RUMINATION,SF9 ,179581,179581,Kakao Entertainment
11,November,8,new,,BLOOD MOON ,ONEUS,175287,175287,Kakao Entertainment
11,November,9,new,,Peaches - The 2nd Mini Album,KAI,129919,129919,Dreamus
11,November,10,new,,"그리움, 아낌없이 주는 나무",JEONG DONG WON (정동원),129119,129119,Kakao Entertainment
11,November,11,new,,COUNTDOWN - The 1st Album (COUNTDOWN Ver.),SUPER JUNIOR-D&E ,78644,78644,Dreamus
11,November,12,new,,COUNTDOWN - The 1st Album (be Ver.),SUPER JUNIOR-D&E ,78045,78045,Dreamus
11,November,13,new,,COUNTDOWN - The 1st Album (California Love Ver.),SUPER JUNIOR-D&E ,77203,77203,Dreamus
11,November,14,down,-13,9th Mini Album `Attacca`,SEVENTEEN,65784,2034613,YG PLUS
11,November,15,new,,폐허가 된다 해도,LEE SEUNG YOON,61558,61558,Kakao Entertainment
11,November,16,new,,XOXO,JEON SOMI,55223,55223,YG PLUS
11,November,17,new,,COSMOS,B.I,52439,52439,Dreamus
11,November,18,new,,Re:T-ARA,T-ara,49300,49300,Dreamus
11,November,19,down,-17,DIMENSION : DILEMMA,ENHYPEN,42862,1181961,"Genie Music, Stone Music Entertainment"
11,November,20,new,,Not Friends Special Edition ,LOONA,41421,41421,Kakao Entertainment
11,November,21,down,-15,Sticker - The 3rd Album,NCT 127,40802,2431995,Dreamus
11,November,22,down,-10,..선물,LEE CHAN WON (이찬원),40584,111387,MUSIC&NEW
11,November,23,down,-9,2nd EP Album `Bipolar Pt.2 사랑의 서`,EPEX ,39011,95761,"Genie Music, Stone Music Entertainment"
11,November,24,new,,RE:ALIZE,TO1 ,34868,34868,"Genie Music, Stone Music Entertainment"
11,November,25,down,-16,LOVE YOURSELF 轉 `Tear`,BTS,34131,418782,YG PLUS
11,November,26,down,-11,LOVE YOURSELF 結 `Answer`,BTS,31850,382133,YG PLUS
11,November,27,new,,Guilty Pleasure,Hwa Sa,30359,30359,Kakao Entertainment
11,November,28,down,-24,Savage - The 1st Mini Album,aespa,29515,549133,Dreamus
11,November,29,down,-11,Butter,BTS,29234,2955990,YG PLUS
11,November,30,down,-11,MAP OF THE SOUL : PERSONA,BTS,27624,325674,YG PLUS
11,November,31,down,-18,LOVE YOURSELF 承 `Her`,BTS,25494,364959,YG PLUS
11,November,32,down,-21,MAP OF THE SOUL : 7,BTS,22359,314966,YG PLUS
11,November,33,down,-1,HOT&COLD,PARK JIHOON (박지훈),19290,42713,Bugs (NHN벅스)
11,November,34,up,30,화양연화 pt.2,BTS,17922,151351,YG PLUS
11,November,35,down,-6,혼돈의 장: FIGHT OR ESCAPE,TXT,17761,744956,YG PLUS
11,November,36,up,17,YOU NEVER WALK ALONE,BTS,17213,167453,YG PLUS
11,November,37,up,20,WINGS,BTS,16463,170016,YG PLUS
11,November,38,up,5,BORDER : DAY ONE,ENHYPEN,15391,175465,"Genie Music, Stone Music Entertainment"
11,November,39,down,-6,BORDER : CARNIVAL,ENHYPEN,15294,772311,"Genie Music, Stone Music Entertainment"
11,November,40,up,25,minisode1 : Blue Hour,TXT,15163,141142,YG PLUS
11,November,41,new,,Electrified : Urban Nostalgia,HA SUNG WOON (하성운),15080,15080,Interpark
11,November,42,new,,the Billage of perception : chapter one,Billlie,14729,14729,Kakao Entertainment
11,November,43,up,4,화양연화 Young Forever,BTS,14282,166703,YG PLUS
11,November,44,up,22,"O! RUL8 ,2?",BTS,14253,113708,YG PLUS
11,November,45,up,26,화양연화 pt.1,BTS,14168,122464,YG PLUS
11,November,46,up,17,Dark & Wild,BTS,13360,109112,YG PLUS
11,November,47,down,-26,NOEASY,Stray Kids ,12977,1285799,Dreamus
11,November,48,up,8,BE,BTS,12711,1030681,YG PLUS
11,November,49,up,18,Skool Luv Affair,BTS,12604,109284,YG PLUS
11,November,50,new,,Purple,MAMAMOO,12512,12498,Stone Music Entertainment
11,November,51,up,26,2 Cool 4 Skool,BTS,11816,106551,YG PLUS
11,November,52,up,26,SERIES `O`[ROUND 2: HOLE],VERIVERY,11628,81597,"Genie Music, Stone Music Entertainment"
11,November,53,new,,I AM ME.,Weki Meki,11377,11377,Kakao Entertainment
11,November,54,down,-3,1ST ALBUM PART 1 [The Awakening: Written In The Stars],CRAVITY,10507,170988,Kakao Entertainment
11,November,55,new,,NO LIMIT (Kit),MONSTA X,10000,10000,Kakao Entertainment
11,November,56,up,37,R,ROSE,9592,508917,YG PLUS
11,November,57,down,-5,STEREOTYPE,STAYC,9119,158185,Kakao Entertainment
11,November,58,up,65,I am NOT,Stray Kids ,8924,64738,Dreamus
11,November,59,down,-18,혼돈의 장 : FREEZE,TXT,8788,859153,YG PLUS
11,November,60,down,-25,JUST BEAT,JUST B ,8630,28221,Bugs (NHN벅스)
11,November,61,up,15,KILL THIS LOVE,BLACKPINK,8554,109876,YG PLUS
11,November,62,-,0,3RD ALBUM `An Ode`,SEVENTEEN,8458,135636,YG PLUS
11,November,63,new,,Killing Me,CHUNGHA,8264,8264,"Genie Music, Stone Music Entertainment"
11,November,64,down,-30,Light a Wish,LIGHTSUM,8246,28416,Kakao Entertainment
11,November,65,down,-15,THE ALBUM,BLACKPINK,7867,181535,YG PLUS
11,November,66,up,42,Cle 1 : MIROH,Stray Kids ,7838,66953,Dreamus
11,November,67,down,-31,BAD LOVE - The 1st Mini Album,KEY,7804,127639,Dreamus
11,November,68,new,,6th Album `END THEORY`,YOUNHA,7421,7421,Kakao Entertainment
11,November,69,down,-31,맛 (Hot Sauce) - The 1st Album,NCT DREAM,7388,2088655,Dreamus
11,November,70,down,-1,Hello Future - The 1st Album Repackage,NCT DREAM,7156,1015549,Dreamus
11,November,71,new,,ID: PITTA,PITTA ,6780,6780,Universal Music
11,November,72,up,10,GO生,Stray Kids ,6727,105560,Dreamus
11,November,73,new,,NOW : Who we are facing,GHOST9,6673,6673,Bugs (NHN벅스)
11,November,74,down,-15,갯마을 차차차 OST,Various Artists,6401,16401,"Genie Music, Stone Music Entertainment"
11,November,75,new,,BLOSSOM,LABOUM,6292,6292,Interpark
11,November,76,up,27,Cle : LEVANTER,Stray Kids ,6227,72584,Dreamus
11,November,77,down,-23,IN生,Stray Kids ,6184,116340,Dreamus
11,November,78,up,6,꿈의 장: MAGIC,TXT,6138,80858,YG PLUS
11,November,79,up,40,Cle 2 : Yellow Wood,Stray Kids ,6128,50279,Dreamus
11,November,80,up,14,Eyes wide open,TWICE,6078,65249,Dreamus
11,November,81,new,,스트릿 우먼 파이터(SWF) Special,Various Artists,6069,6069,"Genie Music, Stone Music Entertainment"
11,November,82,new,,Be My Reason,Hwang Chi Yeul (황치열),5799,99509,Kakao Entertainment
11,November,83,new,,RUMINATION (Kit),SF9 ,5760,5760,Kakao Entertainment
11,November,84,down,-45,Chocolate Box,YANG YO SEOP (양요섭),5691,76494,Kakao Entertainment
11,November,85,new,,Ballad 21 F/W,2AM,5530,5530,"Genie Music, Stone Music Entertainment"
11,November,86,up,3,SQUARE UP,BLACKPINK,5455,73171,YG PLUS
11,November,87,down,-29,BAD LOVE - The 1st Mini Album (TAPE),KEY,5038,15038,Dreamus
11,November,88,down,-80,GLASSY,JO YURI,5035,89168,"Genie Music, Stone Music Entertainment"
11,November,89,new,,MOON AND BACK ,BLOO,5000,5000,Warner Music
11,November,90,up,79,YOU COMPLETE ME,ONF,4742,7738,"Genie Music, Stone Music Entertainment"
11,November,91,down,-3,꿈의 장: STAR,TXT,4699,69504,YG PLUS
11,November,92,down,-1,꿈의 장: ETERNITY,TXT,4507,66327,YG PLUS
11,November,93,down,-71,DDARA,Golden Child,4505,42432,Kakao Entertainment
11,November,94,up,35,bugAboo,bugAboo ,4484,6481,Kakao Entertainment
11,November,95,down,-40,Blue Letter,WONHO,4350,78758,Kakao Entertainment
11,November,96,up,3,STAYDOM,STAYC,4284,90142,Kakao Entertainment
11,November,97,up,16,Rollercoaster,DKB,4226,6951,Genie Music
11,November,98,new,,cignature 2nd EP Album `Dear Diary Moment`,cignature,4199,4199,"Genie Music, Stone Music Entertainment"
11,November,99,up,3,`The ReVe Festival` Day 1,Red Velvet,4035,21270,Dreamus
11,November,100,down,-14,SOLO,JENNIE,3901,52758,YG PLUS
12,December,1,new,,Universe - The 3rd Album,NCT,1630715,1630715,Dreamus
12,December,2,new,,ZERO: FEVER EPILOGUE,ATEEZ ,407165,407165,"Genie Music, Stone Music Entertainment"
12,December,3,new,,ELEVEN,IVE ,268396,268396,Kakao Entertainment
12,December,4,up,5,Peaches - The 2nd Mini Album,KAI,135282,265201,Dreamus
12,December,5,new,,6TH MINI ALBUM [Goosebumps],ONF,109805,109805,Sony Music
12,December,6,new,,Formula of Love: O+T=<3 (Result File Ver.),TWICE,93911,93911,Dreamus
12,December,7,new,,″TO INFINITY.″,MINO ,90585,90585,YG PLUS
12,December,8,down,-7,Christmas EveL,Stray Kids ,88389,743047,Dreamus
12,December,9,new,,2021 Winter SMTOWN : SMCU EXPRESS,SMTOWN,85674,85674,Dreamus
12,December,10,down,-8,Formula of Love: O+T=<3,TWICE,82449,714955,Dreamus
12,December,11,up,18,Butter,BTS,43417,2999407,YG PLUS
12,December,12,new,,Return of The Girl,EVERGLOW ,40809,40809,"Genie Music, Stone Music Entertainment"
12,December,13,up,12,LOVE YOURSELF 轉 `Tear`,BTS,39268,458050,YG PLUS
12,December,14,up,16,MAP OF THE SOUL : PERSONA,BTS,32480,358154,YG PLUS
12,December,15,up,17,MAP OF THE SOUL : 7,BTS,30226,345192,YG PLUS
12,December,16,up,19,혼돈의 장: FIGHT OR ESCAPE,TXT,30165,775121,YG PLUS
12,December,17,up,9,LOVE YOURSELF 結 `Answer`,BTS,29689,411822,YG PLUS
12,December,18,new,,BLUE,LUCY,27291,27291,Kakao Entertainment
12,December,19,new,,THE LETTER,KIM JAE HWAN (김재환),26880,26880,"Genie Music, Stone Music Entertainment"
12,December,20,up,11,LOVE YOURSELF 承 `Her`,BTS,26201,391160,YG PLUS
12,December,21,up,7,Savage - The 1st Mini Album,aespa,25312,574445,Dreamus
12,December,22,down,-18,NO LIMIT,MONSTA X,24788,424618,Kakao Entertainment
12,December,23,down,-9,9th Mini Album `Attacca`,SEVENTEEN,24460,2059073,YG PLUS
12,December,24,down,-5,DIMENSION : DILEMMA,ENHYPEN,23988,1205949,"Genie Music, Stone Music Entertainment"
12,December,25,up,15,minisode1 : Blue Hour,TXT,20737,161879,YG PLUS
12,December,26,up,17,화양연화 Young Forever,BTS,19892,186595,YG PLUS
12,December,27,new,,COUNTDOWN - ZERO ver. (Epilogue),SUPER JUNIOR-D&E ,19694,19694,Dreamus
12,December,28,up,20,BE,BTS,18815,1049496,YG PLUS
12,December,29,up,30,혼돈의 장 : FREEZE,TXT,18764,877917,YG PLUS
12,December,30,new,,Eclipse (Trilogy Ⅲ. Vincere),LA POEM,17857,17857,Dreamus
12,December,31,up,31,3RD ALBUM `An Ode`,SEVENTEEN,17437,153073,YG PLUS
12,December,32,up,15,NOEASY,Stray Kids ,17307,1303106,Dreamus
12,December,33,new,,LOCK UP,FTISLAND ,17131,17131,Kakao Entertainment
12,December,34,up,2,YOU NEVER WALK ALONE,BTS,16945,184398,YG PLUS
12,December,35,up,4,BORDER : CARNIVAL,ENHYPEN,16140,788451,"Genie Music, Stone Music Entertainment"
12,December,36,down,-31,Favorite - The 3rd Album Repackage,NCT 127,15549,934986,Dreamus
12,December,37,down,-27,"그리움, 아낌없이 주는 나무",JEONG DONG WON (정동원),15457,144576,Kakao Entertainment
12,December,38,new,,LALISA (LP),LISA,15444,15444,YG PLUS
12,December,39,down,-5,화양연화 pt.2,BTS,15215,166566,YG PLUS
12,December,40,down,-3,WINGS,BTS,14402,184418,YG PLUS
12,December,41,down,-38,3rd Single Album [MAVERICK],THE BOYZ,14382,642369,Kakao Entertainment
12,December,42,down,-4,BORDER : DAY ONE,ENHYPEN,14367,189832,"Genie Music, Stone Music Entertainment"
12,December,43,new,,Calibrate,Ha Hyunsang (하현상),13571,13571,"Genie Music, Stone Music Entertainment"
12,December,44,up,2,Dark & Wild,BTS,13393,122505,YG PLUS
12,December,45,up,4,Skool Luv Affair,BTS,12001,121285,YG PLUS
12,December,46,down,-2,"O! RUL8 ,2?",BTS,11509,125217,YG PLUS
12,December,47,new,,STUDIO WE : Recording #2,ONEWE,11442,11442,Kakao Entertainment
12,December,48,up,30,꿈의 장: MAGIC,TXT,10811,91669,YG PLUS
12,December,49,up,5,1ST ALBUM PART 1 [The Awakening: Written In The Stars],CRAVITY,10303,181291,Kakao Entertainment
12,December,50,up,11,KILL THIS LOVE,BLACKPINK,10125,120001,YG PLUS
12,December,51,up,40,꿈의 장: STAR,TXT,10098,79602,YG PLUS
12,December,52,down,-10,the Billage of perception : chapter one,Billlie,9969,24698,Kakao Entertainment
12,December,53,down,-8,화양연화 pt.1,BTS,9829,132293,YG PLUS
12,December,54,down,-13,Electrified : Urban Nostalgia,HA SUNG WOON (하성운),9656,24736,Interpark
12,December,55,up,61,CRAZY IN LOVE,ITZY ,9601,500124,Dreamus
12,December,56,up,14,Hello Future - The 1st Album Repackage,NCT DREAM,9456,1025005,Dreamus
12,December,57,up,35,꿈의 장: ETERNITY,TXT,9318,75645,YG PLUS
12,December,58,up,19,IN生,Stray Kids ,9230,125570,Dreamus
12,December,59,up,6,THE ALBUM,BLACKPINK,9194,190729,YG PLUS
12,December,60,down,-9,2 Cool 4 Skool,BTS,8609,115160,YG PLUS
12,December,61,up,8,맛 (Hot Sauce) - The 1st Album,NCT DREAM,8530,2097185,Dreamus
12,December,62,down,-5,STEREOTYPE,STAYC,8344,166529,Kakao Entertainment
12,December,63,up,8,ID: PITTA,PITTA ,8120,14900,Universal Music
12,December,64,new,,7th Mini Album `헹가래`,SEVENTEEN,8058,46021,YG PLUS
12,December,65,down,-9,R,ROSE,7998,516915,YG PLUS
12,December,66,up,6,GO生,Stray Kids ,7903,113463,Dreamus
12,December,67,up,19,SQUARE UP,BLACKPINK,7486,80657,YG PLUS
12,December,68,new,,″TO INFINITY.″ (Kit),MINO ,7318,7318,YG PLUS
12,December,69,new,,1집+1집 마무리 (LP),Busker Busker,7000,14800,Genie Music
12,December,70,down,-43,Guilty Pleasure,Hwa Sa,6949,37308,Kakao Entertainment
12,December,71,down,-18,I AM ME.,Weki Meki,5989,17366,Kakao Entertainment
12,December,72,up,24,STAYDOM,STAYC,5362,95504,Kakao Entertainment
12,December,73,-,0,NOW : Who we are facing,GHOST9,5137,11810,Bugs (NHN벅스)
12,December,74,up,31,Star To A Young Culture,STAYC,4972,29267,Kakao Entertainment
12,December,75,new,,The Volunteers (LP),The Volunteers ,4898,4898,Dreamus
12,December,76,down,-61,폐허가 된다 해도,LEE SEUNG YOON,4708,66266,Kakao Entertainment
12,December,77,up,51,THE FIRST STEP : TREASURE EFFECT,TREASURE ,4676,331320,YG PLUS
12,December,78,up,22,SOLO,JENNIE,4657,57415,YG PLUS
12,December,79,down,-61,Re:T-ARA,T-ara,4656,53956,Dreamus
12,December,80,new,,WATERFALL (LP),B.I,4423,4423,Dreamus
12,December,81,up,32,5th Album 'LILAC',IU,4408,402864,Kakao Entertainment
12,December,82,new,,Just right,GOT7,4103,10103,Dreamus
12,December,83,new,,신세계 : PARANA,Cho MinGyu (조민규),4041,4041,Interpark
12,December,84,new,,THE LETTER (Kit),KIM JAE HWAN (김재환),4000,4000,"Genie Music, Stone Music Entertainment"
12,December,85,new,,SUNRISE (LP),DAY6,3940,3940,Dreamus
12,December,86,new,,MOONRISE (LP),DAY6,3940,3940,Dreamus
12,December,87,new,,Special Album '; [Semicolon]',SEVENTEEN,3854,42708,YG PLUS
12,December,88,up,16,IT`z ICY,ITZY ,3830,34927,Dreamus
12,December,89,down,-73,XOXO,JEON SOMI,3710,58933,YG PLUS
12,December,90,up,46,I am WHO,Stray Kids ,3651,60830,Dreamus
12,December,91,up,11,IT'z ME,ITZY ,3605,30189,Dreamus
12,December,92,up,15,5th MINI ALBUM [CHASE],THE BOYZ,3403,49480,Kakao Entertainment
12,December,93,up,67,TWICEcoaster : LANE 2,TWICE,3244,17896,Dreamus
12,December,94,down,-28,Cle 1 : MIROH,Stray Kids ,3178,70131,Dreamus
12,December,95,up,22,Not Shy,ITZY ,3117,29295,Dreamus
12,December,96,up,49,Merry & Happy,TWICE,3022,15763,Dreamus
12,December,97,up,24,LALISA,LISA,2919,708475,YG PLUS
12,December,98,up,21,VENI VIDI VICI,TRI.BE,2730,13345,Universal Music
12,December,99,up,32,Love poem,IU,2685,31277,Kakao Entertainment
12,December,100,new,,Bye (LP),IM CHANG JUNG (임창정),2607,2607,Warner Music
