OverviewPage,Tournament,Team,Region,TeamRegion,RosterLinks,Roles,Flags
2014 Season World Championship,Worlds 2014,ahq eSports Club,LMS,Asia Pacific,Prydz;;NAZ (Chen Tien-Chih);;westdoor;;GarnetDevil;;GreenTea,Top;;Jungle;;Mid;;Bot;;Support,Taiwan;;Taiwan;;Taiwan;;Taiwan;;Taiwan
2014 Season World Championship,Worlds 2014,Alliance,Europe,Europe,Wickd;;Shook;;Froggen;;Tabzz;;Nyph,Top;;Jungle;;Mid;;Bot;;Support,Denmark;;Netherlands;;Denmark;;Netherlands;;Germany
2014 Season World Championship,Worlds 2014,Cloud9,North America,North America,Balls;;Meteos;;Hai;;Sneaky;;LemonNation,Top;;Jungle;;Mid;;Bot;;Support,United States;;United States;;United States;;United States;;United States
2014 Season World Championship,Worlds 2014,Dark Passage,Turkey,EMEA,fabFabulous;;Crystal;;Naru (Koray Bıçak);;HolyPhoenix;;Touch,Top;;Jungle;;Mid;;Bot;;Support,Turkey;;Turkey;;Turkey;;Turkey;;Norway
2014 Season World Championship,Worlds 2014,EDward Gaming,China,China,Koro1;;Clearlove;;U;;NaMei;;Fzzf,Top;;Jungle;;Mid;;Bot;;Support,China;;China;;China;;China;;China
2014 Season World Championship,Worlds 2014,Fnatic,Europe,EMEA,sOAZ;;Cyanide;;xPeke;;Rekkles;;YellOwStar,Top;;Jungle;;Mid;;Bot;;Support,France;;Finland;;Spain;;Sweden;;France
2014 Season World Championship,Worlds 2014,KaBuM! Esports,Brazil,Americas,LEP;;Danagorn;;TinOwns;;Minerva;;dans,Top;;Jungle;;Mid;;Bot;;Support,Brazil;;Brazil;;Brazil;;Brazil;;Brazil
2014 Season World Championship,Worlds 2014,LMQ,North America,North America,ackerman (Xiao Wang);;NoName (Zhou Qi-Lin);;XiaoWeiXiao;;Vasilii;;Mor,Top;;Jungle;;Mid;;Bot;;Support,China;;China;;China;;China;;China
2014 Season World Championship,Worlds 2014,NaJin White Shield,Korea,Korea,Save;;Watch;;Ggoong;;Zefa;;GorillA,Top;;Jungle;;Mid;;Bot;;Support,South Korea;;South Korea;;South Korea;;South Korea;;South Korea
2014 Season World Championship,Worlds 2014,Oh My God,China,China,Gogoing;;Loveling;;cool;;san (Guo Jun-Liang);;DaDa777;;Cloud (Hu Zhen-Wei),Top;;Jungle;;Mid;;Bot;;Support;;Support,China;;China;;China;;China;;China;;China
2014 Season World Championship,Worlds 2014,Samsung Blue,Korea,Korea,Acorn;;Spirit;;Dade;;Deft;;Heart,Top;;Jungle;;Mid;;Bot;;Support,South Korea;;South Korea;;South Korea;;South Korea;;South Korea
2014 Season World Championship,Worlds 2014,Samsung White,Korea,Korea,Looper;;Dandy;;PawN;;imp;;Mata,Top;;Jungle;;Mid;;Bot;;Support,South Korea;;South Korea;;South Korea;;South Korea;;South Korea
2014 Season World Championship,Worlds 2014,SK Gaming,Europe,EMEA,fredy122;;Gilius;;Svenskeren;;Jesiz;;CandyPanda;;nRated,Top;;Jungle;;Jungle;;Mid;;Bot;;Support,United Kingdom;;Germany;;Denmark;;Denmark;;Germany;;Germany
2014 Season World Championship,Worlds 2014,Star Horn Royal Club,China,,Cola (Jiang Nan);;inSec;;corn (Lei Wen);;Uzi (Jian Zi-Hao);;Zero (Yoon Kyung-sup);;VicaL,Top;;Jungle;;Mid;;Bot;;Support;;Coach,China;;South Korea;;China;;China;;South Korea;;South Korea
2014 Season World Championship,Worlds 2014,Taipei Assassins,LMS,LMS,Achie;;Winds;;Morning;;BeBe (Chang Bo-Wei);;Jay (Li Chieh),Top;;Jungle;;Mid;;Bot;;Support,Taiwan;;Taiwan;;Taiwan;;Taiwan;;Taiwan
2014 Season World Championship,Worlds 2014,TSM,North America,North America,Dyrus;;Amazing (Maurice Stückenschneider);;Bjergsen;;WildTurtle;;Lustboy,Top;;Jungle;;Mid;;Bot;;Support,United States;;Germany;;Denmark;;Canada;;South Korea
2015 Season World Championship,Worlds 2015,ahq eSports Club,LMS,Asia Pacific,Ziv (Chen Yi);;Mountain (Xue Zhao-Hong);;Westdoor;;AN;;Albis;;Backstairs,Top;;Jungle;;Mid;;Bot;;Support;;Coach,Taiwan;;Taiwan;;Taiwan;;Taiwan;;Taiwan;;Taiwan
2015 Season World Championship,Worlds 2015,Bangkok Titans,SEA,SEA,WarL0cK;;007x;;G4;;Lloyd;;Moss (Sorawat Boonphrom);;Cabbage,Top;;Jungle;;Mid;;Bot;;Support;;Coach,Thailand;;Thailand;;Thailand;;Thailand;;Thailand;;Thailand
2015 Season World Championship,Worlds 2015,Cloud9,NA,North America,Balls;;Hai;;Incarnati0n;;Sneaky;;LemonNation;;Bubbadub,Top;;Jungle;;Mid;;Bot;;Support;;Coach,United States;;United States;;Denmark;;United States;;United States;;United States
2015 Season World Championship,Worlds 2015,Counter Logic Gaming,NA,North America,ZionSpartan;;Xmithie;;Pobelter;;Doublelift;;aphromoo;;Zikzlol,Top;;Jungle;;Mid;;Bot;;Support;;Coach,Canada;;Philippines;;United States;;United States;;United States;;United States
2015 Season World Championship,Worlds 2015,EDward Gaming,CN,China,AmazingJ;;Koro1;;Clearlove;;PawN;;Deft;;Meiko;;Aaron (Ji Xing),Top;;Top;;Jungle;;Mid;;Bot;;Support;;Coach,Hong Kong;;China;;China;;South Korea;;South Korea;;China;;China
2015 Season World Championship,Worlds 2015,Flash Wolves,LMS,LMS,Steak;;Karsa;;Maple (Huang Yi-Tang);;Kkramer;;NL (Hsiung Wen-An);;SwordArt;;Fluidwind,Top;;Jungle;;Mid;;Bot;;Bot;;Support;;Coach,Taiwan;;Taiwan;;Taiwan;;South Korea;;Taiwan;;Taiwan;;Taiwan
2015 Season World Championship,Worlds 2015,Fnatic,EU,EMEA,Huni;;Reignover;;Febiven;;Rekkles;;YellOwStaR;;Deilor,Top;;Jungle;;Mid;;Bot;;Support;;Coach,South Korea;;South Korea;;Netherlands;;Sweden;;France;;Spain
2015 Season World Championship,Worlds 2015,H2k-Gaming,EU,Europe,Odoamne;;loulex;;Ryu;;Hjarnan;;kaSing;;pr0lly,Top;;Jungle;;Mid;;Bot;;Support;;Coach,Romania;;France;;South Korea;;Sweden;;United Kingdom;;United States
2015 Season World Championship,Worlds 2015,Invictus Gaming,CN,China,Zz1tai;;KAKAO;;Rookie;;Kid;;Time (Tang Jing-Tai);;Kitties;;Mafa,Top;;Jungle;;Mid;;Bot;;Bot;;Support;;Coach,China;;South Korea;;South Korea;;China;;China;;China;;South Korea
2015 Season World Championship,Worlds 2015,KOO Tigers,KR,,Smeb;;Hojin;;Kuro;;PraY;;GorillA;;NoFe,Top;;Jungle;;Mid;;Bot;;Support;;Coach,South Korea;;South Korea;;South Korea;;South Korea;;South Korea;;South Korea
2015 Season World Championship,Worlds 2015,KT Rolster,KR,Korea,Ssumday;;Score;;Nagne;;Arrow;;Piccaboo;;Oh Chang-jong,Top;;Jungle;;Mid;;Bot;;Support;;Coach,South Korea;;South Korea;;South Korea;;South Korea;;South Korea;;South Korea
2015 Season World Championship,Worlds 2015,LGD Gaming,CN,China,Acorn;;Flame;;TBQ;;GODV (Wei Zhen);;imp;;Pyl (Chen Bo);;FireFox,Top;;Top;;Jungle;;Mid;;Bot;;Support;;Coach,South Korea;;South Korea;;China;;China;;South Korea;;China;;Taiwan
2015 Season World Championship,Worlds 2015,Origen,EU,Europe,Soaz;;Amazing (Maurice Stückenschneider);;xPeke;;Niels;;Mithy;;Hermit,Top;;Jungle;;Mid;;Bot;;Support;;Coach,France;;Germany;;Spain;;Denmark;;Spain;;United States
2015 Season World Championship,Worlds 2015,paiN Gaming,BR,Brazil,Mylon;;SirT;;Kami (Gabriel Bohm Santos);;brTT;;Dioud;;MiT,Top;;Jungle;;Mid;;Bot;;Support;;Coach,Brazil;;Brazil;;Brazil;;Brazil;;France;;Brazil
2015 Season World Championship,Worlds 2015,paiN Gaming,BR,Europe,Mylon;;SirT;;Kami (Gabriel Bohm Santos);;brTT;;Dioud;;MiT,Top;;Jungle;;Mid;;Bot;;Support;;Coach,Brazil;;Brazil;;Brazil;;Brazil;;France;;Brazil
2015 Season World Championship,Worlds 2015,SK Telecom T1,KR,Korea,MaRin;;Bengi;;Faker;;Easyhoon;;Bang;;Wolf (Lee Jae-wan);;kkOma,Top;;Jungle;;Mid;;Mid;;Bot;;Support;;Coach,South Korea;;South Korea;;South Korea;;South Korea;;South Korea;;South Korea;;South Korea
2015 Season World Championship,Worlds 2015,TSM,NA,North America,Dyrus;;Santorin;;Bjergsen;;WildTurtle;;Lustboy;;Locodoco,Top;;Jungle;;Mid;;Bot;;Support;;Coach,United States;;Denmark;;Denmark;;Canada;;South Korea;;South Korea
2016 Season World Championship,Worlds 2016,ahq eSports Club,LMS,Asia Pacific,Ziv (Chen Yi);;Mountain (Xue Zhao-Hong);;Westdoor;;Chawy;;AN;;Albis;;GreenTea,Top;;Jungle;;Mid;;Mid;;Bot;;Support;;Coach,Taiwan;;Taiwan;;Taiwan;;Singapore;;Taiwan;;Taiwan;;Taiwan
2016 Season World Championship,Worlds 2016,Albus NoX Luna,CIS,CIS,Smurf (Dmitri Ivanov);;PvPStejos;;Kira;;aMiracle;;Likkrit;;Ansva,Top;;Jungle;;Mid;;Bot;;Support;;Coach,Russia;;Ukraine;;Ukraine;;Ukraine;;Russia;;Russia
2016 Season World Championship,Worlds 2016,Cloud9,NA,North America,Impact;;Meteos;;Jensen;;Sneaky;;Smoothie;;Reapered,Top;;Jungle;;Mid;;Bot;;Support;;Coach,South Korea;;United States;;Denmark;;United States;;Canada;;South Korea
2016 Season World Championship,Worlds 2016,Counter Logic Gaming,NA,North America,Darshan;;Xmithie;;Huhi;;Stixxay;;aphromoo;;Zikzlol,Top;;Jungle;;Mid;;Bot;;Support;;Coach,Canada;;Philippines;;South Korea;;United States;;United States;;United States
2016 Season World Championship,Worlds 2016,EDward Gaming,CN,China,Mouse;;Koro1;;Clearlove;;PawN;;Scout;;Deft;;Meiko;;RapidStar,Top;;Top;;Jungle;;Mid;;Mid;;Bot;;Support;;Coach,China;;China;;China;;South Korea;;South Korea;;South Korea;;China;;South Korea
2016 Season World Championship,Worlds 2016,Flash Wolves,LMS,LMS,MMD;;Karsa;;Maple (Huang Yi-Tang);;NL (Hsiung Wen-An);;SwordArt;;Fluidwind,Top;;Jungle;;Mid;;Bot;;Support;;Coach,Taiwan;;Taiwan;;Taiwan;;Taiwan;;Taiwan;;Taiwan
2016 Season World Championship,Worlds 2016,G2 Esports,EU,EMEA,Expect;;Trick;;Perkz;;Zven;;mithy;;YoungBuck,Top;;Jungle;;Mid;;Bot;;Support;;Coach,South Korea;;South Korea;;Croatia;;Denmark;;Spain;;Netherlands
2016 Season World Championship,Worlds 2016,H2k-Gaming,EU,Europe,Odoamne;;Jankos;;Ryu;;FORG1VEN;;Vander;;pr0lly,Top;;Jungle;;Mid;;Bot;;Support;;Coach,Romania;;Poland;;South Korea;;Greece;;Poland;;United States
2016 Season World Championship,Worlds 2016,I May,CN,China,AmazingJ;;Avoidless;;Athena;;BaeMe;;Jinjiao;;Road (Yun Han-gil);;Kezman,"Top;;Jungle;;Mid,Support;;Mid;;Bot;;Support;;Coach",Hong Kong;;Hong Kong;;South Korea;;South Korea;;China;;South Korea;;South Korea
2016 Season World Championship,Worlds 2016,INTZ,BR,Brazil,Yang (Felipe Zhao);;Revolta;;tockers;;micaO;;Jockster;;Abaxial,Top;;Jungle;;Mid;;Bot;;Support;;Coach,Brazil;;Brazil;;Brazil;;Brazil;;Brazil;;United States
2016 Season World Championship,Worlds 2016,ROX Tigers,KR,Korea,Smeb;;Peanut;;Kuro;;PraY;;GorillA;;NoFe,Top;;Jungle;;Mid;;Bot;;Support;;Coach,South Korea;;South Korea;;South Korea;;South Korea;;South Korea;;South Korea
2016 Season World Championship,Worlds 2016,Royal Never Give Up,CN,China,Looper;;Mlxg;;Xiaohu;;Uzi (Jian Zi-Hao);;Mata;;Fly (Kim Sang-cheol),Top;;Jungle;;Mid;;Bot;;Support;;Coach,South Korea;;China;;China;;China;;South Korea;;South Korea
2016 Season World Championship,Worlds 2016,Samsung Galaxy,KR,Korea,CuVee;;Ambition;;Crown;;Ruler;;Wraith;;CoreJJ;;Edgar,Top;;Jungle;;Mid;;Bot;;Support;;Support;;Coach,South Korea;;South Korea;;South Korea;;South Korea;;South Korea;;South Korea;;South Korea
2016 Season World Championship,Worlds 2016,SK Telecom T1,KR,Korea,Duke (Lee Ho-seong);;Bengi;;Blank (Kang Sun-gu);;Faker;;Bang;;Wolf (Lee Jae-wan);;kkOma,Top;;Jungle;;Jungle;;Mid;;Bot;;Support;;Coach,South Korea;;South Korea;;South Korea;;South Korea;;South Korea;;South Korea;;South Korea
2016 Season World Championship,Worlds 2016,Splyce,EU,Europe,Wunder;;Trashy;;Sencux;;Kobbe;;Mikyx;;YamatoCannon,Top;;Jungle;;Mid;;Bot;;Support;;Coach,Denmark;;Denmark;;Denmark;;Denmark;;Slovenia;;Sweden
2016 Season World Championship,Worlds 2016,TSM,NA,North America,Hauntzer;;Svenskeren;;Bjergsen;;Doublelift;;Biofrost;;Parth,Top;;Jungle;;Mid;;Bot;;Support;;Coach,United States;;Denmark;;Denmark;;United States;;China;;United States
2017 Season World Championship,,,,,,,
2017 Season World Championship/Main Event,Worlds 2017 Main Event,ahq eSports Club,LMS,Asia Pacific,Ziv (Chen Yi);;Mountain (Xue Zhao-Hong);;Westdoor;;Chawy;;AN;;Albis;;GreenTea,Top;;Jungle;;Mid;;Mid;;Bot;;Support;;Coach,Taiwan;;Taiwan;;Taiwan;;Singapore;;Taiwan;;Taiwan;;Taiwan
2017 Season World Championship/Main Event,Worlds 2017 Main Event,Cloud9,NA,North America,Impact;;Contractz;;Jensen;;Sneaky;;Smoothie;;Reapered,Top;;Jungle;;Mid;;Bot;;Support;;Coach,South Korea;;United States;;Denmark;;United States;;Canada;;South Korea
2017 Season World Championship/Main Event,Worlds 2017 Main Event,EDward Gaming,CN,China,Mouse;;Clearlove7;;Scout;;iBoy;;Meiko;;NoFe,Top;;Jungle;;Mid;;Bot;;Support;;Coach,China;;China;;South Korea;;China;;China;;South Korea
2017 Season World Championship/Main Event,Worlds 2017 Main Event,Fenerbahçe Esports,TR,Turkey,Thaldrin;;Crash;;Frozen (Kim Tae-il);;Padden;;Japone;;Pades,Top;;Jungle;;Mid;;Bot;;Support;;Coach,Turkey;;South Korea;;South Korea;;Turkey;;Turkey;;Turkey
2017 Season World Championship/Main Event,Worlds 2017 Main Event,Flash Wolves,LMS,LMS,MMD;;Karsa;;Maple (Huang Yi-Tang);;Betty;;SwordArT;;Steak,Top;;Jungle;;Mid;;Bot;;Support;;Coach,Taiwan;;Taiwan;;Taiwan;;Taiwan;;Taiwan;;Taiwan
2017 Season World Championship/Main Event,Worlds 2017 Main Event,Fnatic,EU,EMEA,sOAZ;;Broxah;;Caps;;Rekkles;;Jesiz;;Dylan Falco,Top;;Jungle;;Mid;;Bot;;Support;;Coach,France;;Denmark;;Denmark;;Sweden;;Denmark;;Canada
2017 Season World Championship/Main Event,Worlds 2017 Main Event,G2 Esports,EU,EMEA,Expect;;Trick;;Perkz;;Zven;;mithy;;YoungBuck,Top;;Jungle;;Mid;;Bot;;Support;;Coach,South Korea;;South Korea;;Croatia;;Denmark;;Spain;;Netherlands
2017 Season World Championship/Main Event,Worlds 2017 Main Event,GIGABYTE Marines,SEA,,Archie (Trần Minh Nhựt);;Levi;;Optimus;;Noway (Nguyễn Vũ Long);;Nevan;;Sya;;Tinikun,Top;;Jungle;;Mid;;Bot;;Support;;Support;;Coach,Vietnam;;Vietnam;;Vietnam;;Vietnam;;Vietnam;;Vietnam;;Vietnam
2017 Season World Championship/Main Event,Worlds 2017 Main Event,Immortals,NA,North America,Flame;;Xmithie;;Pobelter;;Cody Sun;;Olleh;;SSONG,Top;;Jungle;;Mid;;Bot;;Support;;Coach,South Korea;;Philippines;;United States;;China;;South Korea;;South Korea
2017 Season World Championship/Main Event,Worlds 2017 Main Event,Longzhu Gaming,KR,Korea,Khan;;Rascal;;Cuzz;;Bdd;;PraY;;GorillA;;Kim Jeong-soo,Top;;Top;;Jungle;;Mid;;Bot;;Support;;Coach,South Korea;;South Korea;;South Korea;;South Korea;;South Korea;;South Korea;;South Korea
2017 Season World Championship/Main Event,Worlds 2017 Main Event,Misfits Gaming,EU,Europe,Alphari;;Maxlore;;PowerOfEvil;;Hans Sama;;IgNar;;Daku (Hussain Moosvi),Top;;Jungle;;Mid;;Bot;;Support;;Coach,United Kingdom;;United Kingdom;;Germany;;France;;South Korea;;United Arab Emirates
2017 Season World Championship/Main Event,Worlds 2017 Main Event,Royal Never Give Up,CN,China,Letme;;Mlxg;;Xiaohu;;Uzi (Jian Zi-Hao);;Ming (Shi Sen-Ming);;FireFox,Top;;Jungle;;Mid;;Bot;;Support;;Coach,China;;China;;China;;China;;China;;Taiwan
2017 Season World Championship/Main Event,Worlds 2017 Main Event,Samsung Galaxy,KR,Korea,CuVee;;Ambition;;Haru;;Crown;;Ruler;;CoreJJ;;Edgar,Top;;Jungle;;Jungle;;Mid;;Bot;;Support;;Coach,South Korea;;South Korea;;South Korea;;South Korea;;South Korea;;South Korea;;South Korea
2017 Season World Championship/Main Event,Worlds 2017 Main Event,SK Telecom T1,KR,Korea,Huni;;Peanut;;Blank (Kang Sun-gu);;Faker;;Bang;;Wolf (Lee Jae-wan);;kkOma,Top;;Jungle;;Jungle;;Mid;;Bot;;Support;;Coach,South Korea;;South Korea;;South Korea;;South Korea;;South Korea;;South Korea;;South Korea
2017 Season World Championship/Main Event,Worlds 2017 Main Event,Team WE,CN,China,957;;Condi;;xiye;;Mystic;;Ben;;Homme,Top;;Jungle;;Mid;;Bot;;Support;;Coach,China;;China;;China;;South Korea;;South Korea;;South Korea
2017 Season World Championship/Main Event,Worlds 2017 Main Event,TSM,NA,North America,Hauntzer;;Svenskeren;;Bjergsen;;Doublelift;;Biofrost;;Parth,Top;;Jungle;;Mid;;Bot;;Support;;Coach,United States;;Denmark;;Denmark;;United States;;China;;United States
2017 Season World Championship/Play-In,Worlds 2017 Play-In,Cloud9,NA,North America,Impact;;Contractz;;Jensen;;Sneaky;;Smoothie;;Reapered,Top;;Jungle;;Mid;;Bot;;Support;;Coach,South Korea;;United States;;Denmark;;United States;;Canada;;South Korea
2017 Season World Championship/Play-In,Worlds 2017 Play-In,Dire Wolves,OCE,Asia Pacific,Chippys;;shernfire;;Phantiks;;k1ng;;Destiny (Mitchell Shaw);;Sharp (Curtis Morgan),Top;;Jungle;;Mid;;Bot;;Support;;Coach,New Zealand;;Malaysia;;Australia;;Australia;;Australia;;Australia
2017 Season World Championship/Play-In,Worlds 2017 Play-In,Fenerbahçe Esports,TR,Turkey,Thaldrin;;Crash;;Frozen (Kim Tae-il);;padden;;Japone;;Pades,Top;;Jungle;;Mid;;Bot;;Support;;Coach,Turkey;;South Korea;;South Korea;;Turkey;;Turkey;;Turkey
2017 Season World Championship/Play-In,Worlds 2017 Play-In,Fnatic,EU,EMEA,sOAZ;;Broxah;;Caps;;Rekkles;;Jesiz;;Dylan (Dylan Falco),Top;;Jungle;;Mid;;Bot;;Support;;Coach,France;;Denmark;;Denmark;;Sweden;;Denmark;;Canada
2017 Season World Championship/Play-In,Worlds 2017 Play-In,Gambit Esports,CIS,CIS,PvPStejos;;Diamondprox;;Kira;;Blasting;;EDward;;Invi,Top;;Jungle;;Mid;;Bot;;Support;;Coach,Ukraine;;Russia;;Ukraine;;Latvia;;Armenia;;Russia
2017 Season World Championship/Play-In,Worlds 2017 Play-In,Hong Kong Attitude,LMS,Asia Pacific,Riris;;Godkwai;;Gemini;;M1ssion;;Unified;;Kaiwing;;Tabe,Top;;Jungle;;Jungle;;Mid;;Bot;;Support;;Coach,South Korea;;Hong Kong;;Taiwan;;Taiwan;;Hong Kong;;Hong Kong;;Hong Kong
2017 Season World Championship/Play-In,Worlds 2017 Play-In,Kaos Latin Gamers,LAS,Latin America,MANTARRAYA;;Tierwulf;;Plugo;;Fix;;Slow;;Pierre,Top;;Jungle;;Mid;;Bot;;Support;;Coach,Uruguay;;Chile;;Chile;;Argentina;;Chile;;Argentina
2017 Season World Championship/Play-In,Worlds 2017 Play-In,Lyon Gaming (2013 Latin American Team),LAN,,Jirall;;Oddie;;Seiya;;WhiteLotus;;Genthix;;Yeti (Rodrigo del Castillo),Top;;Jungle;;Mid;;Bot;;Support;;Coach,Mexico;;Peru;;Mexico;;Argentina;;Argentina;;Mexico
2017 Season World Championship/Play-In,Worlds 2017 Play-In,Rampage,JP,Brazil,Evi;;Tussle;;Ramune;;YutoriMoyasi;;Dara;;34,Top;;Jungle;;Mid;;Bot;;Support;;Coach,Japan;;South Korea;;Japan;;Japan;;South Korea;;South Korea
2017 Season World Championship/Play-In,Worlds 2017 Play-In,Rampage,JP,Japan,Evi;;Tussle;;Ramune;;YutoriMoyasi;;Dara;;34,Top;;Jungle;;Mid;;Bot;;Support;;Coach,Japan;;South Korea;;Japan;;Japan;;South Korea;;South Korea
2017 Season World Championship/Play-In,Worlds 2017 Play-In,Team oNe eSports,BR,Brazil,VVvert;;4LaN;;Brucer;;Marf;;Absolut;;RedBert;;Neki,Top;;Jungle;;Mid;;Mid;;Bot;;Support;;Coach,Brazil;;Brazil;;Brazil;;Brazil;;Brazil;;Brazil;;Brazil
2017 Season World Championship/Play-In,Worlds 2017 Play-In,Team WE,CN,China,957;;Condi;;xiye;;Mystic;;Ben;;Zero (Yoon Kyung-sup);;Homme,Top;;Jungle;;Mid;;Bot;;Support;;Support;;Coach,China;;China;;China;;South Korea;;South Korea;;South Korea;;South Korea
2017 Season World Championship/Play-In,Worlds 2017 Play-In,Young Generation,SEA,Vietnam,Ren;;NhocTy;;Venus;;Naul;;BigKoro;;Palette;;Koo,Top;;Top;;Jungle;;Mid;;Bot;;Support;;Coach,Vietnam;;Vietnam;;Vietnam;;Vietnam;;Vietnam;;Vietnam;;Vietnam
2018 Season World Championship,,,,,,,
2018 Season World Championship/Main Event,Worlds 2018 Main Event,100 Thieves,North America,Americas,Ssumday;;AnDa;;Ryu;;Rikara;;aphromoo;;pr0lly,Top;;Jungle;;Mid;;Bot;;Support;;Coach,South Korea;;Canada;;South Korea;;United States;;United States;;United States
2018 Season World Championship/Main Event,Worlds 2018 Main Event,Afreeca Freecs,Korea,,Kiin;;Spirit;;Mowgli;;Kuro;;Kramer;;TusiN;;Comet,Top;;Jungle;;Jungle;;Mid;;Bot;;Support;;Coach,South Korea;;South Korea;;South Korea;;South Korea;;South Korea;;South Korea;;South Korea
2018 Season World Championship/Main Event,Worlds 2018 Main Event,Cloud9,North America,North America,Licorice;;Svenskeren;;Blaber;;Jensen;;Sneaky;;Zeyzal;;Reapered,Top;;Jungle;;Jungle;;Mid;;Bot;;Support;;Coach,Canada;;Denmark;;United States;;Denmark;;United States;;United States;;South Korea
2018 Season World Championship/Main Event,Worlds 2018 Main Event,EDward Gaming,China,China,Ray;;Haro;;Clearlove;;Scout;;iBoy;;Meiko;;NoFe,Top;;Jungle;;Jungle;;Mid;;Bot;;Support;;Coach,South Korea;;China;;China;;South Korea;;China;;China;;South Korea
2018 Season World Championship/Main Event,Worlds 2018 Main Event,Flash Wolves,LMS,LMS,Hanabi (Su Chia-Hsiang);;Moojin;;Maple (Huang Yi-Tang);;Betty;;SwordArt;;WarHorse,Top;;Jungle;;Mid;;Bot;;Support;;Coach,Taiwan;;South Korea;;Taiwan;;Taiwan;;Taiwan;;Taiwan
2018 Season World Championship/Main Event,Worlds 2018 Main Event,Fnatic,Europe,EMEA,sOAZ;;Bwipo;;Broxah;;Caps;;Rekkles;;Hylissang;;Dylan Falco,Top;;Top;;Jungle;;Mid;;Bot;;Support;;Coach,France;;Belgium;;Denmark;;Denmark;;Sweden;;Bulgaria;;Canada
2018 Season World Championship/Main Event,Worlds 2018 Main Event,G-Rex,LMS,Asia Pacific,PK;;baybay;;Empt2y;;Candy (Kim Seung-ju);;Stitch;;Koala (Lin Chih-Chiang);;Wei (Fu Chien-Wei),Top;;Jungle;;Jungle;;Mid;;Bot;;Support;;Coach,Taiwan;;Taiwan;;Hong Kong;;South Korea;;South Korea;;Taiwan;;Taiwan
2018 Season World Championship/Main Event,Worlds 2018 Main Event,G2 Esports,Europe,EMEA,Wunder;;Jankos;;Perkz;;Hjarnan;;Wadid;;GrabbZ,Top;;Jungle;;Mid;;Bot;;Support;;Coach,Denmark;;Poland;;Croatia;;Sweden;;South Korea;;Germany
2018 Season World Championship/Main Event,Worlds 2018 Main Event,Gen.G,Korea,Korea,CuVee;;Haru;;Ambition;;Crown;;Ruler;;CoreJJ;;Edgar,Top;;Jungle;;Jungle;;Mid;;Bot;;Support;;Coach,South Korea;;South Korea;;South Korea;;South Korea;;South Korea;;South Korea;;South Korea
2018 Season World Championship/Main Event,Worlds 2018 Main Event,Invictus Gaming,China,China,Duke (Lee Ho-seong);;TheShy;;Ning;;Rookie;;JackeyLove;;Baolan;;Kim (Kim Jeong-soo),Top;;Top;;Jungle;;Mid;;Bot;;Support;;Coach,South Korea;;South Korea;;China;;South Korea;;China;;China;;South Korea
2018 Season World Championship/Main Event,Worlds 2018 Main Event,KT Rolster,Korea,Korea,Smeb;;Score;;Ucal;;Deft;;Mata;;Noexcuse,Top;;Jungle;;Mid;;Bot;;Support;;Coach,South Korea;;South Korea;;South Korea;;South Korea;;South Korea;;South Korea
2018 Season World Championship/Main Event,Worlds 2018 Main Event,MAD Team,LMS,LMS,Liang;;Kongyue;;Benny (Lien Hsiu-Chi);;Uniboy;;Breeze;;K;;GreenTea,Top;;Jungle;;Jungle;;Mid;;Bot;;Support;;Coach,Taiwan;;Taiwan;;Taiwan;;Taiwan;;Taiwan;;Taiwan;;Taiwan
2018 Season World Championship/Main Event,Worlds 2018 Main Event,Phong Vũ Buffalo,Vietnam,Vietnam,Zeros;;Meliodas (Hoàng Tiến Nhật);;XuHao;;Naul;;BigKoro;;Palette;;Ren,Top;;Jungle;;Jungle;;Mid;;Bot;;Support;;Coach,Vietnam;;Vietnam;;Vietnam;;Vietnam;;Vietnam;;Vietnam;;Vietnam
2018 Season World Championship/Main Event,Worlds 2018 Main Event,Royal Never Give Up,China,China,Letme;;Karsa;;Mlxg;;Xiaohu;;Uzi (Jian Zi-Hao);;Ming (Shi Sen-Ming);;Heart,Top;;Jungle;;Jungle;;Mid;;Bot;;Support;;Coach,China;;Taiwan;;China;;China;;China;;China;;South Korea
2018 Season World Championship/Main Event,Worlds 2018 Main Event,Team Liquid,North America,North America,Impact;;Xmithie;;Pobelter;;Doublelift;;Olleh;;Cain,Top;;Jungle;;Mid;;Bot;;Support;;Coach,South Korea;;Philippines;;United States;;United States;;South Korea;;South Korea
2018 Season World Championship/Main Event,Worlds 2018 Main Event,Team Vitality,Europe,EMEA,Cabochard;;Kikis;;Jiizuke;;Attila;;Jactroll;;YamatoCannon,Top;;Jungle;;Mid;;Bot;;Support;;Coach,France;;Poland;;Italy;;Portugal;;Poland;;Sweden
2018 Season World Championship/Play-In,Worlds 2018 Play-In,Ascension Gaming,SEA,SEA,Rockky;;Lloyd;;G4;;Niksar;;Rich (Warich Kittiwattanawong);;Chainarin,Top;;Jungle;;Mid;;Bot;;Support;;Coach,Thailand;;Thailand;;Thailand;;Russia;;Thailand;;Thailand
2018 Season World Championship/Play-In,Worlds 2018 Play-In,Cloud9,North America,North America,Licorice;;Blaber;;Svenskeren;;Jensen;;Sneaky;;Zeyzal;;Reapered,Top;;Jungle;;Jungle;;Mid;;Bot;;Support;;Coach,Canada;;United States;;Denmark;;Denmark;;United States;;United States;;South Korea
2018 Season World Championship/Play-In,Worlds 2018 Play-In,DetonatioN FocusMe,Japan,Asia Pacific,Evi;;Steal (Mun Geon-yeong);;Ceros;;Yutapon;;viviD;;Kazu,Top;;Jungle;;Mid;;Bot;;Support;;Coach,Japan;;South Korea;;Japan;;Japan;;South Korea;;France
2018 Season World Championship/Play-In,Worlds 2018 Play-In,Dire Wolves,Oceania,Asia Pacific,BioPanther;;UDYSOF;;Shernfire;;Triple;;k1ng;;Cupcake;;Sharp (Curtis Morgan),Top;;Jungle;;Jungle;;Mid;;Bot;;Support;;Coach,Australia;;Australia;;Malaysia;;Australia;;Australia;;New Zealand;;Australia
2018 Season World Championship/Play-In,Worlds 2018 Play-In,EDward Gaming,China,China,Ray;;Clearlove;;Haro;;Scout;;iBoy;;Meiko;;NoFe,Top;;Jungle;;Jungle;;Mid;;Bot;;Support;;Coach,South Korea;;China;;China;;South Korea;;China;;China;;South Korea
2018 Season World Championship/Play-In,Worlds 2018 Play-In,G-Rex,LMS,Asia Pacific,PK;;Empt2y;;Candy (Kim Seung-ju);;Stitch;;Koala (Lin Chih-Chiang);;Wei (Fu Chien-Wei),Top;;Jungle;;Mid;;Bot;;Support;;Coach,Taiwan;;Hong Kong;;South Korea;;South Korea;;Taiwan;;Taiwan
2018 Season World Championship/Play-In,Worlds 2018 Play-In,G2 Esports,Europe,EMEA,Wunder;;Jankos;;Perkz;;Hjarnan;;Wadid;;GrabbZ,Top;;Jungle;;Mid;;Bot;;Support;;Coach,Denmark;;Poland;;Croatia;;Sweden;;South Korea;;Germany
2018 Season World Championship/Play-In,Worlds 2018 Play-In,Gambit Esports,CIS,CIS,PvPStejos;;Diamondprox;;Kira;;Lodik;;Edward;;ATRemains,Top;;Jungle;;Mid;;Bot;;Support;;Coach,Ukraine;;Russia;;Ukraine;;Russia;;Armenia;;Latvia
2018 Season World Championship/Play-In,Worlds 2018 Play-In,INFINITY,LAN,Americas,Relic;;SolidSnake;;Cotopaco;;Renyu;;Arce;;Soren (Carlos Ibarra),Top;;Jungle;;Mid;;Bot;;Support;;Coach,Venezuela;;Peru;;Colombia;;Peru;;Peru;;Mexico
2018 Season World Championship/Play-In,Worlds 2018 Play-In,KaBuM! Esports,Brazil,Americas,Zantins;;Ranger;;dyNquedo;;Titan;;Riyev;;Hiro (Lee Woo-suk),Top;;Jungle;;Mid;;Bot;;Support;;Coach,Brazil;;Brazil;;Brazil;;Brazil;;Brazil;;South Korea
2018 Season World Championship/Play-In,Worlds 2018 Play-In,Kaos Latin Gamers,LAS,Latin America,Nate;;Tierwulf;;Plugo;;Fix;;Slow;;Pierre,Top;;Jungle;;Mid;;Bot;;Support;;Coach,Argentina;;Chile;;Chile;;Argentina;;Chile;;Argentina
2018 Season World Championship/Play-In,Worlds 2018 Play-In,SuperMassive Esports,Turkey,,fabFabulous;;Stomaged;;GBM;;Zeitnot;;SnowFlower;;Irean,Top;;Jungle;;Mid;;Bot;;Support;;Coach,Turkey;;Turkey;;South Korea;;Turkey;;South Korea;;South Korea
2019 Season World Championship,,,,,,,
2019 Season World Championship/Main Event,Worlds 2019 Main Event,ahq eSports Club,LMS,Asia Pacific,Ziv (Chen Yi);;Alex (Chen Yu-Ming);;Rainbow (Kim Soo-gi);;Apex (Hsieh Chia-Wei);;Wako;;Ysera;;NeXAbc,Top;;Jungle;;Mid;;Mid;;Bot;;Support;;Coach,Taiwan;;Taiwan;;South Korea;;Taiwan;;Taiwan;;Taiwan;;Taiwan
2019 Season World Championship/Main Event,Worlds 2019 Main Event,Cloud9,North America,North America,Licorice;;Svenskeren;;Blaber;;Nisqy;;Sneaky;;Deftly;;Zeyzal;;Reapered,Top;;Jungle;;Jungle;;Mid;;Bot;;Bot;;Support;;Coach,Canada;;Denmark;;United States;;Belgium;;United States;;United States;;United States;;South Korea
2019 Season World Championship/Main Event,Worlds 2019 Main Event,Clutch Gaming,North America,North America,Huni;;Lira;;Damonte;;Cody Sun;;Vulcan (Philippe Laflamme);;Thinkcard,Top;;Jungle;;Mid;;Bot;;Support;;Coach,South Korea;;South Korea;;United States;;China;;Canada;;United States
2019 Season World Championship/Main Event,Worlds 2019 Main Event,DAMWON Gaming,Korea,,Nuguri;;Canyon;;ShowMaker;;Nuclear;;BeryL;;Kim (Kim Jeong-soo),Top;;Jungle;;Mid;;Bot;;Support;;Coach,South Korea;;South Korea;;South Korea;;South Korea;;South Korea;;South Korea
2019 Season World Championship/Main Event,Worlds 2019 Main Event,Fnatic,Europe,EMEA,Bwipo;;Broxah;;Nemesis;;Rekkles;;Hylissang;;Youngbuck,Top;;Jungle;;Mid;;Bot;;Support;;Coach,Belgium;;Denmark;;Slovenia;;Sweden;;Bulgaria;;Netherlands
2019 Season World Championship/Main Event,Worlds 2019 Main Event,FunPlus Phoenix,China,China,GimGoon;;Tian;;Doinb;;Lwx;;Crisp;;WarHorse,Top;;Jungle;;Mid;;Bot;;Support;;Coach,South Korea;;China;;South Korea;;China;;China;;Taiwan
2019 Season World Championship/Main Event,Worlds 2019 Main Event,G2 Esports,Europe,EMEA,Wunder;;Jankos;;Caps;;Perkz;;Mikyx;;GrabbZ,Top;;Jungle;;Mid;;Bot;;Support;;Coach,Denmark;;Poland;;Denmark;;Croatia;;Slovenia;;Germany
2019 Season World Championship/Main Event,Worlds 2019 Main Event,GAM Esports,Vietnam,Asia Pacific,Zeros;;Levi;;Kiaya;;Zin;;Hieu3;;Slay;;Yuna,Top;;Jungle;;Mid;;Bot;;Support;;Support;;Coach,Vietnam;;Vietnam;;Vietnam;;Vietnam;;Vietnam;;Vietnam;;Vietnam
2019 Season World Championship/Main Event,Worlds 2019 Main Event,Griffin (Korean Team),Korea,,Sword (Choi Sung-won);;Tarzan (Lee Seung-yong);;Chovy;;Viper (Park Do-hyeon);;Lehends;;Chaos (Byun Young-sub),Top;;Jungle;;Mid;;Bot;;Support;;Coach,South Korea;;South Korea;;South Korea;;South Korea;;South Korea;;South Korea
2019 Season World Championship/Main Event,Worlds 2019 Main Event,Hong Kong Attitude,LMS,Asia Pacific,3Z;;Crash;;M1ssion;;Unified;;Kaiwing;;Chawy,Top;;Jungle;;Mid;;Bot;;Support;;Coach,Taiwan;;South Korea;;Taiwan;;Hong Kong;;Hong Kong;;Singapore
2019 Season World Championship/Main Event,Worlds 2019 Main Event,Invictus Gaming,China,China,TheShy;;Leyan;;Ning;;Rookie;;JackeyLove;;Baolan;;Mafa,Top;;Jungle;;Jungle;;Mid;;Bot;;Support;;Coach,South Korea;;China;;China;;South Korea;;China;;China;;South Korea
2019 Season World Championship/Main Event,Worlds 2019 Main Event,J Team,LMS,Asia Pacific,Rest;;Hana;;FoFo;;Lilv;;Koala (Lin Chih-Chiang);;REFRA1N,Top;;Jungle;;Mid;;Bot;;Support;;Coach,Taiwan;;Taiwan;;Taiwan;;Taiwan;;Taiwan;;Taiwan
2019 Season World Championship/Main Event,Worlds 2019 Main Event,Royal Never Give Up,China,China,Langx;;Karsa;;Xiaohu;;Uzi (Jian Zi-Hao);;Ming (Shi Sen-Ming);;Steak,Top;;Jungle;;Mid;;Bot;;Support;;Coach,China;;Taiwan;;China;;China;;China;;Taiwan
2019 Season World Championship/Main Event,Worlds 2019 Main Event,SK Telecom T1,Korea,Korea,Khan;;Clid;;Faker;;Teddy;;Effort;;Mata;;Zefa,Top;;Jungle;;Mid;;Bot;;Support;;Support;;Coach,South Korea;;South Korea;;South Korea;;South Korea;;South Korea;;South Korea;;South Korea
2019 Season World Championship/Main Event,Worlds 2019 Main Event,Splyce,Europe,Europe,Vizicsacsi;;Xerxe;;Humanoid;;Kobbe;;Norskeren;;Duke (Hadrien Forestier),Top;;Jungle;;Mid;;Bot;;Support;;Coach,Hungary;;Romania;;Czech Republic;;Denmark;;Norway;;France
2019 Season World Championship/Main Event,Worlds 2019 Main Event,Team Liquid,North America,North America,Impact;;Xmithie;;Jensen;;Doublelift;;CoreJJ;;Cain,Top;;Jungle;;Mid;;Bot;;Support;;Coach,South Korea;;Philippines;;Denmark;;United States;;South Korea;;South Korea
2019 Season World Championship/Play-In,Worlds 2019 Play-In,Clutch Gaming,North America,North America,Huni;;Lira;;Damonte;;Cody Sun;;Vulcan (Philippe Laflamme);;Thinkcard,Top;;Jungle;;Mid;;Bot;;Support;;Coach,South Korea;;South Korea;;United States;;China;;Canada;;United States
2019 Season World Championship/Play-In,Worlds 2019 Play-In,DAMWON Gaming,Korea,,Nuguri;;Canyon;;ShowMaker;;Nuclear;;BeryL;;Kim (Kim Jeong-soo),Top;;Jungle;;Mid;;Bot;;Support;;Coach,South Korea;;South Korea;;South Korea;;South Korea;;South Korea;;South Korea
2019 Season World Championship/Play-In,Worlds 2019 Play-In,DetonatioN FocusMe,Japan,Asia Pacific,Evi;;Steal (Mun Geon-yeong);;Ceros;;Yutapon;;Gaeng;;Kazu,Top;;Jungle;;Mid;;Bot;;Support;;Coach,Japan;;South Korea;;Japan;;Japan;;South Korea;;France
2019 Season World Championship/Play-In,Worlds 2019 Play-In,Flamengo Esports,Brazil,,Robo;;Shrimp;;Goku;;brTT;;Luci;;Von (Gabriel Barbosa),Top;;Jungle;;Mid;;Bot;;Support;;Coach,Brazil;;South Korea;;Brazil;;Brazil;;South Korea;;Brazil
2019 Season World Championship/Play-In,Worlds 2019 Play-In,Hong Kong Attitude,LMS,Asia Pacific,3Z;;Crash;;M1ssion;;MnM (Wong Ka Chun);;Unified;;Kaiwing;;Chawy,Top;;Jungle;;Mid;;Bot;;Bot;;Support;;Coach,Taiwan;;South Korea;;Taiwan;;Hong Kong;;Hong Kong;;Hong Kong;;Singapore
2019 Season World Championship/Play-In,Worlds 2019 Play-In,Isurus,Latin America,Brazil,Buggax;;Oddie;;Seiya;;Warangelus;;Slow;;Yeti (Rodrigo del Castillo),Top;;Jungle;;Mid;;Bot;;Support;;Coach,Uruguay;;Peru;;Mexico;;Chile;;Chile;;Mexico
2019 Season World Championship/Play-In,Worlds 2019 Play-In,Lowkey Esports.Vietnam,Vietnam,Vietnam,Hani;;DNK;;Artifact;;Celebrity;;Venus;;Nixwater,Top;;Jungle;;Mid;;Bot;;Support;;Coach,Vietnam;;Vietnam;;Vietnam;;Vietnam;;Vietnam;;Vietnam
2019 Season World Championship/Play-In,Worlds 2019 Play-In,MAMMOTH,Oceania,Asia Pacific,Fudge;;Babip;;Triple;;k1ng;;Destiny (Mitchell Shaw);;Phantiks,Top;;Jungle;;Mid;;Bot;;Support;;Coach,Australia;;Australia;;Australia;;Australia;;Australia;;Australia
2019 Season World Championship/Play-In,Worlds 2019 Play-In,MEGA,SEA,SEA,Rockky;;Lloyd;;G4;;DeuL;;PoP;;WarL0cK,Top;;Jungle;;Mid;;Bot;;Support;;Coach,Thailand;;Thailand;;Thailand;;South Korea;;South Korea;;Thailand
2019 Season World Championship/Play-In,Worlds 2019 Play-In,Royal Youth,Turkey,Turkey,Armut;;Closer (Can Çelik);;Cyeol;;Pilot (Na Woo-hyung);;Tolerant;;Enatron,Top;;Jungle;;Mid;;Bot;;Support;;Coach,Turkey;;Turkey;;South Korea;;South Korea;;Germany;;Greece
2019 Season World Championship/Play-In,Worlds 2019 Play-In,Splyce,Europe,Europe,Vizicsacsi;;Xerxe;;Humanoid;;Kobbe;;Norskeren;;Duke (Hadrien Forestier),Top;;Jungle;;Mid;;Bot;;Support;;Coach,Hungary;;Romania;;Czech Republic;;Denmark;;Norway;;France
2019 Season World Championship/Play-In,Worlds 2019 Play-In,Unicorns of Love.CIS,CIS,CIS,BOSS (Vladislav Fomin);;AHaHaCiK;;Nomanz;;Innaxe;;Edward;;Sheepy,Top;;Jungle;;Mid;;Bot;;Support;;Coach,Russia;;Russia;;Russia;;Bulgaria;;Armenia;;Germany
2020 Season World Championship,,,,,,,
2020 Season World Championship/Main Event,Worlds 2020 Main Event,DAMWON Gaming,KR,,Nuguri;;Canyon;;ShowMaker;;Ghost (Jang Yong-jun);;BeryL;;Zefa;;Daeny,Top;;Jungle;;Mid;;Bot;;Support;;Coach;;Coach,South Korea;;South Korea;;South Korea;;South Korea;;South Korea;;South Korea;;South Korea
2020 Season World Championship/Main Event,Worlds 2020 Main Event,DRX,KR,,Doran (Choi Hyeon-joon);;Pyosik;;Chovy;;Deft;;Keria;;cvMax;;Museong,Top;;Jungle;;Mid;;Bot;;Support;;Coach;;Coach,South Korea;;South Korea;;South Korea;;South Korea;;South Korea;;South Korea;;South Korea
2020 Season World Championship/Main Event,Worlds 2020 Main Event,FlyQuest,NA,North America,Solo (Colin Earnest);;Santorin;;PowerOfEvil;;WildTurtle;;IgNar;;Curry;;MasH,Top;;Jungle;;Mid;;Bot;;Support;;Coach;;Coach,United States;;Denmark;;Germany;;Canada;;South Korea;;United States;;Canada
2020 Season World Championship/Main Event,Worlds 2020 Main Event,Fnatic,EU,EMEA,Bwipo;;Selfmade;;Nemesis;;Rekkles;;Hylissang;;Mithy;;Shaves,Top;;Jungle;;Mid;;Bot;;Support;;Coach;;Coach,Belgium;;Poland;;Slovenia;;Sweden;;Bulgaria;;Spain;;United Kingdom
2020 Season World Championship/Main Event,Worlds 2020 Main Event,G2 Esports,EU,EMEA,Wunder;;Jankos;;Caps;;Perkz;;Mikyx;;GrabbZ;;Duffman,Top;;Jungle;;Mid;;Bot;;Support;;Coach;;Coach,Denmark;;Poland;;Denmark;;Croatia;;Slovenia;;Germany;;United Kingdom
2020 Season World Championship/Main Event,Worlds 2020 Main Event,Gen.G,KR,Korea,Rascal;;Clid;;Bdd;;Ruler;;Life;;oDin (Ju Yeong-dal);;Tom (Im Jae-hyeon),Top;;Jungle;;Mid;;Bot;;Support;;Coach;;Coach,South Korea;;South Korea;;South Korea;;South Korea;;South Korea;;South Korea;;South Korea
2020 Season World Championship/Main Event,Worlds 2020 Main Event,JD Gaming,CN,China,Zoom;;Kanavi;;Yagao;;LokeN;;LvMao;;Homme;;huge,Top;;Jungle;;Mid;;Bot;;Support;;Coach;;Coach,China;;South Korea;;China;;South Korea;;China;;South Korea;;China
2020 Season World Championship/Main Event,Worlds 2020 Main Event,LGD Gaming,CN,China,Langx;;Peanut;;xiye;;Kramer;;Mark (Ling Xu);;Maizijian;;Eimy,Top;;Jungle;;Mid;;Bot;;Support;;Head Coach;;Coach,China;;South Korea;;China;;South Korea;;China;;China;;China
2020 Season World Championship/Main Event,Worlds 2020 Main Event,Machi Esports,PCS,Asia Pacific,PK;;Gemini;;Mission;;Bruce;;Koala (Lin Chih-Chiang);;Mountain (Xue Zhao-Hong);;Dreamer,Top;;Jungle;;Mid;;Bot;;Support;;Coach;;Coach,Taiwan;;Taiwan;;Taiwan;;Taiwan;;Taiwan;;Taiwan;;Taiwan
2020 Season World Championship/Main Event,Worlds 2020 Main Event,PSG Talon,PCS,Asia Pacific,Hanabi (Su Chia-Hsiang);;River (Kim Dong-woo);;Tank;;Unified;;Kaiwing;;Bigfafa;;Saroo,Top;;Jungle;;Mid;;Bot;;Support;;Coach;;Coach,Taiwan;;South Korea;;South Korea;;Hong Kong;;Hong Kong;;South Korea;;South Korea
2020 Season World Championship/Main Event,Worlds 2020 Main Event,Rogue (European Team),EU,,Finn;;Inspired;;Larssen;;Hans sama;;Vander;;fredy122;;Blumigan,Top;;Jungle;;Mid;;Bot;;Support;;Coach;;Coach,Sweden;;Poland;;Sweden;;France;;Poland;;United Kingdom;;Sweden
2020 Season World Championship/Main Event,Worlds 2020 Main Event,Suning,CN,China,Bin (Chen Ze-Bin);;SofM;;Angel (Xiang Tao);;huanfeng;;SwordArt;;Chashao;;Dian,Top;;Jungle;;Mid;;Bot;;Support;;Coach;;Coach,China;;Vietnam;;China;;China;;Taiwan;;Taiwan;;China
2020 Season World Championship/Main Event,Worlds 2020 Main Event,Team Liquid,NA,North America,Impact;;Broxah;;Jensen;;Tactical;;CoreJJ;;Jatt;;Cain,Top;;Jungle;;Mid;;Bot;;Support;;Coach;;Coach,South Korea;;Denmark;;Denmark;;United States;;South Korea;;Canada;;South Korea
2020 Season World Championship/Main Event,Worlds 2020 Main Event,Top Esports,CN,China,369;;Karsa;;knight (Zhuo Ding);;JackeyLove;;yuyanjia;;Crescent (Luo Sheng),Top;;Jungle;;Mid;;Bot;;Support;;Coach,China;;Taiwan;;China;;China;;China;;China
2020 Season World Championship/Main Event,Worlds 2020 Main Event,TSM,NA,North America,Broken Blade;;Spica;;Bjergsen;;Doublelift;;Biofrost;;Parth;;Mabrey,Top;;Jungle;;Mid;;Bot;;Support;;Coach;;Coach,Germany;;China;;Denmark;;United States;;China;;United States;;United States
2020 Season World Championship/Main Event,Worlds 2020 Main Event,Unicorns of Love.CIS,CIS,CIS,BOSS (Vladislav Fomin);;AHaHaCiK;;Nomanz;;Gadget;;SaNTaS;;Sheepy;;Invi,Top;;Jungle;;Mid;;Bot;;Support;;Coach;;Coach,Russia;;Russia;;Russia;;Belarus;;Russia;;Germany;;Russia
2020 Season World Championship/Play-In,Worlds 2020 Play-In,INTZ,BR,Brazil,Tay;;Shini;;Envy (Bruno Farias);;micaO;;RedBert;;Maestro (Lucas Pierre),Top;;Jungle;;Mid;;Bot;;Support;;Coach,Brazil;;Brazil;;Brazil;;Brazil;;Brazil;;Brazil
2020 Season World Championship/Play-In,Worlds 2020 Play-In,Legacy Esports,OCE,Oceania,Topoon;;Babip;;Tally;;Raes;;Isles;;Denian,Top;;Jungle;;Mid;;Bot;;Support;;Coach,South Korea;;Australia;;Australia;;New Zealand;;Australia;;Australia
2020 Season World Championship/Play-In,Worlds 2020 Play-In,LGD Gaming,CN,China,Langx;;Peanut;;xiye;;Kramer;;Mark (Ling Xu);;Maizijian;;Eimy,Top;;Jungle;;Mid;;Bot;;Support;;Head Coach;;Coach,China;;South Korea;;China;;South Korea;;China;;China;;China
2020 Season World Championship/Play-In,Worlds 2020 Play-In,MAD Lions,EU,,Orome;;Shad0w;;Humanoid;;Carzzy;;Kaiser;;Mac;;Kaas,Top;;Jungle;;Mid;;Bot;;Support;;Coach;;Coach,Romania;;Italy;;Czech Republic;;Czech Republic;;Germany;;United Kingdom;;Belgium
2020 Season World Championship/Play-In,Worlds 2020 Play-In,Papara SuperMassive,TR,EMEA,Armut;;KaKAO;;Bolulu;;Zeitnot;;SnowFlower;;GBM;;Pades,Top;;Jungle;;Mid;;Bot;;Support;;Coach;;Coach,Turkey;;South Korea;;Sweden;;Turkey;;South Korea;;South Korea;;Turkey
2020 Season World Championship/Play-In,Worlds 2020 Play-In,PSG Talon,PCS,Asia Pacific,Hanabi (Su Chia-Hsiang);;Kongyue;;Uniboy;;Dee;;Unified;;Kaiwing;;Glen,Top;;Jungle;;Mid;;Bot;;Bot;;Support;;Coach,Taiwan;;Taiwan;;Taiwan;;Taiwan;;Hong Kong;;Hong Kong;;Taiwan
2020 Season World Championship/Play-In,Worlds 2020 Play-In,Rainbow7,LAT,,Acce;;Josedeodo;;Aloned;;Leza;;Shadow (Facundo Cuello);;Skin;;Fallen (Carlos Calderón),Top;;Jungle;;Mid;;Bot;;Support;;Coach;;Coach,Argentina;;Argentina;;Chile;;Mexico;;Argentina;;Mexico;;Mexico
2020 Season World Championship/Play-In,Worlds 2020 Play-In,Team Liquid,NA,North America,Impact;;Broxah;;Jensen;;Tactical;;CoreJJ;;Jatt;;Cain,Top;;Jungle;;Mid;;Bot;;Support;;Coach;;Coach,South Korea;;Denmark;;Denmark;;United States;;South Korea;;Canada;;South Korea
2020 Season World Championship/Play-In,Worlds 2020 Play-In,Unicorns of Love.CIS,CIS,CIS,BOSS (Vladislav Fomin);;AHaHaCiK;;Nomanz;;Gadget;;SaNTaS;;Sheepy;;Invi,Top;;Jungle;;Mid;;Bot;;Support;;Coach;;Coach,Russia;;Russia;;Russia;;Belarus;;Russia;;Germany;;Russia
2020 Season World Championship/Play-In,Worlds 2020 Play-In,V3 Esports,JP,Asia Pacific,Paz;;Bugi;;Ace (Kotoji Mugita);;Archer (Lee Keun-hee);;Raina;;Son,Top;;Jungle;;Mid;;Bot;;Support;;Coach,Japan;;South Korea;;Japan;;South Korea;;Japan;;South Korea
2021 Season World Championship,,,,,,,
2021 Season World Championship/Main Event,Worlds 2021 Main Event,100 Thieves,NA,Americas,Ssumday;;Closer (Can Çelik);;Abbedagge;;FBI;;huhi;;Reapered;;Freeze,Top;;Jungle;;Mid;;Bot;;Support;;Coach;;Coach,South Korea;;Turkey;;Germany;;Australia;;South Korea;;South Korea;;Czech Republic
2021 Season World Championship/Main Event,Worlds 2021 Main Event,Cloud9,NA,North America,Fudge;;Blaber;;Perkz;;Zven;;Vulcan (Philippe Laflamme);;Mithy;;Reignover,Top;;Jungle;;Mid;;Bot;;Support;;Coach;;Coach,Australia;;United States;;Croatia;;Denmark;;Canada;;Spain;;South Korea
2021 Season World Championship/Main Event,Worlds 2021 Main Event,DetonatioN FocusMe,JP,Asia Pacific,Evi;;Steal (Mun Geon-yeong);;Aria (Lee Ga-eul);;Yutapon;;Gaeng;;Kazu;;Yang (Yang Gwang-pyo),Top;;Jungle;;Mid;;Bot;;Support;;Coach;;Coach,Japan;;South Korea;;South Korea;;Japan;;South Korea;;Japan;;South Korea
2021 Season World Championship/Main Event,Worlds 2021 Main Event,DWG KIA,KR,,Khan;;Canyon;;ShowMaker;;Ghost (Jang Yong-jun);;BeryL;;kkOma;;PoohManDu,Top;;Jungle;;Mid;;Bot;;Support;;Coach;;Coach,South Korea;;South Korea;;South Korea;;South Korea;;South Korea;;South Korea;;South Korea
2021 Season World Championship/Main Event,Worlds 2021 Main Event,EDward Gaming,CN,China,Flandre;;JieJie;;Scout;;Viper (Park Do-hyeon);;Meiko;;Maokai (Yang Ji-Song);;KenZhu,Top;;Jungle;;Mid;;Bot;;Support;;Coach;;Coach,China;;China;;South Korea;;South Korea;;China;;China;;China
2021 Season World Championship/Main Event,Worlds 2021 Main Event,Fnatic,EU,EMEA,Adam (Adam Maanane);;Bwipo;;Nisqy;;BEAN (Louis Schmitz);;Hylissang;;YamatoCannon,Top;;Jungle;;Mid;;Bot;;Support;;Coach,France;;Belgium;;Belgium;;Germany;;Bulgaria;;Sweden
2021 Season World Championship/Main Event,Worlds 2021 Main Event,FunPlus Phoenix,CN,China,Nuguri;;Tian;;Doinb;;Lwx;;Crisp;;Steak;;REFRA1N,Top;;Jungle;;Mid;;Bot;;Support;;Coach;;Coach,South Korea;;China;;South Korea;;China;;China;;Taiwan;;Taiwan
2021 Season World Championship/Main Event,Worlds 2021 Main Event,Gen.G,KR,Korea,Rascal;;Burdol;;Clid;;Bdd;;Ruler;;Life;;oDin (Ju Yeong-dal);;Ggoong,Top;;Top;;Jungle;;Mid;;Bot;;Support;;Coach;;Coach,South Korea;;South Korea;;South Korea;;South Korea;;South Korea;;South Korea;;South Korea;;South Korea
2021 Season World Championship/Main Event,Worlds 2021 Main Event,Hanwha Life Esports,KR,Korea,Morgan;;Willer;;Chovy;;Deft;;Vsta;;Kezman;;Sudal,Top;;Jungle;;Mid;;Bot;;Support;;Coach;;Coach,South Korea;;South Korea;;South Korea;;South Korea;;South Korea;;South Korea;;South Korea
2021 Season World Championship/Main Event,Worlds 2021 Main Event,LNG Esports,China,China,Ale;;Tarzan (Lee Seung-yong);;icon;;Light (Wang Guang-Yu);;Iwandy;;Rather;;U,Top;;Jungle;;Mid;;Bot;;Support;;Coach;;Coach,China;;South Korea;;China;;China;;China;;South Korea;;China
2021 Season World Championship/Main Event,Worlds 2021 Main Event,MAD Lions,EU,,Armut;;Elyoya;;Humanoid;;Carzzy;;Kaiser;;Mac;;Kaas,Top;;Jungle;;Mid;;Bot;;Support;;Coach;;Coach,Turkey;;Spain;;Czech Republic;;Czech Republic;;Germany;;United Kingdom;;Belgium
2021 Season World Championship/Main Event,Worlds 2021 Main Event,PSG Talon,PCS,Asia Pacific,Hanabi (Su Chia-Hsiang);;River (Kim Dong-woo);;Maple (Huang Yi-Tang);;Unified;;Kaiwing;;Helper (Kwon Yeong-jae),Top;;Jungle;;Mid;;Bot;;Support;;Coach,Taiwan;;South Korea;;Taiwan;;Hong Kong;;Hong Kong;;South Korea
2021 Season World Championship/Main Event,Worlds 2021 Main Event,Rogue (European Team),EU,,Odoamne;;Inspired;;Larssen;;Hans sama;;Trymbi;;fredy122;;Blumigan,Top;;Jungle;;Mid;;Bot;;Support;;Coach;;Coach,Romania;;Poland;;Sweden;;France;;Poland;;United Kingdom;;Sweden
2021 Season World Championship/Main Event,Worlds 2021 Main Event,Royal Never Give Up,CN,China,Xiaohu;;Wei (Yan Yang-Wei);;Cryin;;GALA;;Ming (Shi Sen-Ming);;Poppy (Chang Po-Hao),Top;;Jungle;;Mid;;Bot;;Support;;Coach,China;;China;;China;;China;;China;;Taiwan
2021 Season World Championship/Main Event,Worlds 2021 Main Event,T1,KR,Korea,Canna;;Oner;;Faker;;Gumayusi;;Keria;;Stardust (Son Seok-hee);;Moment,Top;;Jungle;;Mid;;Bot;;Support;;Coach;;Coach,South Korea;;South Korea;;South Korea;;South Korea;;South Korea;;South Korea;;South Korea
2021 Season World Championship/Main Event,Worlds 2021 Main Event,Team Liquid,NA,North America,Alphari;;Santorin;;Jensen;;Tactical;;CoreJJ;;Kold;;H4xDefender,Top;;Jungle;;Mid;;Bot;;Support;;Coach;;Coach,United Kingdom;;Denmark;;Denmark;;United States;;South Korea;;Denmark;;United States
2021 Season World Championship/Play-In,Worlds 2021 Play-In,Beyond Gaming,PCS,Asia Pacific,PK;;Liang;;Husha;;Maoan;;Doggo;;Kino;;Benny (Lien Hsiu-Chi);;Wulala,"Top,Mid;;Top,Mid;;Jungle;;Mid;;Bot;;Support;;Coach;;Coach",Taiwan;;Taiwan;;Taiwan;;Taiwan;;Taiwan;;Taiwan;;Taiwan;;Taiwan
2021 Season World Championship/Play-In,Worlds 2021 Play-In,Cloud9,NA,North America,Fudge;;Blaber;;Perkz;;Zven;;Vulcan (Philippe Laflamme);;Mithy;;Reignover,Top;;Jungle;;Mid;;Bot;;Support;;Coach;;Coach,Australia;;United States;;Croatia;;Denmark;;Canada;;Spain;;South Korea
2021 Season World Championship/Play-In,Worlds 2021 Play-In,DetonatioN FocusMe,JP,Asia Pacific,Evi;;Steal (Mun Geon-yeong);;Aria (Lee Ga-eul);;Yutapon;;Gaeng;;Kazu;;Yang (Yang Gwang-pyo),Top;;Jungle;;Mid;;Bot;;Support;;Coach;;Coach,Japan;;South Korea;;South Korea;;Japan;;South Korea;;Japan;;South Korea
2021 Season World Championship/Play-In,Worlds 2021 Play-In,Galatasaray Esports,TR,Turkey,Crazy (Kim Jae-hee);;Mojito;;Bolulu;;Alive;;Zergsting;;Irean,Top;;Jungle;;Mid;;Bot;;Support;;Coach,South Korea;;Turkey;;Sweden;;South Korea;;Turkey;;South Korea
2021 Season World Championship/Play-In,Worlds 2021 Play-In,Hanwha Life Esports,KR,Korea,Morgan;;Willer;;Chovy;;Deft;;Vsta;;Kezman;;Sudal,Top;;Jungle;;Mid;;Bot;;Support;;Coach;;Coach,South Korea;;South Korea;;South Korea;;South Korea;;South Korea;;South Korea;;South Korea
2021 Season World Championship/Play-In,Worlds 2021 Play-In,INFINITY,LAT,Americas,Buggax;;SolidSnake;;cody;;Whitelotus;;Ackerman (Gabriel Aparicio);;Von (Gabriel Barbosa);;Snok,Top;;Jungle;;Mid;;Bot;;Support;;Coach;;Coach,Uruguay;;Peru;;Chile;;Argentina;;Argentina;;Brazil;;El Salvador
2021 Season World Championship/Play-In,Worlds 2021 Play-In,LNG Esports,CN,China,Ale;;Tarzan (Lee Seung-yong);;icon;;Light (Wang Guang-Yu);;Iwandy;;Rather;;U,Top;;Jungle;;Mid;;Bot;;Support;;Coach;;Coach,China;;South Korea;;China;;China;;China;;South Korea;;China
2021 Season World Championship/Play-In,Worlds 2021 Play-In,PEACE (Oceanic Team),OCE,,Vizicsacsi;;Babip;;Tally;;Violet (Vincent Wong);;Aladoric;;Colla;;Coach Daniel,Top;;Jungle;;Mid;;Bot;;Support;;Coach;;Coach,Hungary;;Australia;;Australia;;Hong Kong;;Australia;;China;;China
2021 Season World Championship/Play-In,Worlds 2021 Play-In,RED Canids,BR,Brazil,Guigo;;Aegis (Gabriel Lemos);;Grevthar;;Avenger (Adriano Perassoli);;TitaN;;Jojo (Gabriel Dzelme);;Coelho,Top;;Jungle;;Mid;;Mid;;Bot;;Support;;Coach,Brazil;;Brazil;;Brazil;;Brazil;;Brazil;;Brazil;;Brazil
2021 Season World Championship/Play-In,Worlds 2021 Play-In,Unicorns of Love.CIS,CIS,CIS,BOSS (Vladislav Fomin);;AHaHaCiK;;Nomanz;;Argonavt;;SaNTaS;;Sheepy;;Invi,Top;;Jungle;;Mid;;Bot;;Support;;Coach;;Coach,Russia;;Russia;;Russia;;Ukraine;;Russia;;Germany;;Russia
2022 Season World Championship,,,,,,,
2022 Season World Championship/Main Event,Worlds 2022 Main Event,100 Thieves,NA,Americas,Ssumday;;Closer (Can Çelik);;Abbedagge;;FBI;;huhi;;Reapered;;Freeze,Top;;Jungle;;Mid;;Bot;;Support;;Coach;;Coach,South Korea;;Turkey;;Germany;;Australia;;South Korea;;South Korea;;Czech Republic
2022 Season World Championship/Main Event,Worlds 2022 Main Event,Cloud9,NA,North America,Fudge;;Blaber;;Jensen;;Berserker (Kim Min-cheol);;Zven;;Max Waldo;;Reven (Seong Sang-hyeon),Top;;Jungle;;Mid;;Bot;;Support;;Coach;;Coach,Australia;;United States;;Denmark;;South Korea;;Denmark;;United States;;South Korea
2022 Season World Championship/Main Event,Worlds 2022 Main Event,CTBC Flying Oyster,PCS,Asia Pacific,Rest;;Gemini;;Mission;;Shunn;;Atlen;;Koala (Lin Chih-Chiang);;Achie;;Bob (Chang Shao-Tzu),Top;;Jungle;;Mid;;Bot;;Bot;;Support;;Coach;;Coach,Taiwan;;Taiwan;;Taiwan;;Taiwan;;Taiwan;;Taiwan;;Taiwan;;Taiwan
2022 Season World Championship/Main Event,Worlds 2022 Main Event,DRX,KR,,Kingen;;Juhan;;Pyosik;;Zeka (Kim Geon-woo);;Deft;;BeryL;;Ssong;;Mowgli,Top;;Jungle;;Jungle;;Mid;;Bot;;Support;;Coach;;Coach,South Korea;;South Korea;;South Korea;;South Korea;;South Korea;;South Korea;;South Korea;;South Korea
2022 Season World Championship/Main Event,Worlds 2022 Main Event,DWG KIA,KR,,Nuguri;;Canyon;;ShowMaker;;deokdam;;Kellin;;Daeny;;Zefa,Top;;Jungle;;Mid;;Bot;;Support;;Coach;;Coach,South Korea;;South Korea;;South Korea;;South Korea;;South Korea;;South Korea;;South Korea
2022 Season World Championship/Main Event,Worlds 2022 Main Event,EDward Gaming,CN,China,Flandre;;JieJie;;Scout;;Viper (Park Do-hyeon);;Meiko;;Maokai (Yang Ji-Song);;Mni,Top;;Jungle;;Mid;;Bot;;Support;;Coach;;Coach,China;;China;;South Korea;;South Korea;;China;;China;;China
2022 Season World Championship/Main Event,Worlds 2022 Main Event,Evil Geniuses.NA,NA,,Impact;;Inspired;;jojopyun;;Kaori;;Vulcan (Philippe Laflamme);;Rigby;;Turtle (Gabriel Peixoto),Top;;Jungle;;Mid;;Bot;;Support;;Coach;;Coach,South Korea;;Poland;;Canada;;Turkey;;Canada;;South Korea;;Brazil
2022 Season World Championship/Main Event,Worlds 2022 Main Event,Fnatic,EU,EMEA,Wunder;;Razork;;Humanoid;;Upset;;Hylissang;;YamatoCannon;;Shaves,Top;;Jungle;;Mid;;Bot;;Support;;Coach;;Coach,Denmark;;Spain;;Czech Republic;;Germany;;Bulgaria;;Sweden;;United Kingdom
2022 Season World Championship/Main Event,Worlds 2022 Main Event,G2 Esports,EU,EMEA,BrokenBlade;;Jankos;;caPs;;Flakked;;Targamas;;Dylan Falco,Top;;Jungle;;Mid;;Bot;;Support;;Coach,Germany;;Poland;;Denmark;;Spain;;Belgium;;Canada
2022 Season World Championship/Main Event,Worlds 2022 Main Event,GAM Esports,VN,Asia Pacific,Kiaya;;Levi;;Kati;;Sty1e;;Bie;;JackieWind,Top;;Jungle;;Mid;;Bot;;Support;;Coach,Vietnam;;Vietnam;;Vietnam;;Vietnam;;Vietnam;;Vietnam
2022 Season World Championship/Main Event,Worlds 2022 Main Event,Gen.G,KR,Korea,Doran (Choi Hyeon-joon);;Peanut;;Chovy;;Ruler;;Lehends;;Score;;Mafa,Top;;Jungle;;Mid;;Bot;;Support;;Coach;;Coach,South Korea;;South Korea;;South Korea;;South Korea;;South Korea;;South Korea;;South Korea
2022 Season World Championship/Main Event,Worlds 2022 Main Event,JD Gaming,CN,China,369;;Kanavi;;Yagao;;Hope (Wang Jie);;Missing;;Homme;;Vus5o,Top;;Jungle;;Mid;;Bot;;Support;;Coach;;Coach,China;;South Korea;;China;;China;;China;;South Korea;;China
2022 Season World Championship/Main Event,Worlds 2022 Main Event,Rogue (European Team),EU,,Odoamne;;Malrang;;Larssen;;Comp;;Trymbi;;fredy122;;Blumigan,Top;;Jungle;;Mid;;Bot;;Support;;Coach;;Coach,Romania;;South Korea;;Sweden;;Greece;;Poland;;United Kingdom;;Sweden
2022 Season World Championship/Main Event,Worlds 2022 Main Event,Royal Never Give Up,CN,China,Breathe;;Wei (Yan Yang-Wei);;Xiaohu;;GALA;;Ming (Shi Sen-Ming);;KenZhu;;Tabe,Top;;Jungle;;Mid;;Bot;;Support;;Coach;;Coach,China;;China;;China;;China;;China;;China;;Hong Kong
2022 Season World Championship/Main Event,Worlds 2022 Main Event,T1,KR,Korea,Zeus;;Oner;;Faker;;Gumayusi;;Keria;;Bengi;;moment,Top;;Jungle;;Mid;;Bot;;Support;;Coach;;Coach,South Korea;;South Korea;;South Korea;;South Korea;;South Korea;;South Korea;;South Korea
2022 Season World Championship/Main Event,Worlds 2022 Main Event,Top Esports,CN,China,Wayward;;Tian;;knight (Zhuo Ding);;JackeyLove;;Mark (Ling Xu);;Crescent (Luo Sheng);;byg97,Top;;Jungle;;Mid;;Bot;;Support;;Coach;;Coach,China;;China;;China;;China;;China;;China;;China
2022 Season World Championship/Play-In,Worlds 2022 Play-In,Beyond Gaming,PCS,Asia Pacific,Likai;;Liang;;Husha;;Minji;;Wako;;Kino;;Benny (Lien Hsiu-Chi);;Wulala,Top;;Top;;Jungle;;Mid;;Bot;;Support;;Coach;;Coach,Taiwan;;Taiwan;;Taiwan;;Taiwan;;Taiwan;;Taiwan;;Taiwan;;Taiwan
2022 Season World Championship/Play-In,Worlds 2022 Play-In,Chiefs Esports Club,OCE,Asia Pacific,Topoon;;Arthur (Park Mi-reu);;Tally;;Raes;;Aladoric;;Babip;;Aiden Hiko;;Nick Bobir,Top;;Jungle;;Mid;;Bot;;Support;;Coach;;Coach;;Coach,South Korea;;South Korea;;Australia;;New Zealand;;Australia;;Australia;;Australia;;Australia
2022 Season World Championship/Play-In,Worlds 2022 Play-In,DetonatioN FocusMe,JP,Asia Pacific,Evi;;Steal (Mun Geon-yeong);;Yaharong;;Yutapon;;Harp;;Kazu,Top;;Jungle;;Mid;;Bot;;Support;;Head Coach,Japan;;South Korea;;South Korea;;Japan;;South Korea;;Japan
2022 Season World Championship/Play-In,Worlds 2022 Play-In,DRX,KR,,Kingen;;Pyosik;;Juhan;;Zeka (Kim Geon-woo);;Deft;;BeryL;;Ssong;;Mowgli,Top;;Jungle;;Jungle;;Mid;;Bot;;Support;;Coach;;Coach,South Korea;;South Korea;;South Korea;;South Korea;;South Korea;;South Korea;;South Korea;;South Korea
2022 Season World Championship/Play-In,Worlds 2022 Play-In,Evil Geniuses.NA,NA,,Impact;;Inspired;;jojopyun;;Kaori;;Vulcan (Philippe Laflamme);;Rigby,Top;;Jungle;;Mid;;Bot;;Support;;Coach,South Korea;;Poland;;Canada;;Turkey;;Canada;;South Korea
2022 Season World Championship/Play-In,Worlds 2022 Play-In,Fnatic,EU,EMEA,Wunder;;Razork;;Humanoid;;Upset;;Rhuckz;;Hylissang;;YamatoCannon,Top;;Jungle;;Mid;;Bot;;Support;;Support;;Coach,Denmark;;Spain;;Czech Republic;;Germany;;Portugal;;Bulgaria;;Sweden
2022 Season World Championship/Play-In,Worlds 2022 Play-In,Istanbul Wildcats,TR,EMEA,StarScreen;;Ferret;;Serin;;HolyPhoenix;;Farfetch;;TheQep,Top;;Jungle;;Mid;;Bot;;Support;;Coach,Turkey;;Turkey;;Turkey;;Turkey;;Turkey;;Turkey
2022 Season World Championship/Play-In,Worlds 2022 Play-In,Isurus,LAT,Brazil,ADD;;Grell;;seiya;;Gavotto;;Jelly (Son Ho-gyeong);;Ukkyr;;NuNuzera,Top;;Jungle;;Mid;;Bot;;Support;;Coach;;Coach,South Korea;;Mexico;;Mexico;;Mexico;;South Korea;;Argentina;;Portugal
2022 Season World Championship/Play-In,Worlds 2022 Play-In,LOUD,BR,Brazil,Robo;;Croc;;tinowns;;Brance;;Ceos;;Von (Gabriel Barbosa);;BeellzY,Top;;Jungle;;Mid;;Bot;;Support;;Coach;;Coach,Brazil;;South Korea;;Brazil;;Brazil;;Brazil;;Brazil;;Brazil
2022 Season World Championship/Play-In,Worlds 2022 Play-In,MAD Lions,EU,,Armut;;Elyoya;;Nisqy;;UNF0RGIVEN;;Kaiser;;Mac;;Kaas,Top;;Jungle;;Mid;;Bot;;Support;;Coach;;Coach,Turkey;;Spain;;Belgium;;Sweden;;Germany;;United Kingdom;;Belgium
2022 Season World Championship/Play-In,Worlds 2022 Play-In,Royal Never Give Up,CN,China,Breathe;;Wei (Yan Yang-Wei);;Xiaohu;;GALA;;Ming (Shi Sen-Ming);;KenZhu;;Tabe,Top;;Jungle;;Mid;;Bot;;Support;;Coach;;Coach,China;;China;;China;;China;;China;;China;;Hong Kong
2022 Season World Championship/Play-In,Worlds 2022 Play-In,Saigon Buffalo,VN,Vietnam,Hasmed;;BeanJ;;Froggy;;Shogun (Nguyễn Văn Huy);;Taki (Đinh Anh Tài);;Ren,Top;;Jungle;;Mid;;Bot;;Support;;Coach,Vietnam;;Vietnam;;Vietnam;;Vietnam;;Vietnam;;Vietnam
2023 Season World Championship,,,,,,,
2023 Season World Championship/Main Event,Worlds 2023 Main Event,Bilibili Gaming,CN,China,Bin (Chen Ze-Bin);;XUN;;Yagao;;Elk;;ON;;Tabe;;BigWei,Top;;Jungle;;Mid;;Bot;;Support;;Coach;;Coach,China;;China;;China;;China;;China;;Hong Kong;;Taiwan
2023 Season World Championship/Main Event,Worlds 2023 Main Event,Cloud9,NA,North America,Fudge;;Blaber;;EMENES;;Berserker (Kim Min-cheol);;Zven;;Mithy;;Duffman,Top;;Jungle;;Mid;;Bot;;Support;;Coach;;Coach,Australia;;United States;;South Korea;;South Korea;;Denmark;;Spain;;United Kingdom
2023 Season World Championship/Main Event,Worlds 2023 Main Event,Dplus Kia,KR,Korea,Canna;;Canyon;;ShowMaker;;Deft;;Kellin;;Acorn;;Bubbling,Top;;Jungle;;Mid;;Bot;;Support;;Coach;;Coach,South Korea;;South Korea;;South Korea;;South Korea;;South Korea;;South Korea;;South Korea
2023 Season World Championship/Main Event,Worlds 2023 Main Event,Fnatic,EMEA,EMEA,Oscarinin;;Razork;;Humanoid;;Noah (Oh Hyeon-taek);;Trymbi;;Nightshare;;Hiiva,Top;;Jungle;;Mid;;Bot;;Support;;Coach;;Coach,Spain;;Spain;;Czech Republic;;South Korea;;Poland;;Czech Republic;;Finland
2023 Season World Championship/Main Event,Worlds 2023 Main Event,G2 Esports,EMEA,EMEA,BrokenBlade;;Yike;;Caps;;Hans Sama;;Mikyx;;Dylan Falco,Top;;Jungle;;Mid;;Bot;;Support;;Coach,Germany;;Sweden;;Denmark;;France;;Slovenia;;Canada
2023 Season World Championship/Main Event,Worlds 2023 Main Event,GAM Esports,VN,Asia Pacific,Kiaya;;Levi;;Kati;;Slayder;;Palette;;Hankay;;Rei,Top;;Jungle;;Mid;;Bot;;Support;;Coach;;Coach,Vietnam;;Vietnam;;Vietnam;;Vietnam;;Vietnam;;Vietnam;;Vietnam
2023 Season World Championship/Main Event,Worlds 2023 Main Event,Gen.G,KR,Korea,Doran (Choi Hyeon-joon);;Peanut;;Chovy;;Peyz;;Delight;;Score;;Mafa,Top;;Jungle;;Mid;;Bot;;Support;;Coach;;Coach,South Korea;;South Korea;;South Korea;;South Korea;;South Korea;;South Korea;;South Korea
2023 Season World Championship/Main Event,Worlds 2023 Main Event,JD Gaming,CN,China,369;;Kanavi;;knight (Zhuo Ding);;Ruler;;MISSING;;Homme;;Viod (Lu Fan),Top;;Jungle;;Mid;;Bot;;Support;;Coach;;Coach,China;;South Korea;;China;;South Korea;;China;;South Korea;;China
2023 Season World Championship/Main Event,Worlds 2023 Main Event,KT Rolster,KR,Korea,Kiin;;Cuzz;;Bdd;;Aiming;;Lehends;;Hirai;;RapidStar,Top;;Jungle;;Mid;;Bot;;Support;;Coach;;Coach,South Korea;;South Korea;;South Korea;;South Korea;;South Korea;;South Korea;;South Korea
2023 Season World Championship/Main Event,Worlds 2023 Main Event,LNG Esports,CN,China,Zika;;Tarzan (Lee Seung-yong);;Scout;;GALA;;Hang;;Poppy (Chang Po-Hao);;U,Top;;Jungle;;Mid;;Bot;;Support;;Coach;;Coach,China;;South Korea;;South Korea;;China;;China;;Taiwan;;China
2023 Season World Championship/Main Event,Worlds 2023 Main Event,MAD Lions,EMEA,,Chasy;;Elyoya;;Nisqy;;Carzzy;;Hylissang;;Pad;;Viking (Jake Ainsworth),Top;;Jungle;;Mid;;Bot;;Support;;Coach;;Coach,South Korea;;Spain;;Belgium;;Czech Republic;;Bulgaria;;Denmark;;United Kingdom
2023 Season World Championship/Main Event,Worlds 2023 Main Event,NRG,NA,North America,Dhokla;;Contractz;;Palafox;;FBI;;IgNar;;Thinkcard;;Croissant,Top;;Jungle;;Mid;;Bot;;Support;;Coach;;Coach,United States;;United States;;United States;;Australia;;South Korea;;United States;;United States
2023 Season World Championship/Main Event,Worlds 2023 Main Event,T1,KR,Korea,Zeus;;Oner;;Faker;;Gumayusi;;Keria;;Tom (Im Jae-hyeon);;Roach,Top;;Jungle;;Mid;;Bot;;Support;;Coach;;Coach,South Korea;;South Korea;;South Korea;;South Korea;;South Korea;;South Korea;;South Korea
2023 Season World Championship/Main Event,Worlds 2023 Main Event,Team BDS,EMEA,EMEA,Adam (Adam Maanane);;Sheo;;nuc;;Crownie;;Labrov;;GotoOne;;Striker (Yanis Kella),Top;;Jungle;;Mid;;Bot;;Support;;Coach;;Coach,France;;France;;France;;Slovenia;;Greece;;France;;France
2023 Season World Championship/Main Event,Worlds 2023 Main Event,Team Liquid,NA,North America,Summit;;Pyosik;;APA (Eain Stearns);;Yeon (Sean Sung);;CoreJJ;;Reignover;;Dodo,Top;;Jungle;;Mid;;Bot;;Support;;Coach;;Coach,South Korea;;South Korea;;United States;;United States;;South Korea;;South Korea;;South Korea
2023 Season World Championship/Main Event,Worlds 2023 Main Event,Weibo Gaming,CN,China,TheShy;;Weiwei;;Xiaohu;;Light (Wang Guang-Yu);;Crisp;;Daeny;;Tselin,Top;;Jungle;;Mid;;Bot;;Support;;Coach;;Coach,South Korea;;China;;China;;China;;China;;South Korea;;China
2023 Season World Championship/Play-In,Worlds 2023 Play-In,CTBC Flying Oyster,APAC,Asia Pacific,Rest;;Gemini;;JimieN;;Shunn;;ShiauC;;Achie;;Koala (Lin Chih-Chiang),Top;;Jungle;;Mid;;Bot;;Support;;Coach;;Coach,Taiwan;;Taiwan;;Taiwan;;Taiwan;;Taiwan;;Taiwan;;Taiwan
2023 Season World Championship/Play-In,Worlds 2023 Play-In,DetonatioN FocusMe,JP,Asia Pacific,apaMEN;;Steal (Mun Geon-yeong);;Aria (Lee Ga-eul);;Yutapon;;Harp;;Gismo,Top;;Jungle;;Mid;;Bot;;Support;;Head Coach,Japan;;South Korea;;South Korea;;Japan;;South Korea;;Japan
2023 Season World Championship/Play-In,Worlds 2023 Play-In,GAM Esports,VN,Asia Pacific,Kiaya;;Levi;;Kati;;Slayder;;Palette;;Hankay;;Rei,Top;;Jungle;;Mid;;Bot;;Support;;Coach;;Coach,Vietnam;;Vietnam;;Vietnam;;Vietnam;;Vietnam;;Vietnam;;Vietnam
2023 Season World Championship/Play-In,Worlds 2023 Play-In,LOUD,BR,Brazil,Robo;;Croc;;tinowns;;Route;;Ceos;;BeellzY;;Sephis,Top;;Jungle;;Mid;;Bot;;Support;;Coach;;Coach,Brazil;;South Korea;;Brazil;;South Korea;;Brazil;;Brazil;;Brazil
2023 Season World Championship/Play-In,Worlds 2023 Play-In,Movistar R7,LAT,Latin America,Bong (Cho Bo-woong);;Oddie;;Mireu;;Ceo;;Lyonz;;Khynm;;Kun (Kwon Oh-seong),Top;;Jungle;;Mid;;Bot;;Support;;Coach;;Coach,South Korea;;Peru;;South Korea;;Argentina;;Argentina;;Argentina;;South Korea
2023 Season World Championship/Play-In,Worlds 2023 Play-In,PSG Talon,APAC,Asia Pacific,Azhi;;JunJia;;Maple (Huang Yi-Tang);;Wako;;Woody;;CorGi;;Zero (Chung Chen-Hua),Top;;Jungle;;Mid;;Bot;;Support;;Coach;;Coach,Taiwan;;Taiwan;;Taiwan;;Taiwan;;Taiwan;;Taiwan;;Taiwan
2023 Season World Championship/Play-In,Worlds 2023 Play-In,Team BDS,EMEA,EMEA,Adam (Adam Maanane);;Sheo;;nuc;;Crownie;;Labrov;;GotoOne;;Striker (Yanis Kella),Top;;Jungle;;Mid;;Bot;;Support;;Coach;;Coach,France;;France;;France;;Slovenia;;Greece;;France;;France
2023 Season World Championship/Play-In,Worlds 2023 Play-In,Team Whales,VN,Asia Pacific,Sparda;;BeanJ;;Gloryy;;Artemis (Trần Quốc Hưng);;Bie;;Yuna;;Ciel (Trần Tiến Thịnh),Top;;Jungle;;Mid;;Bot;;Support;;Coach;;Coach,Vietnam;;Vietnam;;Vietnam;;Vietnam;;Vietnam;;Vietnam;;Vietnam
2023 Worlds Qualifying Series,Worlds Qualifying Series 2023,Golden Guardians,NA,North America,Licorice;;River (Kim Dong-woo);;Gori;;Stixxay;;huhi;;Spookz;;Chuz,Top;;Jungle;;Mid;;Bot;;Support;;Coach;;Coach,Canada;;South Korea;;South Korea;;United States;;South Korea;;Australia;;Australia
2023 Worlds Qualifying Series,Worlds Qualifying Series 2023,Team BDS,EMEA,EMEA,Adam (Adam Maanane);;Sheo;;nuc;;Crownie;;Labrov;;GotoOne;;Striker (Yanis Kella),Top;;Jungle;;Mid;;Bot;;Support;;Coach;;Coach,France;;France;;France;;Slovenia;;Greece;;France;;France
2024 Season World Championship,,,,,,,
2024 Season World Championship/Main Event,Worlds 2024 Main Event,Bilibili Gaming,CN,China,Bin (Chen Ze-Bin);;Wei (Yan Yang-Wei);;XUN;;knight (Zhuo Ding);;Elk;;ON;;BigWei;;Xiasu;;Easyhoon,Top;;Jungle;;Jungle;;Mid;;Bot;;Support;;Coach;;Coach;;Coach,China;;China;;China;;China;;China;;China;;Taiwan;;China;;South Korea
2024 Season World Championship/Main Event,Worlds 2024 Main Event,Dplus Kia,KR,Korea,Kingen;;Lucid (Choi Yong-hyeok);;ShowMaker;;Aiming;;Moham;;Zefa;;Bubbling;;Ssong,Top;;Jungle;;Mid;;Bot;;Support;;Coach;;Coach;;Coach,South Korea;;South Korea;;South Korea;;South Korea;;South Korea;;South Korea;;South Korea;;South Korea
2024 Season World Championship/Main Event,Worlds 2024 Main Event,FlyQuest,NA,North America,Bwipo;;Inspired;;Quad;;Massu;;Busio;;Nukeduck;;Mithy,Top;;Jungle;;Mid;;Bot;;Support;;Coach;;Coach,Belgium;;Poland;;South Korea;;Canada;;United States;;Norway;;Spain
2024 Season World Championship/Main Event,Worlds 2024 Main Event,Fnatic,EMEA,EMEA,Oscarinin;;Razork;;Humanoid;;Noah (Oh Hyeon-taek);;Jun (Yoon Se-jun);;Nightshare;;Gaax,Top;;Jungle;;Mid;;Bot;;Support;;Coach;;Coach,Spain;;Spain;;Czech Republic;;South Korea;;South Korea;;Czech Republic;;Spain
2024 Season World Championship/Main Event,Worlds 2024 Main Event,G2 Esports,EMEA,EMEA,BrokenBlade;;Yike;;Caps;;Hans Sama;;Mikyx;;Dylan Falco;;Rodrigo,Top;;Jungle;;Mid;;Bot;;Support;;Coach;;Coach,Germany;;Sweden;;Denmark;;France;;Slovenia;;Canada;;Portugal
2024 Season World Championship/Main Event,Worlds 2024 Main Event,GAM Esports,VN,Asia Pacific,Kiaya;;Levi;;Emo;;EasyLove;;Elio;;Archie (Trần Minh Nhựt);;Hype (Trần Hữu Toàn);;Bigkoro,Top;;Jungle;;Mid;;Bot;;Support;;Coach;;Coach;;Coach,Vietnam;;Vietnam;;Vietnam;;Vietnam;;Vietnam;;Vietnam;;Vietnam;;Vietnam
2024 Season World Championship/Main Event,Worlds 2024 Main Event,Gen.G,KR,Korea,Kiin;;Canyon;;Chovy;;Peyz;;Lehends;;KIM (Kim Jeong-soo);;Helper (Kwon Yeong-jae),Top;;Jungle;;Mid;;Bot;;Support;;Coach;;Coach,South Korea;;South Korea;;South Korea;;South Korea;;South Korea;;South Korea;;South Korea
2024 Season World Championship/Main Event,Worlds 2024 Main Event,Hanwha Life Esports,KR,Korea,Doran (Choi Hyeon-joon);;Peanut;;Zeka (Kim Geon-woo);;Viper (Park Do-hyeon);;Delight;;DanDy;;Mowgli,Top;;Jungle;;Mid;;Bot;;Support;;Coach;;Coach,South Korea;;South Korea;;South Korea;;South Korea;;South Korea;;South Korea;;South Korea
2024 Season World Championship/Main Event,Worlds 2024 Main Event,LNG Esports,CN,China,Zika;;Weiwei;;Scout;;GALA;;Hang;;U;;DynAmIte,Top;;Jungle;;Mid;;Bot;;Support;;Coach;;Coach,China;;China;;South Korea;;China;;China;;China;;China
2024 Season World Championship/Main Event,Worlds 2024 Main Event,MAD Lions KOI,EMEA,EMEA,Myrwn;;Elyoya;;Fresskowy;;Supa;;Alvaro (Álvaro Fernández);;Melzhet;;Zeph,Top;;Jungle;;Mid;;Bot;;Support;;Coach;;Coach,Spain;;Spain;;Poland;;Spain;;Spain;;Spain;;France
2024 Season World Championship/Main Event,Worlds 2024 Main Event,paiN Gaming,BR,Brazil,Wizer;;CarioK;;dyNquedo;;TitaN;;Kuri;;Sarkis;;Xero,Top;;Jungle;;Mid;;Bot;;Support;;Coach;;Coach,South Korea;;Brazil;;Brazil;;Brazil;;South Korea;;Brazil;;South Korea
2024 Season World Championship/Main Event,Worlds 2024 Main Event,paiN Gaming,BR,Europe,Wizer;;CarioK;;dyNquedo;;TitaN;;Kuri;;Sarkis;;Xero,Top;;Jungle;;Mid;;Bot;;Support;;Coach;;Coach,South Korea;;Brazil;;Brazil;;Brazil;;South Korea;;Brazil;;South Korea
2024 Season World Championship/Main Event,Worlds 2024 Main Event,PSG Talon,APAC,Asia Pacific,Azhi;;JunJia;;Maple (Huang Yi-Tang);;Betty;;Woody;;CorGi;;Zero (Chung Chen-Hua),Top;;Jungle;;Mid;;Bot;;Support;;Coach;;Coach,Taiwan;;Taiwan;;Taiwan;;Taiwan;;Taiwan;;Taiwan;;Taiwan
2024 Season World Championship/Main Event,Worlds 2024 Main Event,T1,KR,Korea,Zeus;;Oner;;Faker;;Gumayusi;;Keria;;kkOma;;Tom (Im Jae-hyeon);;Roach,Top;;Jungle;;Mid;;Bot;;Support;;Coach;;Coach;;Coach,South Korea;;South Korea;;South Korea;;South Korea;;South Korea;;South Korea;;South Korea;;South Korea
2024 Season World Championship/Main Event,Worlds 2024 Main Event,Team Liquid,NA,North America,Impact;;UmTi;;APA (Eain Stearns);;Yeon (Sean Sung);;CoreJJ;;Spawn (Jake Tiberi);;Reignover,Top;;Jungle;;Mid;;Bot;;Support;;Coach;;Coach,South Korea;;South Korea;;United States;;United States;;South Korea;;Australia;;South Korea
2024 Season World Championship/Main Event,Worlds 2024 Main Event,Top Esports,CN,China,369;;Tian;;Creme;;JackeyLove;;Meiko;;Maokai (Yang Ji-Song);;Despa1r,Top;;Jungle;;Mid;;Bot;;Support;;Coach;;Coach,China;;China;;China;;China;;China;;China;;China
2024 Season World Championship/Main Event,Worlds 2024 Main Event,Weibo Gaming,CN,China,Breathe;;Tarzan (Lee Seung-yong);;Xiaohu;;Light (Wang Guang-Yu);;Crisp;;Daeny;;Tselin,Top;;Jungle;;Mid;;Bot;;Support;;Coach;;Coach,China;;South Korea;;China;;China;;China;;South Korea;;China
2024 Season World Championship/Play-In,Worlds 2024 Play-In,100 Thieves,NA,Americas,Sniper;;River (Kim Dong-woo);;Quid;;Tomo;;Eyla;;Goldenglue;;Spookz,Top;;Jungle;;Mid;;Bot;;Support;;Coach;;Coach,Canada;;South Korea;;South Korea;;United States;;Australia;;United States;;Australia
2024 Season World Championship/Play-In,Worlds 2024 Play-In,Fukuoka SoftBank HAWKS gaming,APAC,Asia Pacific,Evi;;Forest (Lee Hyeon-seo);;DasheR;;Marble;;Vsta;;VicaL;;Tussle,Top;;Jungle;;Mid;;Bot;;Support;;Coach;;Coach,Japan;;South Korea;;South Korea;;Japan;;South Korea;;South Korea;;South Korea
2024 Season World Championship/Play-In,Worlds 2024 Play-In,GAM Esports,VN,Asia Pacific,Kiaya;;Levi;;Emo;;EasyLove;;Elio;;Archie (Trần Minh Nhựt);;Hype (Trần Hữu Toàn),Top;;Jungle;;Mid;;Bot;;Support;;Coach;;Coach,Vietnam;;Vietnam;;Vietnam;;Vietnam;;Vietnam;;Vietnam;;Vietnam
2024 Season World Championship/Play-In,Worlds 2024 Play-In,MAD Lions KOI,EMEA,EMEA,Myrwn;;Elyoya;;Fresskowy;;Supa;;Alvaro (Álvaro Fernández);;Melzhet;;Zeph,Top;;Jungle;;Mid;;Bot;;Support;;Coach;;Coach,Spain;;Spain;;Poland;;Spain;;Spain;;Spain;;France
2024 Season World Championship/Play-In,Worlds 2024 Play-In,Movistar R7,LAT,Latin America,Summit;;Oddie;;Keine;;Ceo;;Lyonz;;Khynm;;Pointless,Top;;Jungle;;Mid;;Bot;;Support;;Coach;;Coach,South Korea;;Peru;;South Korea;;Argentina;;Argentina;;Argentina;;Argentina
2024 Season World Championship/Play-In,Worlds 2024 Play-In,paiN Gaming,BR,Brazil,Wizer;;CarioK;;dyNquedo;;TitaN;;Kuri;;Sarkis;;Xero,Top;;Jungle;;Mid;;Bot;;Support;;Coach;;Coach,South Korea;;Brazil;;Brazil;;Brazil;;South Korea;;Brazil;;South Korea
2024 Season World Championship/Play-In,Worlds 2024 Play-In,paiN Gaming,BR,Europe,Wizer;;CarioK;;dyNquedo;;TitaN;;Kuri;;Sarkis;;Xero,Top;;Jungle;;Mid;;Bot;;Support;;Coach;;Coach,South Korea;;Brazil;;Brazil;;Brazil;;South Korea;;Brazil;;South Korea
2024 Season World Championship/Play-In,Worlds 2024 Play-In,PSG Talon,APAC,Asia Pacific,Azhi;;JunJia;;Maple (Huang Yi-Tang);;Betty;;Woody;;CorGi;;Zero (Chung Chen-Hua),Top;;Jungle;;Mid;;Bot;;Support;;Coach;;Coach,Taiwan;;Taiwan;;Taiwan;;Taiwan;;Taiwan;;Taiwan;;Taiwan
2024 Season World Championship/Play-In,Worlds 2024 Play-In,Vikings Esports (2023 Vietnamese Team),VN,,Nanaue (Phùng Đức Tài);;Gury;;Kati;;Shogun (Nguyễn Văn Huy);;Bie;;SofM;;Hankay,Top;;Jungle;;Mid;;Bot;;Support;;Coach;;Coach,Vietnam;;Vietnam;;Vietnam;;Vietnam;;Vietnam;;Vietnam;;Vietnam
2025 Season World Championship,,,,,,,
2025 Season World Championship/Main Event,Worlds 2025 Main Event,100 Thieves,AME,Americas,Dhokla;;River (Kim Dong-woo);;Quid;;FBI;;Eyla;;Goldenglue;;Spookz,Top;;Jungle;;Mid;;Bot;;Support;;Coach;;Coach,United States;;South Korea;;South Korea;;Australia;;Australia;;United States;;Australia
2025 Season World Championship/Main Event,Worlds 2025 Main Event,Anyone's Legend,CN,China,Flandre;;Tarzan (Lee Seung-yong);;Shanks;;Hope (Wang Jie);;Kael (Kim Jin-hong);;Tabe;;Xiaobai,Top;;Jungle;;Mid;;Bot;;Support;;Coach;;Coach,China;;South Korea;;China;;China;;South Korea;;Hong Kong;;China
2025 Season World Championship/Main Event,Worlds 2025 Main Event,Bilibili Gaming,CN,China,Bin (Chen Ze-Bin);;Beichuan;;Shad0w;;Knight (Zhuo Ding);;Elk;;ON;;BigWei;;Easyhoon,Top;;Jungle;;Jungle;;Mid;;Bot;;Support;;Coach;;Coach,China;;China;;Italy;;China;;China;;China;;Taiwan;;South Korea
2025 Season World Championship/Main Event,Worlds 2025 Main Event,CTBC Flying Oyster,APAC,Asia Pacific,Driver;;Rest;;JunJia;;HongQ;;Doggo;;Kaiwing;;Chawy;;Wulala,Top;;Top;;Jungle;;Mid;;Bot;;Support;;Coach;;Coach,Taiwan;;Taiwan;;Taiwan;;Taiwan;;Taiwan;;Hong Kong;;Singapore;;Taiwan
2025 Season World Championship/Main Event,Worlds 2025 Main Event,FlyQuest,AME,North America,Bwipo;;Inspired;;Quad;;Massu;;Busio;;Nukeduck;;Mithy,Top;;Jungle;;Mid;;Bot;;Support;;Coach;;Coach,Belgium;;Poland;;South Korea;;Canada;;United States;;Norway;;Spain
2025 Season World Championship/Main Event,Worlds 2025 Main Event,Fnatic,EMEA,EMEA,Oscarinin;;Razork;;Poby;;Upset;;Mikyx;;GrabbZ;;Gaax,Top;;Jungle;;Mid;;Bot;;Support;;Coach;;Coach,Spain;;Spain;;South Korea;;Germany;;Slovenia;;Germany;;Spain
2025 Season World Championship/Main Event,Worlds 2025 Main Event,G2 Esports,EMEA,EMEA,BrokenBlade;;SkewMond;;Caps;;Hans Sama;;Labrov;;Dylan Falco;;Memento;;Rodrigo,Top;;Jungle;;Mid;;Bot;;Support;;Coach;;Coach;;Coach,Germany;;France;;Denmark;;France;;Greece;;Canada;;Sweden;;Portugal
2025 Season World Championship/Main Event,Worlds 2025 Main Event,Gen.G,KR,Korea,Kiin;;Canyon;;Chovy;;Ruler;;Duro;;KIM (Kim Jeong-soo);;Helper (Kwon Yeong-jae),Top;;Jungle;;Mid;;Bot;;Support;;Coach;;Coach,South Korea;;South Korea;;South Korea;;South Korea;;South Korea;;South Korea;;South Korea
2025 Season World Championship/Main Event,Worlds 2025 Main Event,Hanwha Life Esports,KR,Korea,Zeus;;Peanut;;Zeka (Kim Geon-woo);;Viper (Park Do-hyeon);;Delight;;DanDy;;Mowgli,Top;;Jungle;;Mid;;Bot;;Support;;Coach;;Coach,South Korea;;South Korea;;South Korea;;South Korea;;South Korea;;South Korea;;South Korea
2025 Season World Championship/Main Event,Worlds 2025 Main Event,KT Rolster,KR,Korea,PerfecT (Lee Seung-min);;Cuzz;;Bdd;;deokdam;;Peter (Jeong Yoon-su);;Score;;Sonstar,Top;;Jungle;;Mid;;Bot;;Support;;Coach;;Coach,South Korea;;South Korea;;South Korea;;South Korea;;South Korea;;South Korea;;South Korea
2025 Season World Championship/Main Event,Worlds 2025 Main Event,Movistar KOI,EMEA,EMEA,Myrwn;;Elyoya;;Jojopyun;;Supa;;Alvaro (Álvaro Fernández);;Melzhet;;Zeph,Top;;Jungle;;Mid;;Bot;;Support;;Coach;;Coach,Spain;;Spain;;Canada;;Spain;;Spain;;Spain;;France
2025 Season World Championship/Main Event,Worlds 2025 Main Event,PSG Talon,APAC,Asia Pacific,Azhi;;Karsa;;Maple (Huang Yi-Tang);;Betty;;Woody;;CorGi;;Zero (Chung Chen-Hua),Top;;Jungle;;Mid;;Bot;;Support;;Coach;;Coach,Taiwan;;Taiwan;;Taiwan;;Taiwan;;Taiwan;;Taiwan;;Taiwan
2025 Season World Championship/Main Event,Worlds 2025 Main Event,T1,KR,Korea,Doran (Choi Hyeon-joon);;Oner;;Faker;;Gumayusi;;Keria;;kkOma;;Tom (Im Jae-hyeon);;Mata,Top;;Jungle;;Mid;;Bot;;Support;;Coach;;Coach;;Coach,South Korea;;South Korea;;South Korea;;South Korea;;South Korea;;South Korea;;South Korea;;South Korea
2025 Season World Championship/Main Event,Worlds 2025 Main Event,Team Secret Whales,APAC,Asia Pacific,Hiro02;;Pun;;Hizto;;Dire;;Eddie;;Taki (Đinh Anh Tài);;Naul;;Ciel (Trần Tiến Thịnh),Top;;Top;;Jungle;;Mid;;Bot;;Support;;Coach;;Coach,Vietnam;;Vietnam;;Vietnam;;Vietnam;;Vietnam;;Vietnam;;Vietnam;;Vietnam
2025 Season World Championship/Main Event,Worlds 2025 Main Event,Top Esports,CN,China,369;;Kanavi;;Creme;;JackeyLove;;Hang;;Homme;;Ggoong,Top;;Jungle;;Mid;;Bot;;Support;;Coach;;Coach,China;;South Korea;;China;;China;;China;;South Korea;;South Korea
2025 Season World Championship/Main Event,Worlds 2025 Main Event,Vivo Keyd Stars,AME,Brazil,Boal;;Disamis;;Mireu;;Morttheus;;Trymbi;;SeeEl;;Smiley (Ludvig Granquist),Top;;Jungle;;Mid;;Bot;;Support;;Coach;;Coach,Brazil;;Brazil;;South Korea;;Brazil;;Poland;;South Korea;;Sweden
2025 Season World Championship/Play-In,Worlds 2025 Play-In,Invictus Gaming,CN,China,TheShy;;Wei (Yan Yang-Wei);;Rookie;;GALA;;Meiko;;Daeny;;Mafa,Top;;Jungle;;Mid;;Bot;;Support;;Coach;;Coach,South Korea;;China;;South Korea;;China;;China;;South Korea;;South Korea
2025 Season World Championship/Play-In,Worlds 2025 Play-In,T1,KR,Korea,Doran (Choi Hyeon-joon);;Oner;;Faker;;Gumayusi;;Keria;;Tom (Im Jae-hyeon);;Mata,Top;;Jungle;;Mid;;Bot;;Support;;Coach;;Coach,South Korea;;South Korea;;South Korea;;South Korea;;South Korea;;South Korea;;South Korea
2026 Season World Championship,,,,,,,
2027 Season World Championship,,,,,,,
Season 1 World Championship,Worlds Season 1,against All authority,Europe,Europe,sOAZ;;Linak;;MoMa;;Yellowstar;;kujaa,Top;;Jungle;;Mid;;Bot;;Support,France;;France;;Germany;;France;;France
Season 1 World Championship,Worlds Season 1,Counter Logic Gaming,North America,North America,HotshotGG;;SaintVicious;;bigfatlp;;Chauster;;Elementz,Top;;Jungle;;Mid;;Bot;;Support,Canada;;United States;;Canada;;United States;;Canada
Season 1 World Championship,Worlds Season 1,Epik Gamer,North America,North America,Westrice;;Dan Dinh;;Salce;;Dyrus;;Doublelift,Top;;Jungle;;Mid;;Bot;;Support,United States;;United States;;United States;;United States;;United States
Season 1 World Championship,Worlds Season 1,Fnatic,Europe,EMEA,wewillfailer;;xPeke;;Cyanide FI;;Shushei;;LaMiaZlt;;Mellisan,Top;;Top;;Jungle;;Mid;;Bot;;Support,Belgium;;Spain;;Finland;;Poland;;Germany;;Germany
Season 1 World Championship,Worlds Season 1,Team gamed!de,Europe,Europe,Kevin (Kevin Rubiszewski);;Zylor;;Reyk;;CndyPnda;;Nyph,Top;;Jungle;;Mid;;Bot;;Support,Germany;;Germany;;Germany;;Germany;;Germany
Season 1 World Championship,Worlds Season 1,Team Pacific,SEA,,wormy;;dabe;;iddo;;vy;;gibo,Top;;Jungle;;Mid;;Bot;;Support,Philippines;;Philippines;;Philippines;;Philippines;;Philippines
Season 1 World Championship,Worlds Season 1,TSM,North America,North America,TheRainMan;;TheOddOne;;Reginald;;Chaox;;Xpecial,Top;;Jungle;;Mid;;Bot;;Support,United States;;Canada;;United States;;China;;United States
Season 1 World Championship,Worlds Season 1,Xan,SEA,SEA,Vech;;Radeon6870;;Axion;;d4rkness;;iNtrigueD,Top;;Jungle;;Mid;;Bot;;Support,Singapore;;Singapore;;Singapore;;Singapore;;Singapore
Season 1 World Championship/Qualifiers/Europe,Worlds Season 1 Qualifier - Europe,Absolute Legends,,Europe,,Top;;Jungle;;Mid;;Bot;;Support,
Season 1 World Championship/Qualifiers/Europe,Worlds Season 1 Qualifier - Europe,against All authority,,Europe,,Top;;Jungle;;Mid;;Bot;;Support,
Season 1 World Championship/Qualifiers/Europe,Worlds Season 1 Qualifier - Europe,Fnatic,,EMEA,xPeke;;Cyanide;;Shushei;;Lamia;;Mellisan,Top;;Jungle;;Mid;;Bot;;Support,Spain;;Finland;;Poland;;Germany;;Germany
Season 1 World Championship/Qualifiers/Europe,Worlds Season 1 Qualifier - Europe,myRevenge,,Europe,,Top;;Jungle;;Mid;;Bot;;Support,
Season 1 World Championship/Qualifiers/Europe,Worlds Season 1 Qualifier - Europe,SK Gaming,,EMEA,Wickd;;farfain;;oce;;ALth0r;;limelight;;Sleezy,"Top,Bot;;Jungle;;Mid,Top;;Mid;;Bot;;Support",Denmark;;Sweden;;Spain;;France;;Denmark;;Germany
Season 1 World Championship/Qualifiers/Europe,Worlds Season 1 Qualifier - Europe,Team gamed!de,,Europe,kev1n;;Zylor;;Reyk;;Candy (Adrian Wübbelmann);;Nyph,Top;;Jungle;;Mid;;Bot;;Support,Germany;;Germany;;Germany;;Germany;;Germany
Season 1 World Championship/Qualifiers/Europe,Worlds Season 1 Qualifier - Europe,Tic-Tacs,,,Karalius;;sen (European Player);;fredy122;;yellowpete;;Havoc24,Top;;Jungle;;Mid;;Bot;;Support,Lithuania;;United Kingdom;;Germany;;United Kingdom
Season 1 World Championship/Qualifiers/Europe,Worlds Season 1 Qualifier - Europe,Wizards e-Sports Club,,,heiN;;Araneae;;Exter;;BarbaQ;;Kaidoh,Top;;Jungle;;Mid;;Bot;;Support,Spain;;Spain;;Spain;;Spain;;Spain
Season 1 World Championship/Qualifiers/North America,Worlds Season 1 Qualifier - NA,compLexity Gaming,,North America,Pwndarz;;shales (Matt Splivalo);;FitterHappy;;poohbear (Nicholas Harlan);;Gynsingg,Top;;Jungle;;Mid;;Bot;;Support,United States;;United States;;Canada;;United States;;United States
Season 1 World Championship/Qualifiers/North America,Worlds Season 1 Qualifier - NA,Counter Logic Gaming,,North America,Elementz;;Kobe24;;HotshotGG;;bigfatjiji;;Chauster;;SaintVicious,"Top;;Jungle;;Mid,Top;;Bot,Mid;;Support,Bot;;Support",Canada;;United States;;Canada;;Canada;;United States;;United States
Season 1 World Championship/Qualifiers/North America,Worlds Season 1 Qualifier - NA,Defy All Odds,,,,Top;;Jungle;;Mid;;Bot;;Support,
Season 1 World Championship/Qualifiers/North America,Worlds Season 1 Qualifier - NA,Disciples of Da Gr8 Whale Lord,,,Poisonidon;;GuardsmanBob;;Cirque;;Smgzy;;Jatt,Top;;Jungle;;Mid;;Bot;;Support,United States;;Denmark;;New Zealand;;United States;;Canada
Season 1 World Championship/Qualifiers/North America,Worlds Season 1 Qualifier - NA,Epik Gamer,,North America,Westrice;;Dan Dinh;;Salce;;Dyrus;;Doublelift,"Top;;Jungle;;Mid;;Bot,Support;;Support,Bot",United States;;United States;;United States;;United States;;United States
Season 1 World Championship/Qualifiers/North America,Worlds Season 1 Qualifier - NA,OGODBEARS,,,,Top;;Jungle;;Mid;;Bot;;Support,
Season 1 World Championship/Qualifiers/North America,Worlds Season 1 Qualifier - NA,Rock Solid,,North America,Voyboy;;rambo;;scarra;;Imaqtpie;;L0CUST,Top;;Jungle;;Mid;;Bot;;Support,United States;;United States;;United States;;United States;;United States
Season 1 World Championship/Qualifiers/North America,Worlds Season 1 Qualifier - NA,TSM,,North America,TheRainMan;;TheOddOne;;Reginald;;Chaox;;Xpecial,Top;;Jungle;;Mid;;Bot;;Support,United States;;Canada;;United States;;China;;United States
Season 2 World Championship,Worlds Season 2,Azubu Frost,Korea,Korea,Shy;;CloudTemplar;;RapidStar;;Woong (Jang Gun-woong);;MadLife,Top;;Jungle;;Mid;;Bot;;Support,South Korea;;South Korea;;South Korea;;South Korea;;South Korea
Season 2 World Championship,Worlds Season 2,CLG Prime,North America,,Voyboy;;HotshotGG;;bigfatlp;;Doublelift;;Chauster,Top;;Jungle;;Mid;;Bot;;Support,United States;;Canada;;Canada;;United States;;United States
Season 2 World Championship,Worlds Season 2,Counter Logic Gaming Europe,Europe,Europe,Wickd;;Snoopeh;;Froggen;;yellowpete;;Krepo,Top;;Jungle;;Mid;;Bot;;Support,Denmark;;United Kingdom;;Denmark;;Germany;;Belgium
Season 2 World Championship,Worlds Season 2,Dignitas,North America,North America,Crumbzz;;IWDominate;;scarra;;imaqtpie;;Patoy,Top;;Jungle;;Mid;;Bot;;Support,Venezuela;;United States;;United States;;United States;;United States
Season 2 World Championship,Worlds Season 2,Invictus Gaming,China,China,PDD;;illuSioN (Chen Xin-Lin);;Zzitai;;Kid;;XiaoXiao,Top;;Jungle;;Mid;;Bot;;Support,China;;China;;China;;China;;China
Season 2 World Championship,Worlds Season 2,Moscow Five,Europe,,Darien;;Diamond (Danil Reshetnikov);;Alex Ich;;Genja;;GoZu,Top;;Jungle;;Mid;;Bot;;Support,Russia;;Russia;;Russia;;Russia;;Armenia
Season 2 World Championship,Worlds Season 2,NaJin Sword,Korea,,MaKNooN;;Watch;;SSONG;;PraY;;Cain,Top;;Jungle;;Mid;;Bot;;Support,South Korea;;South Korea;;South Korea;;South Korea;;South Korea
Season 2 World Championship,Worlds Season 2,Saigon Jokers,SEA,SEA,QTV;;Violet (Ngô Mạnh Quyền);;NIXWATER;;Archie (Trần Minh Nhựt);;Junie,Top;;Jungle;;Mid;;Bot;;Support,Vietnam;;Vietnam;;Vietnam;;Vietnam;;Vietnam
Season 2 World Championship,Worlds Season 2,SK Gaming,Europe,EMEA,kev1n;;Araneae;;ocelotee;;YellOwStar;;Nyph1,Top;;Jungle;;Mid;;Bot;;Support,Germany;;Spain;;Spain;;France;;Germany
Season 2 World Championship,Worlds Season 2,Taipei Assassins,LMS,LMS,Stanley;;Lilballz;;Toyz;;Bebe (Chang Bo-Wei);;MiSTakE,Top;;Jungle;;Mid;;Bot;;Support,Taiwan;;Taiwan;;Hong Kong;;Taiwan;;Taiwan
Season 2 World Championship,Worlds Season 2,Team WE,China,China,Caomei;;ClearLove;;Misaya;;Weixiao;;Fzzf,Top;;Jungle;;Mid;;Bot;;Support,China;;China;;China;;China;;China
Season 2 World Championship,Worlds Season 2,TSM,North America,North America,Dyrus;;TheOddOne;;Reginald;;Chaox;;Xpecial,Top;;Jungle;;Mid;;Bot;;Support,United States;;Canada;;United States;;China;;United States
Season 3 World Championship,Worlds Season 3,Cloud9,North America,North America,Balls;;Meteos;;Hai;;Sneaky;;LemonNation;;Alex Penn,Top;;Jungle;;Mid;;Bot;;Support;;Coach,United States;;United States;;United States;;United States;;United States;;United States
Season 3 World Championship,Worlds Season 3,Fnatic,Europe,EMEA,sOAZ;;Cyanide;;xPeke;;Puszu;;YellOwStaR,Top;;Jungle;;Mid;;Bot;;Support,France;;Finland;;Spain;;Estonia;;France
Season 3 World Championship,Worlds Season 3,Gamania Bears,LMS,LMS,Steak;;Winds;;Maple (Huang Yi-Tang);;NL (Hsiung Wen-An);;SwordArt,Top;;Jungle;;Mid;;Bot;;Support,Taiwan;;Taiwan;;Taiwan;;Taiwan;;Taiwan
Season 3 World Championship,Worlds Season 3,Gambit Gaming,Europe,Europe,Darien;;Diamond (Danil Reshetnikov);;Alex Ich;;Genja;;Voidle,Top;;Jungle;;Mid;;Bot;;Support,Russia;;Russia;;Russia;;Russia;;Estonia
Season 3 World Championship,Worlds Season 3,GamingGear.eu,CIS,CIS,Nbs;;Alunir;;Mazzerin;;Deadlybrother;;Inspirro,Top;;Jungle;;Mid;;Bot;;Support,Lithuania;;Lithuania;;Lithuania;;Lithuania;;Lithuania
Season 3 World Championship,Worlds Season 3,Lemondogs,Europe,Europe,zorozero;;dexter;;Nukeduck;;Tabzz;;mithy,Top;;Jungle;;Mid;;Bot;;Support,Denmark;;Germany;;Norway;;Netherlands;;Spain
Season 3 World Championship,Worlds Season 3,Mineski,SEA,SEA,Snoy;;Kaigu;;Yume (Danyll Jann Balisi);;Exo (Eric Gubatan);;Tgee,Top;;Jungle;;Mid;;Bot;;Support,Philippines;;Philippines;;Philippines;;Philippines;;Philippines
Season 3 World Championship,Worlds Season 3,NaJin Black Sword,Korea,Korea,Expession;;watch;;Nagne;;PraY;;Cain,Top;;Jungle;;Mid;;Bot;;Support,South Korea;;South Korea;;South Korea;;South Korea;;South Korea
Season 3 World Championship,Worlds Season 3,Oh My God,China,China,Gogoing;;LoveLin;;Cool;;San (Guo Jun-Liang);;Bigpomelo;;comA (Fang Hong-Ri),Top;;Jungle;;Mid;;Bot;;Support;;Support,China;;China;;China;;China;;China;;China
Season 3 World Championship,Worlds Season 3,Royal Club,China,China,Godlike;;Lucky (Liu Jun-Jie);;Wh1t3zZ;;Uzi (Jian Zi-Hao);;Tabe;;Chris (Siu Keung),Top;;Jungle;;Mid;;Bot;;Support;;Coach,China;;China;;Hong Kong;;China;;Hong Kong;;Hong Kong
Season 3 World Championship,Worlds Season 3,Samsung Ozone,Korea,,Looper;;DanDy;;Dade;;Imp;;Mata,Top;;Jungle;;Mid;;Bot;;Support,South Korea;;South Korea;;South Korea;;South Korea;;South Korea
Season 3 World Championship,Worlds Season 3,SK Telecom T1,Korea,Korea,Impact;;bengi;;Faker;;Piglet;;PoohManDu;;kkOma,Top;;Jungle;;Mid;;Bot;;Support;;Coach,South Korea;;South Korea;;South Korea;;South Korea;;South Korea;;South Korea
Season 3 World Championship,Worlds Season 3,Team Vulcun,North America,North America,Sycho Sid;;Xmithie;;mancloud;;Zuna;;BloodWater,Top;;Jungle;;Mid;;Bot;;Support,United States;;Philippines;;United States;;United States;;Bulgaria
Season 3 World Championship,Worlds Season 3,TSM,North America,North America,Dyrus;;TheOddOne;;Reginald;;WildTurtle;;Xpecial,Top;;Jungle;;Mid;;Bot;;Support,United States;;Canada;;United States;;Canada;;United States
