"tournament_group","overviewpage","tournament","team","region","rosterlinks","roles","flags","tournament_group-2","tournament-2","league","region-2","country","year","datestart","date","overviewpage-2","datestart_precision","date_precision"
"Worlds 2014","2014 Season World Championship","Worlds 2014","ahq eSports Club","LMS","Prydz;;NAZ (Chen Tien-Chih);;westdoor;;GarnetDevil;;GreenTea","Top;;Jungle;;Mid;;Bot;;Support","Taiwan;;Taiwan;;Taiwan;;Taiwan;;Taiwan","Worlds 2014","Worlds 2014","World Championship","International","South Korea",2014,"2014-09-18","2014-10-19","2014 Season World Championship",1,1
"Worlds 2014","2014 Season World Championship","Worlds 2014","Alliance","Europe","Wickd;;Shook;;Froggen;;Tabzz;;Nyph","Top;;Jungle;;Mid;;Bot;;Support","Denmark;;Netherlands;;Denmark;;Netherlands;;Germany","Worlds 2014","Worlds 2014","World Championship","International","South Korea",2014,"2014-09-18","2014-10-19","2014 Season World Championship",1,1
"Worlds 2014","2014 Season World Championship","Worlds 2014","Cloud9","North America","Balls;;Meteos;;Hai;;Sneaky;;LemonNation","Top;;Jungle;;Mid;;Bot;;Support","United States;;United States;;United States;;United States;;United States","Worlds 2014","Worlds 2014","World Championship","International","South Korea",2014,"2014-09-18","2014-10-19","2014 Season World Championship",1,1
"Worlds 2014","2014 Season World Championship","Worlds 2014","Dark Passage","Turkey","fabFabulous;;Crystal;;Naru (Koray Bıçak);;HolyPhoenix;;Touch","Top;;Jungle;;Mid;;Bot;;Support","Turkey;;Turkey;;Turkey;;Turkey;;Norway","Worlds 2014","Worlds 2014","World Championship","International","South Korea",2014,"2014-09-18","2014-10-19","2014 Season World Championship",1,1
"Worlds 2014","2014 Season World Championship","Worlds 2014","EDward Gaming","China","Koro1;;Clearlove;;U;;NaMei;;Fzzf","Top;;Jungle;;Mid;;Bot;;Support","China;;China;;China;;China;;China","Worlds 2014","Worlds 2014","World Championship","International","South Korea",2014,"2014-09-18","2014-10-19","2014 Season World Championship",1,1
"Worlds 2014","2014 Season World Championship","Worlds 2014","Fnatic","Europe","sOAZ;;Cyanide;;xPeke;;Rekkles;;YellOwStar","Top;;Jungle;;Mid;;Bot;;Support","France;;Finland;;Spain;;Sweden;;France","Worlds 2014","Worlds 2014","World Championship","International","South Korea",2014,"2014-09-18","2014-10-19","2014 Season World Championship",1,1
"Worlds 2014","2014 Season World Championship","Worlds 2014","KaBuM! Esports","Brazil","LEP;;Danagorn;;TinOwns;;Minerva;;dans","Top;;Jungle;;Mid;;Bot;;Support","Brazil;;Brazil;;Brazil;;Brazil;;Brazil","Worlds 2014","Worlds 2014","World Championship","International","South Korea",2014,"2014-09-18","2014-10-19","2014 Season World Championship",1,1
"Worlds 2014","2014 Season World Championship","Worlds 2014","LMQ","North America","ackerman (Xiao Wang);;NoName (Zhou Qi-Lin);;XiaoWeiXiao;;Vasilii;;Mor","Top;;Jungle;;Mid;;Bot;;Support","China;;China;;China;;China;;China","Worlds 2014","Worlds 2014","World Championship","International","South Korea",2014,"2014-09-18","2014-10-19","2014 Season World Championship",1,1
"Worlds 2014","2014 Season World Championship","Worlds 2014","NaJin White Shield","Korea","Save;;Watch;;Ggoong;;Zefa;;GorillA","Top;;Jungle;;Mid;;Bot;;Support","South Korea;;South Korea;;South Korea;;South Korea;;South Korea","Worlds 2014","Worlds 2014","World Championship","International","South Korea",2014,"2014-09-18","2014-10-19","2014 Season World Championship",1,1
"Worlds 2014","2014 Season World Championship","Worlds 2014","Oh My God","China","Gogoing;;Loveling;;cool;;san (Guo Jun-Liang);;DaDa777;;Cloud (Hu Zhen-Wei)","Top;;Jungle;;Mid;;Bot;;Support;;Support","China;;China;;China;;China;;China;;China","Worlds 2014","Worlds 2014","World Championship","International","South Korea",2014,"2014-09-18","2014-10-19","2014 Season World Championship",1,1
"Worlds 2014","2014 Season World Championship","Worlds 2014","Samsung Blue","Korea","Acorn;;Spirit;;Dade;;Deft;;Heart","Top;;Jungle;;Mid;;Bot;;Support","South Korea;;South Korea;;South Korea;;South Korea;;South Korea","Worlds 2014","Worlds 2014","World Championship","International","South Korea",2014,"2014-09-18","2014-10-19","2014 Season World Championship",1,1
"Worlds 2014","2014 Season World Championship","Worlds 2014","Samsung White","Korea","Looper;;Dandy;;PawN;;imp;;Mata","Top;;Jungle;;Mid;;Bot;;Support","South Korea;;South Korea;;South Korea;;South Korea;;South Korea","Worlds 2014","Worlds 2014","World Championship","International","South Korea",2014,"2014-09-18","2014-10-19","2014 Season World Championship",1,1
"Worlds 2014","2014 Season World Championship","Worlds 2014","SK Gaming","Europe","fredy122;;Gilius;;Svenskeren;;Jesiz;;CandyPanda;;nRated","Top;;Jungle;;Jungle;;Mid;;Bot;;Support","United Kingdom;;Germany;;Denmark;;Denmark;;Germany;;Germany","Worlds 2014","Worlds 2014","World Championship","International","South Korea",2014,"2014-09-18","2014-10-19","2014 Season World Championship",1,1
"Worlds 2014","2014 Season World Championship","Worlds 2014","Star Horn Royal Club","China","Cola (Jiang Nan);;inSec;;corn (Lei Wen);;Uzi (Jian Zi-Hao);;Zero (Yoon Kyung-sup);;VicaL","Top;;Jungle;;Mid;;Bot;;Support;;Coach","China;;South Korea;;China;;China;;South Korea;;South Korea","Worlds 2014","Worlds 2014","World Championship","International","South Korea",2014,"2014-09-18","2014-10-19","2014 Season World Championship",1,1
"Worlds 2014","2014 Season World Championship","Worlds 2014","Taipei Assassins","LMS","Achie;;Winds;;Morning;;BeBe (Chang Bo-Wei);;Jay (Li Chieh)","Top;;Jungle;;Mid;;Bot;;Support","Taiwan;;Taiwan;;Taiwan;;Taiwan;;Taiwan","Worlds 2014","Worlds 2014","World Championship","International","South Korea",2014,"2014-09-18","2014-10-19","2014 Season World Championship",1,1
"Worlds 2014","2014 Season World Championship","Worlds 2014","TSM","North America","Dyrus;;Amazing (Maurice Stückenschneider);;Bjergsen;;WildTurtle;;Lustboy","Top;;Jungle;;Mid;;Bot;;Support","United States;;Germany;;Denmark;;Canada;;South Korea","Worlds 2014","Worlds 2014","World Championship","International","South Korea",2014,"2014-09-18","2014-10-19","2014 Season World Championship",1,1
"Worlds 2015","2015 Season World Championship","Worlds 2015","ahq eSports Club","LMS","Ziv (Chen Yi);;Mountain (Xue Zhao-Hong);;Westdoor;;AN;;Albis;;Backstairs","Top;;Jungle;;Mid;;Bot;;Support;;Coach","Taiwan;;Taiwan;;Taiwan;;Taiwan;;Taiwan;;Taiwan","Worlds 2015","Worlds 2015","World Championship","International","Europe",2015,"2015-10-01","2015-10-31","2015 Season World Championship",1,1
"Worlds 2015","2015 Season World Championship","Worlds 2015","Bangkok Titans","SEA","WarL0cK;;007x;;G4;;Lloyd;;Moss (Sorawat Boonphrom);;Cabbage","Top;;Jungle;;Mid;;Bot;;Support;;Coach","Thailand;;Thailand;;Thailand;;Thailand;;Thailand;;Thailand","Worlds 2015","Worlds 2015","World Championship","International","Europe",2015,"2015-10-01","2015-10-31","2015 Season World Championship",1,1
"Worlds 2015","2015 Season World Championship","Worlds 2015","Cloud9","NA","Balls;;Hai;;Incarnati0n;;Sneaky;;LemonNation;;Bubbadub","Top;;Jungle;;Mid;;Bot;;Support;;Coach","United States;;United States;;Denmark;;United States;;United States;;United States","Worlds 2015","Worlds 2015","World Championship","International","Europe",2015,"2015-10-01","2015-10-31","2015 Season World Championship",1,1
"Worlds 2015","2015 Season World Championship","Worlds 2015","Counter Logic Gaming","NA","ZionSpartan;;Xmithie;;Pobelter;;Doublelift;;aphromoo;;Zikzlol","Top;;Jungle;;Mid;;Bot;;Support;;Coach","Canada;;Philippines;;United States;;United States;;United States;;United States","Worlds 2015","Worlds 2015","World Championship","International","Europe",2015,"2015-10-01","2015-10-31","2015 Season World Championship",1,1
"Worlds 2015","2015 Season World Championship","Worlds 2015","EDward Gaming","CN","AmazingJ;;Koro1;;Clearlove;;PawN;;Deft;;Meiko;;Aaron (Ji Xing)","Top;;Top;;Jungle;;Mid;;Bot;;Support;;Coach","Hong Kong;;China;;China;;South Korea;;South Korea;;China;;China","Worlds 2015","Worlds 2015","World Championship","International","Europe",2015,"2015-10-01","2015-10-31","2015 Season World Championship",1,1
"Worlds 2015","2015 Season World Championship","Worlds 2015","Flash Wolves","LMS","Steak;;Karsa;;Maple (Huang Yi-Tang);;Kkramer;;NL (Hsiung Wen-An);;SwordArt;;Fluidwind","Top;;Jungle;;Mid;;Bot;;Bot;;Support;;Coach","Taiwan;;Taiwan;;Taiwan;;South Korea;;Taiwan;;Taiwan;;Taiwan","Worlds 2015","Worlds 2015","World Championship","International","Europe",2015,"2015-10-01","2015-10-31","2015 Season World Championship",1,1
"Worlds 2015","2015 Season World Championship","Worlds 2015","Fnatic","EU","Huni;;Reignover;;Febiven;;Rekkles;;YellOwStaR;;Deilor","Top;;Jungle;;Mid;;Bot;;Support;;Coach","South Korea;;South Korea;;Netherlands;;Sweden;;France;;Spain","Worlds 2015","Worlds 2015","World Championship","International","Europe",2015,"2015-10-01","2015-10-31","2015 Season World Championship",1,1
"Worlds 2015","2015 Season World Championship","Worlds 2015","H2k-Gaming","EU","Odoamne;;loulex;;Ryu;;Hjarnan;;kaSing;;pr0lly","Top;;Jungle;;Mid;;Bot;;Support;;Coach","Romania;;France;;South Korea;;Sweden;;United Kingdom;;United States","Worlds 2015","Worlds 2015","World Championship","International","Europe",2015,"2015-10-01","2015-10-31","2015 Season World Championship",1,1
"Worlds 2015","2015 Season World Championship","Worlds 2015","Invictus Gaming","CN","Zz1tai;;KAKAO;;Rookie;;Kid;;Time (Tang Jing-Tai);;Kitties;;Mafa","Top;;Jungle;;Mid;;Bot;;Bot;;Support;;Coach","China;;South Korea;;South Korea;;China;;China;;China;;South Korea","Worlds 2015","Worlds 2015","World Championship","International","Europe",2015,"2015-10-01","2015-10-31","2015 Season World Championship",1,1
"Worlds 2015","2015 Season World Championship","Worlds 2015","KOO Tigers","KR","Smeb;;Hojin;;Kuro;;PraY;;GorillA;;NoFe","Top;;Jungle;;Mid;;Bot;;Support;;Coach","South Korea;;South Korea;;South Korea;;South Korea;;South Korea;;South Korea","Worlds 2015","Worlds 2015","World Championship","International","Europe",2015,"2015-10-01","2015-10-31","2015 Season World Championship",1,1
"Worlds 2015","2015 Season World Championship","Worlds 2015","KT Rolster","KR","Ssumday;;Score;;Nagne;;Arrow;;Piccaboo;;Oh Chang-jong","Top;;Jungle;;Mid;;Bot;;Support;;Coach","South Korea;;South Korea;;South Korea;;South Korea;;South Korea;;South Korea","Worlds 2015","Worlds 2015","World Championship","International","Europe",2015,"2015-10-01","2015-10-31","2015 Season World Championship",1,1
"Worlds 2015","2015 Season World Championship","Worlds 2015","LGD Gaming","CN","Acorn;;Flame;;TBQ;;GODV (Wei Zhen);;imp;;Pyl (Chen Bo);;FireFox","Top;;Top;;Jungle;;Mid;;Bot;;Support;;Coach","South Korea;;South Korea;;China;;China;;South Korea;;China;;Taiwan","Worlds 2015","Worlds 2015","World Championship","International","Europe",2015,"2015-10-01","2015-10-31","2015 Season World Championship",1,1
"Worlds 2015","2015 Season World Championship","Worlds 2015","Origen","EU","Soaz;;Amazing (Maurice Stückenschneider);;xPeke;;Niels;;Mithy;;Hermit","Top;;Jungle;;Mid;;Bot;;Support;;Coach","France;;Germany;;Spain;;Denmark;;Spain;;United States","Worlds 2015","Worlds 2015","World Championship","International","Europe",2015,"2015-10-01","2015-10-31","2015 Season World Championship",1,1
"Worlds 2015","2015 Season World Championship","Worlds 2015","paiN Gaming","BR","Mylon;;SirT;;Kami (Gabriel Bohm Santos);;brTT;;Dioud;;MiT","Top;;Jungle;;Mid;;Bot;;Support;;Coach","Brazil;;Brazil;;Brazil;;Brazil;;France;;Brazil","Worlds 2015","Worlds 2015","World Championship","International","Europe",2015,"2015-10-01","2015-10-31","2015 Season World Championship",1,1
"Worlds 2015","2015 Season World Championship","Worlds 2015","SK Telecom T1","KR","MaRin;;Bengi;;Faker;;Easyhoon;;Bang;;Wolf (Lee Jae-wan);;kkOma","Top;;Jungle;;Mid;;Mid;;Bot;;Support;;Coach","South Korea;;South Korea;;South Korea;;South Korea;;South Korea;;South Korea;;South Korea","Worlds 2015","Worlds 2015","World Championship","International","Europe",2015,"2015-10-01","2015-10-31","2015 Season World Championship",1,1
"Worlds 2015","2015 Season World Championship","Worlds 2015","TSM","NA","Dyrus;;Santorin;;Bjergsen;;WildTurtle;;Lustboy;;Locodoco","Top;;Jungle;;Mid;;Bot;;Support;;Coach","United States;;Denmark;;Denmark;;Canada;;South Korea;;South Korea","Worlds 2015","Worlds 2015","World Championship","International","Europe",2015,"2015-10-01","2015-10-31","2015 Season World Championship",1,1
"Worlds 2016","2016 Season World Championship","Worlds 2016","ahq eSports Club","LMS","Ziv (Chen Yi);;Mountain (Xue Zhao-Hong);;Westdoor;;Chawy;;AN;;Albis;;GreenTea","Top;;Jungle;;Mid;;Mid;;Bot;;Support;;Coach","Taiwan;;Taiwan;;Taiwan;;Singapore;;Taiwan;;Taiwan;;Taiwan","Worlds 2016","Worlds 2016","World Championship","International","United States",2016,"2016-09-29","2016-10-29","2016 Season World Championship",1,1
"Worlds 2016","2016 Season World Championship","Worlds 2016","Albus NoX Luna","CIS","Smurf (Dmitri Ivanov);;PvPStejos;;Kira;;aMiracle;;Likkrit;;Ansva","Top;;Jungle;;Mid;;Bot;;Support;;Coach","Russia;;Ukraine;;Ukraine;;Ukraine;;Russia;;Russia","Worlds 2016","Worlds 2016","World Championship","International","United States",2016,"2016-09-29","2016-10-29","2016 Season World Championship",1,1
"Worlds 2016","2016 Season World Championship","Worlds 2016","Cloud9","NA","Impact;;Meteos;;Jensen;;Sneaky;;Smoothie;;Reapered","Top;;Jungle;;Mid;;Bot;;Support;;Coach","South Korea;;United States;;Denmark;;United States;;Canada;;South Korea","Worlds 2016","Worlds 2016","World Championship","International","United States",2016,"2016-09-29","2016-10-29","2016 Season World Championship",1,1
"Worlds 2016","2016 Season World Championship","Worlds 2016","Counter Logic Gaming","NA","Darshan;;Xmithie;;Huhi;;Stixxay;;aphromoo;;Zikzlol","Top;;Jungle;;Mid;;Bot;;Support;;Coach","Canada;;Philippines;;South Korea;;United States;;United States;;United States","Worlds 2016","Worlds 2016","World Championship","International","United States",2016,"2016-09-29","2016-10-29","2016 Season World Championship",1,1
"Worlds 2016","2016 Season World Championship","Worlds 2016","EDward Gaming","CN","Mouse;;Koro1;;Clearlove;;PawN;;Scout;;Deft;;Meiko;;RapidStar","Top;;Top;;Jungle;;Mid;;Mid;;Bot;;Support;;Coach","China;;China;;China;;South Korea;;South Korea;;South Korea;;China;;South Korea","Worlds 2016","Worlds 2016","World Championship","International","United States",2016,"2016-09-29","2016-10-29","2016 Season World Championship",1,1
"Worlds 2016","2016 Season World Championship","Worlds 2016","Flash Wolves","LMS","MMD;;Karsa;;Maple (Huang Yi-Tang);;NL (Hsiung Wen-An);;SwordArt;;Fluidwind","Top;;Jungle;;Mid;;Bot;;Support;;Coach","Taiwan;;Taiwan;;Taiwan;;Taiwan;;Taiwan;;Taiwan","Worlds 2016","Worlds 2016","World Championship","International","United States",2016,"2016-09-29","2016-10-29","2016 Season World Championship",1,1
"Worlds 2016","2016 Season World Championship","Worlds 2016","G2 Esports","EU","Expect;;Trick;;Perkz;;Zven;;mithy;;YoungBuck","Top;;Jungle;;Mid;;Bot;;Support;;Coach","South Korea;;South Korea;;Croatia;;Denmark;;Spain;;Netherlands","Worlds 2016","Worlds 2016","World Championship","International","United States",2016,"2016-09-29","2016-10-29","2016 Season World Championship",1,1
"Worlds 2016","2016 Season World Championship","Worlds 2016","H2k-Gaming","EU","Odoamne;;Jankos;;Ryu;;FORG1VEN;;Vander;;pr0lly","Top;;Jungle;;Mid;;Bot;;Support;;Coach","Romania;;Poland;;South Korea;;Greece;;Poland;;United States","Worlds 2016","Worlds 2016","World Championship","International","United States",2016,"2016-09-29","2016-10-29","2016 Season World Championship",1,1
"Worlds 2016","2016 Season World Championship","Worlds 2016","I May","CN","AmazingJ;;Avoidless;;Athena;;BaeMe;;Jinjiao;;Road (Yun Han-gil);;Kezman","Top;;Jungle;;Mid,Support;;Mid;;Bot;;Support;;Coach","Hong Kong;;Hong Kong;;South Korea;;South Korea;;China;;South Korea;;South Korea","Worlds 2016","Worlds 2016","World Championship","International","United States",2016,"2016-09-29","2016-10-29","2016 Season World Championship",1,1
"Worlds 2016","2016 Season World Championship","Worlds 2016","INTZ","BR","Yang (Felipe Zhao);;Revolta;;tockers;;micaO;;Jockster;;Abaxial","Top;;Jungle;;Mid;;Bot;;Support;;Coach","Brazil;;Brazil;;Brazil;;Brazil;;Brazil;;United States","Worlds 2016","Worlds 2016","World Championship","International","United States",2016,"2016-09-29","2016-10-29","2016 Season World Championship",1,1
"Worlds 2016","2016 Season World Championship","Worlds 2016","ROX Tigers","KR","Smeb;;Peanut;;Kuro;;PraY;;GorillA;;NoFe","Top;;Jungle;;Mid;;Bot;;Support;;Coach","South Korea;;South Korea;;South Korea;;South Korea;;South Korea;;South Korea","Worlds 2016","Worlds 2016","World Championship","International","United States",2016,"2016-09-29","2016-10-29","2016 Season World Championship",1,1
"Worlds 2016","2016 Season World Championship","Worlds 2016","Royal Never Give Up","CN","Looper;;Mlxg;;Xiaohu;;Uzi (Jian Zi-Hao);;Mata;;Fly (Kim Sang-cheol)","Top;;Jungle;;Mid;;Bot;;Support;;Coach","South Korea;;China;;China;;China;;South Korea;;South Korea","Worlds 2016","Worlds 2016","World Championship","International","United States",2016,"2016-09-29","2016-10-29","2016 Season World Championship",1,1
"Worlds 2016","2016 Season World Championship","Worlds 2016","Samsung Galaxy","KR","CuVee;;Ambition;;Crown;;Ruler;;Wraith;;CoreJJ;;Edgar","Top;;Jungle;;Mid;;Bot;;Support;;Support;;Coach","South Korea;;South Korea;;South Korea;;South Korea;;South Korea;;South Korea;;South Korea","Worlds 2016","Worlds 2016","World Championship","International","United States",2016,"2016-09-29","2016-10-29","2016 Season World Championship",1,1
"Worlds 2016","2016 Season World Championship","Worlds 2016","SK Telecom T1","KR","Duke (Lee Ho-seong);;Bengi;;Blank (Kang Sun-gu);;Faker;;Bang;;Wolf (Lee Jae-wan);;kkOma","Top;;Jungle;;Jungle;;Mid;;Bot;;Support;;Coach","South Korea;;South Korea;;South Korea;;South Korea;;South Korea;;South Korea;;South Korea","Worlds 2016","Worlds 2016","World Championship","International","United States",2016,"2016-09-29","2016-10-29","2016 Season World Championship",1,1
"Worlds 2016","2016 Season World Championship","Worlds 2016","Splyce","EU","Wunder;;Trashy;;Sencux;;Kobbe;;Mikyx;;YamatoCannon","Top;;Jungle;;Mid;;Bot;;Support;;Coach","Denmark;;Denmark;;Denmark;;Denmark;;Slovenia;;Sweden","Worlds 2016","Worlds 2016","World Championship","International","United States",2016,"2016-09-29","2016-10-29","2016 Season World Championship",1,1
"Worlds 2016","2016 Season World Championship","Worlds 2016","TSM","NA","Hauntzer;;Svenskeren;;Bjergsen;;Doublelift;;Biofrost;;Parth","Top;;Jungle;;Mid;;Bot;;Support;;Coach","United States;;Denmark;;Denmark;;United States;;China;;United States","Worlds 2016","Worlds 2016","World Championship","International","United States",2016,"2016-09-29","2016-10-29","2016 Season World Championship",1,1
"Worlds 2017","2017 Season World Championship/Main Event","Worlds 2017 Main Event","ahq eSports Club","LMS","Ziv (Chen Yi);;Mountain (Xue Zhao-Hong);;Westdoor;;Chawy;;AN;;Albis;;GreenTea","Top;;Jungle;;Mid;;Mid;;Bot;;Support;;Coach","Taiwan;;Taiwan;;Taiwan;;Singapore;;Taiwan;;Taiwan;;Taiwan","Worlds 2017","Worlds 2017 Main Event","World Championship","International","China",2017,"2017-10-05","2017-11-04","2017 Season World Championship/Main Event",1,1
"Worlds 2017","2017 Season World Championship/Main Event","Worlds 2017 Main Event","Cloud9","NA","Impact;;Contractz;;Jensen;;Sneaky;;Smoothie;;Reapered","Top;;Jungle;;Mid;;Bot;;Support;;Coach","South Korea;;United States;;Denmark;;United States;;Canada;;South Korea","Worlds 2017","Worlds 2017 Main Event","World Championship","International","China",2017,"2017-10-05","2017-11-04","2017 Season World Championship/Main Event",1,1
"Worlds 2017","2017 Season World Championship/Main Event","Worlds 2017 Main Event","EDward Gaming","CN","Mouse;;Clearlove7;;Scout;;iBoy;;Meiko;;NoFe","Top;;Jungle;;Mid;;Bot;;Support;;Coach","China;;China;;South Korea;;China;;China;;South Korea","Worlds 2017","Worlds 2017 Main Event","World Championship","International","China",2017,"2017-10-05","2017-11-04","2017 Season World Championship/Main Event",1,1
"Worlds 2017","2017 Season World Championship/Main Event","Worlds 2017 Main Event","Fenerbahçe Esports","TR","Thaldrin;;Crash;;Frozen (Kim Tae-il);;Padden;;Japone;;Pades","Top;;Jungle;;Mid;;Bot;;Support;;Coach","Turkey;;South Korea;;South Korea;;Turkey;;Turkey;;Turkey","Worlds 2017","Worlds 2017 Main Event","World Championship","International","China",2017,"2017-10-05","2017-11-04","2017 Season World Championship/Main Event",1,1
"Worlds 2017","2017 Season World Championship/Main Event","Worlds 2017 Main Event","Flash Wolves","LMS","MMD;;Karsa;;Maple (Huang Yi-Tang);;Betty;;SwordArT;;Steak","Top;;Jungle;;Mid;;Bot;;Support;;Coach","Taiwan;;Taiwan;;Taiwan;;Taiwan;;Taiwan;;Taiwan","Worlds 2017","Worlds 2017 Main Event","World Championship","International","China",2017,"2017-10-05","2017-11-04","2017 Season World Championship/Main Event",1,1
"Worlds 2017","2017 Season World Championship/Main Event","Worlds 2017 Main Event","Fnatic","EU","sOAZ;;Broxah;;Caps;;Rekkles;;Jesiz;;Dylan Falco","Top;;Jungle;;Mid;;Bot;;Support;;Coach","France;;Denmark;;Denmark;;Sweden;;Denmark;;Canada","Worlds 2017","Worlds 2017 Main Event","World Championship","International","China",2017,"2017-10-05","2017-11-04","2017 Season World Championship/Main Event",1,1
"Worlds 2017","2017 Season World Championship/Main Event","Worlds 2017 Main Event","G2 Esports","EU","Expect;;Trick;;Perkz;;Zven;;mithy;;YoungBuck","Top;;Jungle;;Mid;;Bot;;Support;;Coach","South Korea;;South Korea;;Croatia;;Denmark;;Spain;;Netherlands","Worlds 2017","Worlds 2017 Main Event","World Championship","International","China",2017,"2017-10-05","2017-11-04","2017 Season World Championship/Main Event",1,1
"Worlds 2017","2017 Season World Championship/Main Event","Worlds 2017 Main Event","GIGABYTE Marines","SEA","Archie (Trần Minh Nhựt);;Levi;;Optimus;;Noway (Nguyễn Vũ Long);;Nevan;;Sya;;Tinikun","Top;;Jungle;;Mid;;Bot;;Support;;Support;;Coach","Vietnam;;Vietnam;;Vietnam;;Vietnam;;Vietnam;;Vietnam;;Vietnam","Worlds 2017","Worlds 2017 Main Event","World Championship","International","China",2017,"2017-10-05","2017-11-04","2017 Season World Championship/Main Event",1,1
"Worlds 2017","2017 Season World Championship/Main Event","Worlds 2017 Main Event","Immortals","NA","Flame;;Xmithie;;Pobelter;;Cody Sun;;Olleh;;SSONG","Top;;Jungle;;Mid;;Bot;;Support;;Coach","South Korea;;Philippines;;United States;;China;;South Korea;;South Korea","Worlds 2017","Worlds 2017 Main Event","World Championship","International","China",2017,"2017-10-05","2017-11-04","2017 Season World Championship/Main Event",1,1
"Worlds 2017","2017 Season World Championship/Main Event","Worlds 2017 Main Event","Longzhu Gaming","KR","Khan;;Rascal;;Cuzz;;Bdd;;PraY;;GorillA;;Kim Jeong-soo","Top;;Top;;Jungle;;Mid;;Bot;;Support;;Coach","South Korea;;South Korea;;South Korea;;South Korea;;South Korea;;South Korea;;South Korea","Worlds 2017","Worlds 2017 Main Event","World Championship","International","China",2017,"2017-10-05","2017-11-04","2017 Season World Championship/Main Event",1,1
"Worlds 2017","2017 Season World Championship/Main Event","Worlds 2017 Main Event","Misfits Gaming","EU","Alphari;;Maxlore;;PowerOfEvil;;Hans Sama;;IgNar;;Daku (Hussain Moosvi)","Top;;Jungle;;Mid;;Bot;;Support;;Coach","United Kingdom;;United Kingdom;;Germany;;France;;South Korea;;United Arab Emirates","Worlds 2017","Worlds 2017 Main Event","World Championship","International","China",2017,"2017-10-05","2017-11-04","2017 Season World Championship/Main Event",1,1
"Worlds 2017","2017 Season World Championship/Main Event","Worlds 2017 Main Event","Royal Never Give Up","CN","Letme;;Mlxg;;Xiaohu;;Uzi (Jian Zi-Hao);;Ming (Shi Sen-Ming);;FireFox","Top;;Jungle;;Mid;;Bot;;Support;;Coach","China;;China;;China;;China;;China;;Taiwan","Worlds 2017","Worlds 2017 Main Event","World Championship","International","China",2017,"2017-10-05","2017-11-04","2017 Season World Championship/Main Event",1,1
"Worlds 2017","2017 Season World Championship/Main Event","Worlds 2017 Main Event","Samsung Galaxy","KR","CuVee;;Ambition;;Haru;;Crown;;Ruler;;CoreJJ;;Edgar","Top;;Jungle;;Jungle;;Mid;;Bot;;Support;;Coach","South Korea;;South Korea;;South Korea;;South Korea;;South Korea;;South Korea;;South Korea","Worlds 2017","Worlds 2017 Main Event","World Championship","International","China",2017,"2017-10-05","2017-11-04","2017 Season World Championship/Main Event",1,1
"Worlds 2017","2017 Season World Championship/Main Event","Worlds 2017 Main Event","SK Telecom T1","KR","Huni;;Peanut;;Blank (Kang Sun-gu);;Faker;;Bang;;Wolf (Lee Jae-wan);;kkOma","Top;;Jungle;;Jungle;;Mid;;Bot;;Support;;Coach","South Korea;;South Korea;;South Korea;;South Korea;;South Korea;;South Korea;;South Korea","Worlds 2017","Worlds 2017 Main Event","World Championship","International","China",2017,"2017-10-05","2017-11-04","2017 Season World Championship/Main Event",1,1
"Worlds 2017","2017 Season World Championship/Main Event","Worlds 2017 Main Event","Team WE","CN","957;;Condi;;xiye;;Mystic;;Ben;;Homme","Top;;Jungle;;Mid;;Bot;;Support;;Coach","China;;China;;China;;South Korea;;South Korea;;South Korea","Worlds 2017","Worlds 2017 Main Event","World Championship","International","China",2017,"2017-10-05","2017-11-04","2017 Season World Championship/Main Event",1,1
"Worlds 2017","2017 Season World Championship/Main Event","Worlds 2017 Main Event","TSM","NA","Hauntzer;;Svenskeren;;Bjergsen;;Doublelift;;Biofrost;;Parth","Top;;Jungle;;Mid;;Bot;;Support;;Coach","United States;;Denmark;;Denmark;;United States;;China;;United States","Worlds 2017","Worlds 2017 Main Event","World Championship","International","China",2017,"2017-10-05","2017-11-04","2017 Season World Championship/Main Event",1,1
"Worlds 2018","2018 Season World Championship/Main Event","Worlds 2018 Main Event","100 Thieves","North America","Ssumday;;AnDa;;Ryu;;Rikara;;aphromoo;;pr0lly","Top;;Jungle;;Mid;;Bot;;Support;;Coach","South Korea;;Canada;;South Korea;;United States;;United States;;United States","Worlds 2018","Worlds 2018 Main Event","World Championship","International","South Korea",2018,"2018-10-10","2018-11-03","2018 Season World Championship/Main Event",1,1
"Worlds 2018","2018 Season World Championship/Main Event","Worlds 2018 Main Event","Afreeca Freecs","Korea","Kiin;;Spirit;;Mowgli;;Kuro;;Kramer;;TusiN;;Comet","Top;;Jungle;;Jungle;;Mid;;Bot;;Support;;Coach","South Korea;;South Korea;;South Korea;;South Korea;;South Korea;;South Korea;;South Korea","Worlds 2018","Worlds 2018 Main Event","World Championship","International","South Korea",2018,"2018-10-10","2018-11-03","2018 Season World Championship/Main Event",1,1
"Worlds 2018","2018 Season World Championship/Main Event","Worlds 2018 Main Event","Cloud9","North America","Licorice;;Svenskeren;;Blaber;;Jensen;;Sneaky;;Zeyzal;;Reapered","Top;;Jungle;;Jungle;;Mid;;Bot;;Support;;Coach","Canada;;Denmark;;United States;;Denmark;;United States;;United States;;South Korea","Worlds 2018","Worlds 2018 Main Event","World Championship","International","South Korea",2018,"2018-10-10","2018-11-03","2018 Season World Championship/Main Event",1,1
"Worlds 2018","2018 Season World Championship/Main Event","Worlds 2018 Main Event","EDward Gaming","China","Ray;;Haro;;Clearlove;;Scout;;iBoy;;Meiko;;NoFe","Top;;Jungle;;Jungle;;Mid;;Bot;;Support;;Coach","South Korea;;China;;China;;South Korea;;China;;China;;South Korea","Worlds 2018","Worlds 2018 Main Event","World Championship","International","South Korea",2018,"2018-10-10","2018-11-03","2018 Season World Championship/Main Event",1,1
"Worlds 2018","2018 Season World Championship/Main Event","Worlds 2018 Main Event","Flash Wolves","LMS","Hanabi (Su Chia-Hsiang);;Moojin;;Maple (Huang Yi-Tang);;Betty;;SwordArt;;WarHorse","Top;;Jungle;;Mid;;Bot;;Support;;Coach","Taiwan;;South Korea;;Taiwan;;Taiwan;;Taiwan;;Taiwan","Worlds 2018","Worlds 2018 Main Event","World Championship","International","South Korea",2018,"2018-10-10","2018-11-03","2018 Season World Championship/Main Event",1,1
"Worlds 2018","2018 Season World Championship/Main Event","Worlds 2018 Main Event","Fnatic","Europe","sOAZ;;Bwipo;;Broxah;;Caps;;Rekkles;;Hylissang;;Dylan Falco","Top;;Top;;Jungle;;Mid;;Bot;;Support;;Coach","France;;Belgium;;Denmark;;Denmark;;Sweden;;Bulgaria;;Canada","Worlds 2018","Worlds 2018 Main Event","World Championship","International","South Korea",2018,"2018-10-10","2018-11-03","2018 Season World Championship/Main Event",1,1
"Worlds 2018","2018 Season World Championship/Main Event","Worlds 2018 Main Event","G-Rex","LMS","PK;;baybay;;Empt2y;;Candy (Kim Seung-ju);;Stitch;;Koala (Lin Chih-Chiang);;Wei (Fu Chien-Wei)","Top;;Jungle;;Jungle;;Mid;;Bot;;Support;;Coach","Taiwan;;Taiwan;;Hong Kong;;South Korea;;South Korea;;Taiwan;;Taiwan","Worlds 2018","Worlds 2018 Main Event","World Championship","International","South Korea",2018,"2018-10-10","2018-11-03","2018 Season World Championship/Main Event",1,1
"Worlds 2018","2018 Season World Championship/Main Event","Worlds 2018 Main Event","G2 Esports","Europe","Wunder;;Jankos;;Perkz;;Hjarnan;;Wadid;;GrabbZ","Top;;Jungle;;Mid;;Bot;;Support;;Coach","Denmark;;Poland;;Croatia;;Sweden;;South Korea;;Germany","Worlds 2018","Worlds 2018 Main Event","World Championship","International","South Korea",2018,"2018-10-10","2018-11-03","2018 Season World Championship/Main Event",1,1
"Worlds 2018","2018 Season World Championship/Main Event","Worlds 2018 Main Event","Gen.G","Korea","CuVee;;Haru;;Ambition;;Crown;;Ruler;;CoreJJ;;Edgar","Top;;Jungle;;Jungle;;Mid;;Bot;;Support;;Coach","South Korea;;South Korea;;South Korea;;South Korea;;South Korea;;South Korea;;South Korea","Worlds 2018","Worlds 2018 Main Event","World Championship","International","South Korea",2018,"2018-10-10","2018-11-03","2018 Season World Championship/Main Event",1,1
"Worlds 2018","2018 Season World Championship/Main Event","Worlds 2018 Main Event","Invictus Gaming","China","Duke (Lee Ho-seong);;TheShy;;Ning;;Rookie;;JackeyLove;;Baolan;;Kim (Kim Jeong-soo)","Top;;Top;;Jungle;;Mid;;Bot;;Support;;Coach","South Korea;;South Korea;;China;;South Korea;;China;;China;;South Korea","Worlds 2018","Worlds 2018 Main Event","World Championship","International","South Korea",2018,"2018-10-10","2018-11-03","2018 Season World Championship/Main Event",1,1
"Worlds 2018","2018 Season World Championship/Main Event","Worlds 2018 Main Event","KT Rolster","Korea","Smeb;;Score;;Ucal;;Deft;;Mata;;Noexcuse","Top;;Jungle;;Mid;;Bot;;Support;;Coach","South Korea;;South Korea;;South Korea;;South Korea;;South Korea;;South Korea","Worlds 2018","Worlds 2018 Main Event","World Championship","International","South Korea",2018,"2018-10-10","2018-11-03","2018 Season World Championship/Main Event",1,1
"Worlds 2018","2018 Season World Championship/Main Event","Worlds 2018 Main Event","MAD Team","LMS","Liang;;Kongyue;;Benny (Lien Hsiu-Chi);;Uniboy;;Breeze;;K;;GreenTea","Top;;Jungle;;Jungle;;Mid;;Bot;;Support;;Coach","Taiwan;;Taiwan;;Taiwan;;Taiwan;;Taiwan;;Taiwan;;Taiwan","Worlds 2018","Worlds 2018 Main Event","World Championship","International","South Korea",2018,"2018-10-10","2018-11-03","2018 Season World Championship/Main Event",1,1
"Worlds 2018","2018 Season World Championship/Main Event","Worlds 2018 Main Event","Phong Vũ Buffalo","Vietnam","Zeros;;Meliodas (Hoàng Tiến Nhật);;XuHao;;Naul;;BigKoro;;Palette;;Ren","Top;;Jungle;;Jungle;;Mid;;Bot;;Support;;Coach","Vietnam;;Vietnam;;Vietnam;;Vietnam;;Vietnam;;Vietnam;;Vietnam","Worlds 2018","Worlds 2018 Main Event","World Championship","International","South Korea",2018,"2018-10-10","2018-11-03","2018 Season World Championship/Main Event",1,1
"Worlds 2018","2018 Season World Championship/Main Event","Worlds 2018 Main Event","Royal Never Give Up","China","Letme;;Karsa;;Mlxg;;Xiaohu;;Uzi (Jian Zi-Hao);;Ming (Shi Sen-Ming);;Heart","Top;;Jungle;;Jungle;;Mid;;Bot;;Support;;Coach","China;;Taiwan;;China;;China;;China;;China;;South Korea","Worlds 2018","Worlds 2018 Main Event","World Championship","International","South Korea",2018,"2018-10-10","2018-11-03","2018 Season World Championship/Main Event",1,1
"Worlds 2018","2018 Season World Championship/Main Event","Worlds 2018 Main Event","Team Liquid","North America","Impact;;Xmithie;;Pobelter;;Doublelift;;Olleh;;Cain","Top;;Jungle;;Mid;;Bot;;Support;;Coach","South Korea;;Philippines;;United States;;United States;;South Korea;;South Korea","Worlds 2018","Worlds 2018 Main Event","World Championship","International","South Korea",2018,"2018-10-10","2018-11-03","2018 Season World Championship/Main Event",1,1
"Worlds 2018","2018 Season World Championship/Main Event","Worlds 2018 Main Event","Team Vitality","Europe","Cabochard;;Kikis;;Jiizuke;;Attila;;Jactroll;;YamatoCannon","Top;;Jungle;;Mid;;Bot;;Support;;Coach","France;;Poland;;Italy;;Portugal;;Poland;;Sweden","Worlds 2018","Worlds 2018 Main Event","World Championship","International","South Korea",2018,"2018-10-10","2018-11-03","2018 Season World Championship/Main Event",1,1
"Worlds 2019","2019 Season World Championship/Main Event","Worlds 2019 Main Event","ahq eSports Club","LMS","Ziv (Chen Yi);;Alex (Chen Yu-Ming);;Rainbow (Kim Soo-gi);;Apex (Hsieh Chia-Wei);;Wako;;Ysera;;NeXAbc","Top;;Jungle;;Mid;;Mid;;Bot;;Support;;Coach","Taiwan;;Taiwan;;South Korea;;Taiwan;;Taiwan;;Taiwan;;Taiwan","Worlds 2019","Worlds 2019 Main Event","World Championship","International","Europe",2019,"2019-10-12","2019-11-10","2019 Season World Championship/Main Event",1,1
"Worlds 2019","2019 Season World Championship/Main Event","Worlds 2019 Main Event","Cloud9","North America","Licorice;;Svenskeren;;Blaber;;Nisqy;;Sneaky;;Deftly;;Zeyzal;;Reapered","Top;;Jungle;;Jungle;;Mid;;Bot;;Bot;;Support;;Coach","Canada;;Denmark;;United States;;Belgium;;United States;;United States;;United States;;South Korea","Worlds 2019","Worlds 2019 Main Event","World Championship","International","Europe",2019,"2019-10-12","2019-11-10","2019 Season World Championship/Main Event",1,1
"Worlds 2019","2019 Season World Championship/Main Event","Worlds 2019 Main Event","Clutch Gaming","North America","Huni;;Lira;;Damonte;;Cody Sun;;Vulcan (Philippe Laflamme);;Thinkcard","Top;;Jungle;;Mid;;Bot;;Support;;Coach","South Korea;;South Korea;;United States;;China;;Canada;;United States","Worlds 2019","Worlds 2019 Main Event","World Championship","International","Europe",2019,"2019-10-12","2019-11-10","2019 Season World Championship/Main Event",1,1
"Worlds 2019","2019 Season World Championship/Main Event","Worlds 2019 Main Event","DAMWON Gaming","Korea","Nuguri;;Canyon;;ShowMaker;;Nuclear;;BeryL;;Kim (Kim Jeong-soo)","Top;;Jungle;;Mid;;Bot;;Support;;Coach","South Korea;;South Korea;;South Korea;;South Korea;;South Korea;;South Korea","Worlds 2019","Worlds 2019 Main Event","World Championship","International","Europe",2019,"2019-10-12","2019-11-10","2019 Season World Championship/Main Event",1,1
"Worlds 2019","2019 Season World Championship/Main Event","Worlds 2019 Main Event","Fnatic","Europe","Bwipo;;Broxah;;Nemesis;;Rekkles;;Hylissang;;Youngbuck","Top;;Jungle;;Mid;;Bot;;Support;;Coach","Belgium;;Denmark;;Slovenia;;Sweden;;Bulgaria;;Netherlands","Worlds 2019","Worlds 2019 Main Event","World Championship","International","Europe",2019,"2019-10-12","2019-11-10","2019 Season World Championship/Main Event",1,1
"Worlds 2019","2019 Season World Championship/Main Event","Worlds 2019 Main Event","FunPlus Phoenix","China","GimGoon;;Tian;;Doinb;;Lwx;;Crisp;;WarHorse","Top;;Jungle;;Mid;;Bot;;Support;;Coach","South Korea;;China;;South Korea;;China;;China;;Taiwan","Worlds 2019","Worlds 2019 Main Event","World Championship","International","Europe",2019,"2019-10-12","2019-11-10","2019 Season World Championship/Main Event",1,1
"Worlds 2019","2019 Season World Championship/Main Event","Worlds 2019 Main Event","G2 Esports","Europe","Wunder;;Jankos;;Caps;;Perkz;;Mikyx;;GrabbZ","Top;;Jungle;;Mid;;Bot;;Support;;Coach","Denmark;;Poland;;Denmark;;Croatia;;Slovenia;;Germany","Worlds 2019","Worlds 2019 Main Event","World Championship","International","Europe",2019,"2019-10-12","2019-11-10","2019 Season World Championship/Main Event",1,1
"Worlds 2019","2019 Season World Championship/Main Event","Worlds 2019 Main Event","GAM Esports","Vietnam","Zeros;;Levi;;Kiaya;;Zin;;Hieu3;;Slay;;Yuna","Top;;Jungle;;Mid;;Bot;;Support;;Support;;Coach","Vietnam;;Vietnam;;Vietnam;;Vietnam;;Vietnam;;Vietnam;;Vietnam","Worlds 2019","Worlds 2019 Main Event","World Championship","International","Europe",2019,"2019-10-12","2019-11-10","2019 Season World Championship/Main Event",1,1
"Worlds 2019","2019 Season World Championship/Main Event","Worlds 2019 Main Event","Griffin (Korean Team)","Korea","Sword (Choi Sung-won);;Tarzan (Lee Seung-yong);;Chovy;;Viper (Park Do-hyeon);;Lehends;;Chaos (Byun Young-sub)","Top;;Jungle;;Mid;;Bot;;Support;;Coach","South Korea;;South Korea;;South Korea;;South Korea;;South Korea;;South Korea","Worlds 2019","Worlds 2019 Main Event","World Championship","International","Europe",2019,"2019-10-12","2019-11-10","2019 Season World Championship/Main Event",1,1
"Worlds 2019","2019 Season World Championship/Main Event","Worlds 2019 Main Event","Hong Kong Attitude","LMS","3Z;;Crash;;M1ssion;;Unified;;Kaiwing;;Chawy","Top;;Jungle;;Mid;;Bot;;Support;;Coach","Taiwan;;South Korea;;Taiwan;;Hong Kong;;Hong Kong;;Singapore","Worlds 2019","Worlds 2019 Main Event","World Championship","International","Europe",2019,"2019-10-12","2019-11-10","2019 Season World Championship/Main Event",1,1
"Worlds 2019","2019 Season World Championship/Main Event","Worlds 2019 Main Event","Invictus Gaming","China","TheShy;;Leyan;;Ning;;Rookie;;JackeyLove;;Baolan;;Mafa","Top;;Jungle;;Jungle;;Mid;;Bot;;Support;;Coach","South Korea;;China;;China;;South Korea;;China;;China;;South Korea","Worlds 2019","Worlds 2019 Main Event","World Championship","International","Europe",2019,"2019-10-12","2019-11-10","2019 Season World Championship/Main Event",1,1
"Worlds 2019","2019 Season World Championship/Main Event","Worlds 2019 Main Event","J Team","LMS","Rest;;Hana;;FoFo;;Lilv;;Koala (Lin Chih-Chiang);;REFRA1N","Top;;Jungle;;Mid;;Bot;;Support;;Coach","Taiwan;;Taiwan;;Taiwan;;Taiwan;;Taiwan;;Taiwan","Worlds 2019","Worlds 2019 Main Event","World Championship","International","Europe",2019,"2019-10-12","2019-11-10","2019 Season World Championship/Main Event",1,1
"Worlds 2019","2019 Season World Championship/Main Event","Worlds 2019 Main Event","Royal Never Give Up","China","Langx;;Karsa;;Xiaohu;;Uzi (Jian Zi-Hao);;Ming (Shi Sen-Ming);;Steak","Top;;Jungle;;Mid;;Bot;;Support;;Coach","China;;Taiwan;;China;;China;;China;;Taiwan","Worlds 2019","Worlds 2019 Main Event","World Championship","International","Europe",2019,"2019-10-12","2019-11-10","2019 Season World Championship/Main Event",1,1
"Worlds 2019","2019 Season World Championship/Main Event","Worlds 2019 Main Event","SK Telecom T1","Korea","Khan;;Clid;;Faker;;Teddy;;Effort;;Mata;;Zefa","Top;;Jungle;;Mid;;Bot;;Support;;Support;;Coach","South Korea;;South Korea;;South Korea;;South Korea;;South Korea;;South Korea;;South Korea","Worlds 2019","Worlds 2019 Main Event","World Championship","International","Europe",2019,"2019-10-12","2019-11-10","2019 Season World Championship/Main Event",1,1
"Worlds 2019","2019 Season World Championship/Main Event","Worlds 2019 Main Event","Splyce","Europe","Vizicsacsi;;Xerxe;;Humanoid;;Kobbe;;Norskeren;;Duke (Hadrien Forestier)","Top;;Jungle;;Mid;;Bot;;Support;;Coach","Hungary;;Romania;;Czech Republic;;Denmark;;Norway;;France","Worlds 2019","Worlds 2019 Main Event","World Championship","International","Europe",2019,"2019-10-12","2019-11-10","2019 Season World Championship/Main Event",1,1
"Worlds 2019","2019 Season World Championship/Main Event","Worlds 2019 Main Event","Team Liquid","North America","Impact;;Xmithie;;Jensen;;Doublelift;;CoreJJ;;Cain","Top;;Jungle;;Mid;;Bot;;Support;;Coach","South Korea;;Philippines;;Denmark;;United States;;South Korea;;South Korea","Worlds 2019","Worlds 2019 Main Event","World Championship","International","Europe",2019,"2019-10-12","2019-11-10","2019 Season World Championship/Main Event",1,1
"Worlds 2020","2020 Season World Championship/Main Event","Worlds 2020 Main Event","DAMWON Gaming","KR","Nuguri;;Canyon;;ShowMaker;;Ghost (Jang Yong-jun);;BeryL;;Zefa;;Daeny","Top;;Jungle;;Mid;;Bot;;Support;;Coach;;Coach","South Korea;;South Korea;;South Korea;;South Korea;;South Korea;;South Korea;;South Korea","Worlds 2020","Worlds 2020 Main Event","World Championship","International","China",2020,"2020-10-03","2020-10-31","2020 Season World Championship/Main Event",1,1
"Worlds 2020","2020 Season World Championship/Main Event","Worlds 2020 Main Event","DRX","KR","Doran (Choi Hyeon-joon);;Pyosik;;Chovy;;Deft;;Keria;;cvMax;;Museong","Top;;Jungle;;Mid;;Bot;;Support;;Coach;;Coach","South Korea;;South Korea;;South Korea;;South Korea;;South Korea;;South Korea;;South Korea","Worlds 2020","Worlds 2020 Main Event","World Championship","International","China",2020,"2020-10-03","2020-10-31","2020 Season World Championship/Main Event",1,1
"Worlds 2020","2020 Season World Championship/Main Event","Worlds 2020 Main Event","FlyQuest","NA","Solo (Colin Earnest);;Santorin;;PowerOfEvil;;WildTurtle;;IgNar;;Curry;;MasH","Top;;Jungle;;Mid;;Bot;;Support;;Coach;;Coach","United States;;Denmark;;Germany;;Canada;;South Korea;;United States;;Canada","Worlds 2020","Worlds 2020 Main Event","World Championship","International","China",2020,"2020-10-03","2020-10-31","2020 Season World Championship/Main Event",1,1
"Worlds 2020","2020 Season World Championship/Main Event","Worlds 2020 Main Event","Fnatic","EU","Bwipo;;Selfmade;;Nemesis;;Rekkles;;Hylissang;;Mithy;;Shaves","Top;;Jungle;;Mid;;Bot;;Support;;Coach;;Coach","Belgium;;Poland;;Slovenia;;Sweden;;Bulgaria;;Spain;;United Kingdom","Worlds 2020","Worlds 2020 Main Event","World Championship","International","China",2020,"2020-10-03","2020-10-31","2020 Season World Championship/Main Event",1,1
"Worlds 2020","2020 Season World Championship/Main Event","Worlds 2020 Main Event","G2 Esports","EU","Wunder;;Jankos;;Caps;;Perkz;;Mikyx;;GrabbZ;;Duffman","Top;;Jungle;;Mid;;Bot;;Support;;Coach;;Coach","Denmark;;Poland;;Denmark;;Croatia;;Slovenia;;Germany;;United Kingdom","Worlds 2020","Worlds 2020 Main Event","World Championship","International","China",2020,"2020-10-03","2020-10-31","2020 Season World Championship/Main Event",1,1
"Worlds 2020","2020 Season World Championship/Main Event","Worlds 2020 Main Event","Gen.G","KR","Rascal;;Clid;;Bdd;;Ruler;;Life;;oDin (Ju Yeong-dal);;Tom (Im Jae-hyeon)","Top;;Jungle;;Mid;;Bot;;Support;;Coach;;Coach","South Korea;;South Korea;;South Korea;;South Korea;;South Korea;;South Korea;;South Korea","Worlds 2020","Worlds 2020 Main Event","World Championship","International","China",2020,"2020-10-03","2020-10-31","2020 Season World Championship/Main Event",1,1
"Worlds 2020","2020 Season World Championship/Main Event","Worlds 2020 Main Event","JD Gaming","CN","Zoom;;Kanavi;;Yagao;;LokeN;;LvMao;;Homme;;huge","Top;;Jungle;;Mid;;Bot;;Support;;Coach;;Coach","China;;South Korea;;China;;South Korea;;China;;South Korea;;China","Worlds 2020","Worlds 2020 Main Event","World Championship","International","China",2020,"2020-10-03","2020-10-31","2020 Season World Championship/Main Event",1,1
"Worlds 2020","2020 Season World Championship/Main Event","Worlds 2020 Main Event","LGD Gaming","CN","Langx;;Peanut;;xiye;;Kramer;;Mark (Ling Xu);;Maizijian;;Eimy","Top;;Jungle;;Mid;;Bot;;Support;;Head Coach;;Coach","China;;South Korea;;China;;South Korea;;China;;China;;China","Worlds 2020","Worlds 2020 Main Event","World Championship","International","China",2020,"2020-10-03","2020-10-31","2020 Season World Championship/Main Event",1,1
"Worlds 2020","2020 Season World Championship/Main Event","Worlds 2020 Main Event","Machi Esports","PCS","PK;;Gemini;;Mission;;Bruce;;Koala (Lin Chih-Chiang);;Mountain (Xue Zhao-Hong);;Dreamer","Top;;Jungle;;Mid;;Bot;;Support;;Coach;;Coach","Taiwan;;Taiwan;;Taiwan;;Taiwan;;Taiwan;;Taiwan;;Taiwan","Worlds 2020","Worlds 2020 Main Event","World Championship","International","China",2020,"2020-10-03","2020-10-31","2020 Season World Championship/Main Event",1,1
"Worlds 2020","2020 Season World Championship/Main Event","Worlds 2020 Main Event","PSG Talon","PCS","Hanabi (Su Chia-Hsiang);;River (Kim Dong-woo);;Tank;;Unified;;Kaiwing;;Bigfafa;;Saroo","Top;;Jungle;;Mid;;Bot;;Support;;Coach;;Coach","Taiwan;;South Korea;;South Korea;;Hong Kong;;Hong Kong;;South Korea;;South Korea","Worlds 2020","Worlds 2020 Main Event","World Championship","International","China",2020,"2020-10-03","2020-10-31","2020 Season World Championship/Main Event",1,1
"Worlds 2020","2020 Season World Championship/Main Event","Worlds 2020 Main Event","Rogue (European Team)","EU","Finn;;Inspired;;Larssen;;Hans sama;;Vander;;fredy122;;Blumigan","Top;;Jungle;;Mid;;Bot;;Support;;Coach;;Coach","Sweden;;Poland;;Sweden;;France;;Poland;;United Kingdom;;Sweden","Worlds 2020","Worlds 2020 Main Event","World Championship","International","China",2020,"2020-10-03","2020-10-31","2020 Season World Championship/Main Event",1,1
"Worlds 2020","2020 Season World Championship/Main Event","Worlds 2020 Main Event","Suning","CN","Bin (Chen Ze-Bin);;SofM;;Angel (Xiang Tao);;huanfeng;;SwordArt;;Chashao;;Dian","Top;;Jungle;;Mid;;Bot;;Support;;Coach;;Coach","China;;Vietnam;;China;;China;;Taiwan;;Taiwan;;China","Worlds 2020","Worlds 2020 Main Event","World Championship","International","China",2020,"2020-10-03","2020-10-31","2020 Season World Championship/Main Event",1,1
"Worlds 2020","2020 Season World Championship/Main Event","Worlds 2020 Main Event","Team Liquid","NA","Impact;;Broxah;;Jensen;;Tactical;;CoreJJ;;Jatt;;Cain","Top;;Jungle;;Mid;;Bot;;Support;;Coach;;Coach","South Korea;;Denmark;;Denmark;;United States;;South Korea;;Canada;;South Korea","Worlds 2020","Worlds 2020 Main Event","World Championship","International","China",2020,"2020-10-03","2020-10-31","2020 Season World Championship/Main Event",1,1
"Worlds 2020","2020 Season World Championship/Main Event","Worlds 2020 Main Event","Top Esports","CN","369;;Karsa;;knight (Zhuo Ding);;JackeyLove;;yuyanjia;;Crescent (Luo Sheng)","Top;;Jungle;;Mid;;Bot;;Support;;Coach","China;;Taiwan;;China;;China;;China;;China","Worlds 2020","Worlds 2020 Main Event","World Championship","International","China",2020,"2020-10-03","2020-10-31","2020 Season World Championship/Main Event",1,1
"Worlds 2020","2020 Season World Championship/Main Event","Worlds 2020 Main Event","TSM","NA","Broken Blade;;Spica;;Bjergsen;;Doublelift;;Biofrost;;Parth;;Mabrey","Top;;Jungle;;Mid;;Bot;;Support;;Coach;;Coach","Germany;;China;;Denmark;;United States;;China;;United States;;United States","Worlds 2020","Worlds 2020 Main Event","World Championship","International","China",2020,"2020-10-03","2020-10-31","2020 Season World Championship/Main Event",1,1
"Worlds 2020","2020 Season World Championship/Main Event","Worlds 2020 Main Event","Unicorns of Love.CIS","CIS","BOSS (Vladislav Fomin);;AHaHaCiK;;Nomanz;;Gadget;;SaNTaS;;Sheepy;;Invi","Top;;Jungle;;Mid;;Bot;;Support;;Coach;;Coach","Russia;;Russia;;Russia;;Belarus;;Russia;;Germany;;Russia","Worlds 2020","Worlds 2020 Main Event","World Championship","International","China",2020,"2020-10-03","2020-10-31","2020 Season World Championship/Main Event",1,1
"Worlds 2021","2021 Season World Championship/Main Event","Worlds 2021 Main Event","100 Thieves","NA","Ssumday;;Closer (Can Çelik);;Abbedagge;;FBI;;huhi;;Reapered;;Freeze","Top;;Jungle;;Mid;;Bot;;Support;;Coach;;Coach","South Korea;;Turkey;;Germany;;Australia;;South Korea;;South Korea;;Czech Republic","Worlds 2021","Worlds 2021 Main Event","World Championship","International","Iceland",2021,"2021-10-11","2021-11-06","2021 Season World Championship/Main Event",1,1
"Worlds 2021","2021 Season World Championship/Main Event","Worlds 2021 Main Event","Cloud9","NA","Fudge;;Blaber;;Perkz;;Zven;;Vulcan (Philippe Laflamme);;Mithy;;Reignover","Top;;Jungle;;Mid;;Bot;;Support;;Coach;;Coach","Australia;;United States;;Croatia;;Denmark;;Canada;;Spain;;South Korea","Worlds 2021","Worlds 2021 Main Event","World Championship","International","Iceland",2021,"2021-10-11","2021-11-06","2021 Season World Championship/Main Event",1,1
"Worlds 2021","2021 Season World Championship/Main Event","Worlds 2021 Main Event","DetonatioN FocusMe","JP","Evi;;Steal (Mun Geon-yeong);;Aria (Lee Ga-eul);;Yutapon;;Gaeng;;Kazu;;Yang (Yang Gwang-pyo)","Top;;Jungle;;Mid;;Bot;;Support;;Coach;;Coach","Japan;;South Korea;;South Korea;;Japan;;South Korea;;Japan;;South Korea","Worlds 2021","Worlds 2021 Main Event","World Championship","International","Iceland",2021,"2021-10-11","2021-11-06","2021 Season World Championship/Main Event",1,1
"Worlds 2021","2021 Season World Championship/Main Event","Worlds 2021 Main Event","DWG KIA","KR","Khan;;Canyon;;ShowMaker;;Ghost (Jang Yong-jun);;BeryL;;kkOma;;PoohManDu","Top;;Jungle;;Mid;;Bot;;Support;;Coach;;Coach","South Korea;;South Korea;;South Korea;;South Korea;;South Korea;;South Korea;;South Korea","Worlds 2021","Worlds 2021 Main Event","World Championship","International","Iceland",2021,"2021-10-11","2021-11-06","2021 Season World Championship/Main Event",1,1
"Worlds 2021","2021 Season World Championship/Main Event","Worlds 2021 Main Event","EDward Gaming","CN","Flandre;;JieJie;;Scout;;Viper (Park Do-hyeon);;Meiko;;Maokai (Yang Ji-Song);;KenZhu","Top;;Jungle;;Mid;;Bot;;Support;;Coach;;Coach","China;;China;;South Korea;;South Korea;;China;;China;;China","Worlds 2021","Worlds 2021 Main Event","World Championship","International","Iceland",2021,"2021-10-11","2021-11-06","2021 Season World Championship/Main Event",1,1
"Worlds 2021","2021 Season World Championship/Main Event","Worlds 2021 Main Event","Fnatic","EU","Adam (Adam Maanane);;Bwipo;;Nisqy;;BEAN (Louis Schmitz);;Hylissang;;YamatoCannon","Top;;Jungle;;Mid;;Bot;;Support;;Coach","France;;Belgium;;Belgium;;Germany;;Bulgaria;;Sweden","Worlds 2021","Worlds 2021 Main Event","World Championship","International","Iceland",2021,"2021-10-11","2021-11-06","2021 Season World Championship/Main Event",1,1
"Worlds 2021","2021 Season World Championship/Main Event","Worlds 2021 Main Event","FunPlus Phoenix","CN","Nuguri;;Tian;;Doinb;;Lwx;;Crisp;;Steak;;REFRA1N","Top;;Jungle;;Mid;;Bot;;Support;;Coach;;Coach","South Korea;;China;;South Korea;;China;;China;;Taiwan;;Taiwan","Worlds 2021","Worlds 2021 Main Event","World Championship","International","Iceland",2021,"2021-10-11","2021-11-06","2021 Season World Championship/Main Event",1,1
"Worlds 2021","2021 Season World Championship/Main Event","Worlds 2021 Main Event","Gen.G","KR","Rascal;;Burdol;;Clid;;Bdd;;Ruler;;Life;;oDin (Ju Yeong-dal);;Ggoong","Top;;Top;;Jungle;;Mid;;Bot;;Support;;Coach;;Coach","South Korea;;South Korea;;South Korea;;South Korea;;South Korea;;South Korea;;South Korea;;South Korea","Worlds 2021","Worlds 2021 Main Event","World Championship","International","Iceland",2021,"2021-10-11","2021-11-06","2021 Season World Championship/Main Event",1,1
"Worlds 2021","2021 Season World Championship/Main Event","Worlds 2021 Main Event","Hanwha Life Esports","KR","Morgan;;Willer;;Chovy;;Deft;;Vsta;;Kezman;;Sudal","Top;;Jungle;;Mid;;Bot;;Support;;Coach;;Coach","South Korea;;South Korea;;South Korea;;South Korea;;South Korea;;South Korea;;South Korea","Worlds 2021","Worlds 2021 Main Event","World Championship","International","Iceland",2021,"2021-10-11","2021-11-06","2021 Season World Championship/Main Event",1,1
"Worlds 2021","2021 Season World Championship/Main Event","Worlds 2021 Main Event","LNG Esports","China","Ale;;Tarzan (Lee Seung-yong);;icon;;Light (Wang Guang-Yu);;Iwandy;;Rather;;U","Top;;Jungle;;Mid;;Bot;;Support;;Coach;;Coach","China;;South Korea;;China;;China;;China;;South Korea;;China","Worlds 2021","Worlds 2021 Main Event","World Championship","International","Iceland",2021,"2021-10-11","2021-11-06","2021 Season World Championship/Main Event",1,1
"Worlds 2021","2021 Season World Championship/Main Event","Worlds 2021 Main Event","MAD Lions","EU","Armut;;Elyoya;;Humanoid;;Carzzy;;Kaiser;;Mac;;Kaas","Top;;Jungle;;Mid;;Bot;;Support;;Coach;;Coach","Turkey;;Spain;;Czech Republic;;Czech Republic;;Germany;;United Kingdom;;Belgium","Worlds 2021","Worlds 2021 Main Event","World Championship","International","Iceland",2021,"2021-10-11","2021-11-06","2021 Season World Championship/Main Event",1,1
"Worlds 2021","2021 Season World Championship/Main Event","Worlds 2021 Main Event","PSG Talon","PCS","Hanabi (Su Chia-Hsiang);;River (Kim Dong-woo);;Maple (Huang Yi-Tang);;Unified;;Kaiwing;;Helper (Kwon Yeong-jae)","Top;;Jungle;;Mid;;Bot;;Support;;Coach","Taiwan;;South Korea;;Taiwan;;Hong Kong;;Hong Kong;;South Korea","Worlds 2021","Worlds 2021 Main Event","World Championship","International","Iceland",2021,"2021-10-11","2021-11-06","2021 Season World Championship/Main Event",1,1
"Worlds 2021","2021 Season World Championship/Main Event","Worlds 2021 Main Event","Rogue (European Team)","EU","Odoamne;;Inspired;;Larssen;;Hans sama;;Trymbi;;fredy122;;Blumigan","Top;;Jungle;;Mid;;Bot;;Support;;Coach;;Coach","Romania;;Poland;;Sweden;;France;;Poland;;United Kingdom;;Sweden","Worlds 2021","Worlds 2021 Main Event","World Championship","International","Iceland",2021,"2021-10-11","2021-11-06","2021 Season World Championship/Main Event",1,1
"Worlds 2021","2021 Season World Championship/Main Event","Worlds 2021 Main Event","Royal Never Give Up","CN","Xiaohu;;Wei (Yan Yang-Wei);;Cryin;;GALA;;Ming (Shi Sen-Ming);;Poppy (Chang Po-Hao)","Top;;Jungle;;Mid;;Bot;;Support;;Coach","China;;China;;China;;China;;China;;Taiwan","Worlds 2021","Worlds 2021 Main Event","World Championship","International","Iceland",2021,"2021-10-11","2021-11-06","2021 Season World Championship/Main Event",1,1
"Worlds 2021","2021 Season World Championship/Main Event","Worlds 2021 Main Event","T1","KR","Canna;;Oner;;Faker;;Gumayusi;;Keria;;Stardust (Son Seok-hee);;Moment","Top;;Jungle;;Mid;;Bot;;Support;;Coach;;Coach","South Korea;;South Korea;;South Korea;;South Korea;;South Korea;;South Korea;;South Korea","Worlds 2021","Worlds 2021 Main Event","World Championship","International","Iceland",2021,"2021-10-11","2021-11-06","2021 Season World Championship/Main Event",1,1
"Worlds 2021","2021 Season World Championship/Main Event","Worlds 2021 Main Event","Team Liquid","NA","Alphari;;Santorin;;Jensen;;Tactical;;CoreJJ;;Kold;;H4xDefender","Top;;Jungle;;Mid;;Bot;;Support;;Coach;;Coach","United Kingdom;;Denmark;;Denmark;;United States;;South Korea;;Denmark;;United States","Worlds 2021","Worlds 2021 Main Event","World Championship","International","Iceland",2021,"2021-10-11","2021-11-06","2021 Season World Championship/Main Event",1,1
"Worlds 2022","2022 Season World Championship/Main Event","Worlds 2022 Main Event","100 Thieves","NA","Ssumday;;Closer (Can Çelik);;Abbedagge;;FBI;;huhi;;Reapered;;Freeze","Top;;Jungle;;Mid;;Bot;;Support;;Coach;;Coach","South Korea;;Turkey;;Germany;;Australia;;South Korea;;South Korea;;Czech Republic","Worlds 2022","Worlds 2022 Main Event","World Championship","International","United States",2022,"2022-10-07","2022-11-05","2022 Season World Championship/Main Event",1,1
"Worlds 2022","2022 Season World Championship/Main Event","Worlds 2022 Main Event","Cloud9","NA","Fudge;;Blaber;;Jensen;;Berserker (Kim Min-cheol);;Zven;;Max Waldo;;Reven (Seong Sang-hyeon)","Top;;Jungle;;Mid;;Bot;;Support;;Coach;;Coach","Australia;;United States;;Denmark;;South Korea;;Denmark;;United States;;South Korea","Worlds 2022","Worlds 2022 Main Event","World Championship","International","United States",2022,"2022-10-07","2022-11-05","2022 Season World Championship/Main Event",1,1
"Worlds 2022","2022 Season World Championship/Main Event","Worlds 2022 Main Event","CTBC Flying Oyster","PCS","Rest;;Gemini;;Mission;;Shunn;;Atlen;;Koala (Lin Chih-Chiang);;Achie;;Bob (Chang Shao-Tzu)","Top;;Jungle;;Mid;;Bot;;Bot;;Support;;Coach;;Coach","Taiwan;;Taiwan;;Taiwan;;Taiwan;;Taiwan;;Taiwan;;Taiwan;;Taiwan","Worlds 2022","Worlds 2022 Main Event","World Championship","International","United States",2022,"2022-10-07","2022-11-05","2022 Season World Championship/Main Event",1,1
"Worlds 2022","2022 Season World Championship/Main Event","Worlds 2022 Main Event","DRX","KR","Kingen;;Juhan;;Pyosik;;Zeka (Kim Geon-woo);;Deft;;BeryL;;Ssong;;Mowgli","Top;;Jungle;;Jungle;;Mid;;Bot;;Support;;Coach;;Coach","South Korea;;South Korea;;South Korea;;South Korea;;South Korea;;South Korea;;South Korea;;South Korea","Worlds 2022","Worlds 2022 Main Event","World Championship","International","United States",2022,"2022-10-07","2022-11-05","2022 Season World Championship/Main Event",1,1
"Worlds 2022","2022 Season World Championship/Main Event","Worlds 2022 Main Event","DWG KIA","KR","Nuguri;;Canyon;;ShowMaker;;deokdam;;Kellin;;Daeny;;Zefa","Top;;Jungle;;Mid;;Bot;;Support;;Coach;;Coach","South Korea;;South Korea;;South Korea;;South Korea;;South Korea;;South Korea;;South Korea","Worlds 2022","Worlds 2022 Main Event","World Championship","International","United States",2022,"2022-10-07","2022-11-05","2022 Season World Championship/Main Event",1,1
"Worlds 2022","2022 Season World Championship/Main Event","Worlds 2022 Main Event","EDward Gaming","CN","Flandre;;JieJie;;Scout;;Viper (Park Do-hyeon);;Meiko;;Maokai (Yang Ji-Song);;Mni","Top;;Jungle;;Mid;;Bot;;Support;;Coach;;Coach","China;;China;;South Korea;;South Korea;;China;;China;;China","Worlds 2022","Worlds 2022 Main Event","World Championship","International","United States",2022,"2022-10-07","2022-11-05","2022 Season World Championship/Main Event",1,1
"Worlds 2022","2022 Season World Championship/Main Event","Worlds 2022 Main Event","Evil Geniuses.NA","NA","Impact;;Inspired;;jojopyun;;Kaori;;Vulcan (Philippe Laflamme);;Rigby;;Turtle (Gabriel Peixoto)","Top;;Jungle;;Mid;;Bot;;Support;;Coach;;Coach","South Korea;;Poland;;Canada;;Turkey;;Canada;;South Korea;;Brazil","Worlds 2022","Worlds 2022 Main Event","World Championship","International","United States",2022,"2022-10-07","2022-11-05","2022 Season World Championship/Main Event",1,1
"Worlds 2022","2022 Season World Championship/Main Event","Worlds 2022 Main Event","Fnatic","EU","Wunder;;Razork;;Humanoid;;Upset;;Hylissang;;YamatoCannon;;Shaves","Top;;Jungle;;Mid;;Bot;;Support;;Coach;;Coach","Denmark;;Spain;;Czech Republic;;Germany;;Bulgaria;;Sweden;;United Kingdom","Worlds 2022","Worlds 2022 Main Event","World Championship","International","United States",2022,"2022-10-07","2022-11-05","2022 Season World Championship/Main Event",1,1
"Worlds 2022","2022 Season World Championship/Main Event","Worlds 2022 Main Event","G2 Esports","EU","BrokenBlade;;Jankos;;caPs;;Flakked;;Targamas;;Dylan Falco","Top;;Jungle;;Mid;;Bot;;Support;;Coach","Germany;;Poland;;Denmark;;Spain;;Belgium;;Canada","Worlds 2022","Worlds 2022 Main Event","World Championship","International","United States",2022,"2022-10-07","2022-11-05","2022 Season World Championship/Main Event",1,1
"Worlds 2022","2022 Season World Championship/Main Event","Worlds 2022 Main Event","GAM Esports","VN","Kiaya;;Levi;;Kati;;Sty1e;;Bie;;JackieWind","Top;;Jungle;;Mid;;Bot;;Support;;Coach","Vietnam;;Vietnam;;Vietnam;;Vietnam;;Vietnam;;Vietnam","Worlds 2022","Worlds 2022 Main Event","World Championship","International","United States",2022,"2022-10-07","2022-11-05","2022 Season World Championship/Main Event",1,1
"Worlds 2022","2022 Season World Championship/Main Event","Worlds 2022 Main Event","Gen.G","KR","Doran (Choi Hyeon-joon);;Peanut;;Chovy;;Ruler;;Lehends;;Score;;Mafa","Top;;Jungle;;Mid;;Bot;;Support;;Coach;;Coach","South Korea;;South Korea;;South Korea;;South Korea;;South Korea;;South Korea;;South Korea","Worlds 2022","Worlds 2022 Main Event","World Championship","International","United States",2022,"2022-10-07","2022-11-05","2022 Season World Championship/Main Event",1,1
"Worlds 2022","2022 Season World Championship/Main Event","Worlds 2022 Main Event","JD Gaming","CN","369;;Kanavi;;Yagao;;Hope (Wang Jie);;Missing;;Homme;;Vus5o","Top;;Jungle;;Mid;;Bot;;Support;;Coach;;Coach","China;;South Korea;;China;;China;;China;;South Korea;;China","Worlds 2022","Worlds 2022 Main Event","World Championship","International","United States",2022,"2022-10-07","2022-11-05","2022 Season World Championship/Main Event",1,1
"Worlds 2022","2022 Season World Championship/Main Event","Worlds 2022 Main Event","Rogue (European Team)","EU","Odoamne;;Malrang;;Larssen;;Comp;;Trymbi;;fredy122;;Blumigan","Top;;Jungle;;Mid;;Bot;;Support;;Coach;;Coach","Romania;;South Korea;;Sweden;;Greece;;Poland;;United Kingdom;;Sweden","Worlds 2022","Worlds 2022 Main Event","World Championship","International","United States",2022,"2022-10-07","2022-11-05","2022 Season World Championship/Main Event",1,1
"Worlds 2022","2022 Season World Championship/Main Event","Worlds 2022 Main Event","Royal Never Give Up","CN","Breathe;;Wei (Yan Yang-Wei);;Xiaohu;;GALA;;Ming (Shi Sen-Ming);;KenZhu;;Tabe","Top;;Jungle;;Mid;;Bot;;Support;;Coach;;Coach","China;;China;;China;;China;;China;;China;;Hong Kong","Worlds 2022","Worlds 2022 Main Event","World Championship","International","United States",2022,"2022-10-07","2022-11-05","2022 Season World Championship/Main Event",1,1
"Worlds 2022","2022 Season World Championship/Main Event","Worlds 2022 Main Event","T1","KR","Zeus;;Oner;;Faker;;Gumayusi;;Keria;;Bengi;;moment","Top;;Jungle;;Mid;;Bot;;Support;;Coach;;Coach","South Korea;;South Korea;;South Korea;;South Korea;;South Korea;;South Korea;;South Korea","Worlds 2022","Worlds 2022 Main Event","World Championship","International","United States",2022,"2022-10-07","2022-11-05","2022 Season World Championship/Main Event",1,1
"Worlds 2022","2022 Season World Championship/Main Event","Worlds 2022 Main Event","Top Esports","CN","Wayward;;Tian;;knight (Zhuo Ding);;JackeyLove;;Mark (Ling Xu);;Crescent (Luo Sheng);;byg97","Top;;Jungle;;Mid;;Bot;;Support;;Coach;;Coach","China;;China;;China;;China;;China;;China;;China","Worlds 2022","Worlds 2022 Main Event","World Championship","International","United States",2022,"2022-10-07","2022-11-05","2022 Season World Championship/Main Event",1,1
"Worlds 2023","2023 Season World Championship/Main Event","Worlds 2023 Main Event","Bilibili Gaming","CN","Bin (Chen Ze-Bin);;XUN;;Yagao;;Elk;;ON;;Tabe;;BigWei","Top;;Jungle;;Mid;;Bot;;Support;;Coach;;Coach","China;;China;;China;;China;;China;;Hong Kong;;Taiwan","Worlds 2023","Worlds 2023 Main Event","World Championship","International","South Korea",2023,"2023-10-19","2023-11-19","2023 Season World Championship/Main Event",1,1
"Worlds 2023","2023 Season World Championship/Main Event","Worlds 2023 Main Event","Cloud9","NA","Fudge;;Blaber;;EMENES;;Berserker (Kim Min-cheol);;Zven;;Mithy;;Duffman","Top;;Jungle;;Mid;;Bot;;Support;;Coach;;Coach","Australia;;United States;;South Korea;;South Korea;;Denmark;;Spain;;United Kingdom","Worlds 2023","Worlds 2023 Main Event","World Championship","International","South Korea",2023,"2023-10-19","2023-11-19","2023 Season World Championship/Main Event",1,1
"Worlds 2023","2023 Season World Championship/Main Event","Worlds 2023 Main Event","Dplus Kia","KR","Canna;;Canyon;;ShowMaker;;Deft;;Kellin;;Acorn;;Bubbling","Top;;Jungle;;Mid;;Bot;;Support;;Coach;;Coach","South Korea;;South Korea;;South Korea;;South Korea;;South Korea;;South Korea;;South Korea","Worlds 2023","Worlds 2023 Main Event","World Championship","International","South Korea",2023,"2023-10-19","2023-11-19","2023 Season World Championship/Main Event",1,1
"Worlds 2023","2023 Season World Championship/Main Event","Worlds 2023 Main Event","Fnatic","EMEA","Oscarinin;;Razork;;Humanoid;;Noah (Oh Hyeon-taek);;Trymbi;;Nightshare;;Hiiva","Top;;Jungle;;Mid;;Bot;;Support;;Coach;;Coach","Spain;;Spain;;Czech Republic;;South Korea;;Poland;;Czech Republic;;Finland","Worlds 2023","Worlds 2023 Main Event","World Championship","International","South Korea",2023,"2023-10-19","2023-11-19","2023 Season World Championship/Main Event",1,1
"Worlds 2023","2023 Season World Championship/Main Event","Worlds 2023 Main Event","G2 Esports","EMEA","BrokenBlade;;Yike;;Caps;;Hans Sama;;Mikyx;;Dylan Falco","Top;;Jungle;;Mid;;Bot;;Support;;Coach","Germany;;Sweden;;Denmark;;France;;Slovenia;;Canada","Worlds 2023","Worlds 2023 Main Event","World Championship","International","South Korea",2023,"2023-10-19","2023-11-19","2023 Season World Championship/Main Event",1,1
"Worlds 2023","2023 Season World Championship/Main Event","Worlds 2023 Main Event","GAM Esports","VN","Kiaya;;Levi;;Kati;;Slayder;;Palette;;Hankay;;Rei","Top;;Jungle;;Mid;;Bot;;Support;;Coach;;Coach","Vietnam;;Vietnam;;Vietnam;;Vietnam;;Vietnam;;Vietnam;;Vietnam","Worlds 2023","Worlds 2023 Main Event","World Championship","International","South Korea",2023,"2023-10-19","2023-11-19","2023 Season World Championship/Main Event",1,1
"Worlds 2023","2023 Season World Championship/Main Event","Worlds 2023 Main Event","Gen.G","KR","Doran (Choi Hyeon-joon);;Peanut;;Chovy;;Peyz;;Delight;;Score;;Mafa","Top;;Jungle;;Mid;;Bot;;Support;;Coach;;Coach","South Korea;;South Korea;;South Korea;;South Korea;;South Korea;;South Korea;;South Korea","Worlds 2023","Worlds 2023 Main Event","World Championship","International","South Korea",2023,"2023-10-19","2023-11-19","2023 Season World Championship/Main Event",1,1
"Worlds 2023","2023 Season World Championship/Main Event","Worlds 2023 Main Event","JD Gaming","CN","369;;Kanavi;;knight (Zhuo Ding);;Ruler;;MISSING;;Homme;;Viod (Lu Fan)","Top;;Jungle;;Mid;;Bot;;Support;;Coach;;Coach","China;;South Korea;;China;;South Korea;;China;;South Korea;;China","Worlds 2023","Worlds 2023 Main Event","World Championship","International","South Korea",2023,"2023-10-19","2023-11-19","2023 Season World Championship/Main Event",1,1
"Worlds 2023","2023 Season World Championship/Main Event","Worlds 2023 Main Event","KT Rolster","KR","Kiin;;Cuzz;;Bdd;;Aiming;;Lehends;;Hirai;;RapidStar","Top;;Jungle;;Mid;;Bot;;Support;;Coach;;Coach","South Korea;;South Korea;;South Korea;;South Korea;;South Korea;;South Korea;;South Korea","Worlds 2023","Worlds 2023 Main Event","World Championship","International","South Korea",2023,"2023-10-19","2023-11-19","2023 Season World Championship/Main Event",1,1
"Worlds 2023","2023 Season World Championship/Main Event","Worlds 2023 Main Event","LNG Esports","CN","Zika;;Tarzan (Lee Seung-yong);;Scout;;GALA;;Hang;;Poppy (Chang Po-Hao);;U","Top;;Jungle;;Mid;;Bot;;Support;;Coach;;Coach","China;;South Korea;;South Korea;;China;;China;;Taiwan;;China","Worlds 2023","Worlds 2023 Main Event","World Championship","International","South Korea",2023,"2023-10-19","2023-11-19","2023 Season World Championship/Main Event",1,1
"Worlds 2023","2023 Season World Championship/Main Event","Worlds 2023 Main Event","MAD Lions","EMEA","Chasy;;Elyoya;;Nisqy;;Carzzy;;Hylissang;;Pad;;Viking (Jake Ainsworth)","Top;;Jungle;;Mid;;Bot;;Support;;Coach;;Coach","South Korea;;Spain;;Belgium;;Czech Republic;;Bulgaria;;Denmark;;United Kingdom","Worlds 2023","Worlds 2023 Main Event","World Championship","International","South Korea",2023,"2023-10-19","2023-11-19","2023 Season World Championship/Main Event",1,1
"Worlds 2023","2023 Season World Championship/Main Event","Worlds 2023 Main Event","NRG","NA","Dhokla;;Contractz;;Palafox;;FBI;;IgNar;;Thinkcard;;Croissant","Top;;Jungle;;Mid;;Bot;;Support;;Coach;;Coach","United States;;United States;;United States;;Australia;;South Korea;;United States;;United States","Worlds 2023","Worlds 2023 Main Event","World Championship","International","South Korea",2023,"2023-10-19","2023-11-19","2023 Season World Championship/Main Event",1,1
"Worlds 2023","2023 Season World Championship/Main Event","Worlds 2023 Main Event","T1","KR","Zeus;;Oner;;Faker;;Gumayusi;;Keria;;Tom (Im Jae-hyeon);;Roach","Top;;Jungle;;Mid;;Bot;;Support;;Coach;;Coach","South Korea;;South Korea;;South Korea;;South Korea;;South Korea;;South Korea;;South Korea","Worlds 2023","Worlds 2023 Main Event","World Championship","International","South Korea",2023,"2023-10-19","2023-11-19","2023 Season World Championship/Main Event",1,1
"Worlds 2023","2023 Season World Championship/Main Event","Worlds 2023 Main Event","Team BDS","EMEA","Adam (Adam Maanane);;Sheo;;nuc;;Crownie;;Labrov;;GotoOne;;Striker (Yanis Kella)","Top;;Jungle;;Mid;;Bot;;Support;;Coach;;Coach","France;;France;;France;;Slovenia;;Greece;;France;;France","Worlds 2023","Worlds 2023 Main Event","World Championship","International","South Korea",2023,"2023-10-19","2023-11-19","2023 Season World Championship/Main Event",1,1
"Worlds 2023","2023 Season World Championship/Main Event","Worlds 2023 Main Event","Team Liquid","NA","Summit;;Pyosik;;APA (Eain Stearns);;Yeon (Sean Sung);;CoreJJ;;Reignover;;Dodo","Top;;Jungle;;Mid;;Bot;;Support;;Coach;;Coach","South Korea;;South Korea;;United States;;United States;;South Korea;;South Korea;;South Korea","Worlds 2023","Worlds 2023 Main Event","World Championship","International","South Korea",2023,"2023-10-19","2023-11-19","2023 Season World Championship/Main Event",1,1
"Worlds 2023","2023 Season World Championship/Main Event","Worlds 2023 Main Event","Weibo Gaming","CN","TheShy;;Weiwei;;Xiaohu;;Light (Wang Guang-Yu);;Crisp;;Daeny;;Tselin","Top;;Jungle;;Mid;;Bot;;Support;;Coach;;Coach","South Korea;;China;;China;;China;;China;;South Korea;;China","Worlds 2023","Worlds 2023 Main Event","World Championship","International","South Korea",2023,"2023-10-19","2023-11-19","2023 Season World Championship/Main Event",1,1
"Worlds 2024","2024 Season World Championship/Main Event","Worlds 2024 Main Event","Bilibili Gaming","CN","Bin (Chen Ze-Bin);;Wei (Yan Yang-Wei);;XUN;;knight (Zhuo Ding);;Elk;;ON;;BigWei;;Xiasu;;Easyhoon","Top;;Jungle;;Jungle;;Mid;;Bot;;Support;;Coach;;Coach;;Coach","China;;China;;China;;China;;China;;China;;Taiwan;;China;;South Korea","Worlds 2024","Worlds 2024 Main Event","World Championship","International",NULL,2024,"2024-10-03","2024-11-02","2024 Season World Championship/Main Event",1,1
"Worlds 2024","2024 Season World Championship/Main Event","Worlds 2024 Main Event","Dplus Kia","KR","Kingen;;Lucid (Choi Yong-hyeok);;ShowMaker;;Aiming;;Moham;;Zefa;;Bubbling;;Ssong","Top;;Jungle;;Mid;;Bot;;Support;;Coach;;Coach;;Coach","South Korea;;South Korea;;South Korea;;South Korea;;South Korea;;South Korea;;South Korea;;South Korea","Worlds 2024","Worlds 2024 Main Event","World Championship","International",NULL,2024,"2024-10-03","2024-11-02","2024 Season World Championship/Main Event",1,1
"Worlds 2024","2024 Season World Championship/Main Event","Worlds 2024 Main Event","FlyQuest","NA","Bwipo;;Inspired;;Quad;;Massu;;Busio;;Nukeduck;;Mithy","Top;;Jungle;;Mid;;Bot;;Support;;Coach;;Coach","Belgium;;Poland;;South Korea;;Canada;;United States;;Norway;;Spain","Worlds 2024","Worlds 2024 Main Event","World Championship","International",NULL,2024,"2024-10-03","2024-11-02","2024 Season World Championship/Main Event",1,1
"Worlds 2024","2024 Season World Championship/Main Event","Worlds 2024 Main Event","Fnatic","EMEA","Oscarinin;;Razork;;Humanoid;;Noah (Oh Hyeon-taek);;Jun (Yoon Se-jun);;Nightshare;;Gaax","Top;;Jungle;;Mid;;Bot;;Support;;Coach;;Coach","Spain;;Spain;;Czech Republic;;South Korea;;South Korea;;Czech Republic;;Spain","Worlds 2024","Worlds 2024 Main Event","World Championship","International",NULL,2024,"2024-10-03","2024-11-02","2024 Season World Championship/Main Event",1,1
"Worlds 2024","2024 Season World Championship/Main Event","Worlds 2024 Main Event","G2 Esports","EMEA","BrokenBlade;;Yike;;Caps;;Hans Sama;;Mikyx;;Dylan Falco;;Rodrigo","Top;;Jungle;;Mid;;Bot;;Support;;Coach;;Coach","Germany;;Sweden;;Denmark;;France;;Slovenia;;Canada;;Portugal","Worlds 2024","Worlds 2024 Main Event","World Championship","International",NULL,2024,"2024-10-03","2024-11-02","2024 Season World Championship/Main Event",1,1
"Worlds 2024","2024 Season World Championship/Main Event","Worlds 2024 Main Event","GAM Esports","VN","Kiaya;;Levi;;Emo;;EasyLove;;Elio;;Archie (Trần Minh Nhựt);;Hype (Trần Hữu Toàn);;Bigkoro","Top;;Jungle;;Mid;;Bot;;Support;;Coach;;Coach;;Coach","Vietnam;;Vietnam;;Vietnam;;Vietnam;;Vietnam;;Vietnam;;Vietnam;;Vietnam","Worlds 2024","Worlds 2024 Main Event","World Championship","International",NULL,2024,"2024-10-03","2024-11-02","2024 Season World Championship/Main Event",1,1
"Worlds 2024","2024 Season World Championship/Main Event","Worlds 2024 Main Event","Gen.G","KR","Kiin;;Canyon;;Chovy;;Peyz;;Lehends;;KIM (Kim Jeong-soo);;Helper (Kwon Yeong-jae)","Top;;Jungle;;Mid;;Bot;;Support;;Coach;;Coach","South Korea;;South Korea;;South Korea;;South Korea;;South Korea;;South Korea;;South Korea","Worlds 2024","Worlds 2024 Main Event","World Championship","International",NULL,2024,"2024-10-03","2024-11-02","2024 Season World Championship/Main Event",1,1
"Worlds 2024","2024 Season World Championship/Main Event","Worlds 2024 Main Event","Hanwha Life Esports","KR","Doran (Choi Hyeon-joon);;Peanut;;Zeka (Kim Geon-woo);;Viper (Park Do-hyeon);;Delight;;DanDy;;Mowgli","Top;;Jungle;;Mid;;Bot;;Support;;Coach;;Coach","South Korea;;South Korea;;South Korea;;South Korea;;South Korea;;South Korea;;South Korea","Worlds 2024","Worlds 2024 Main Event","World Championship","International",NULL,2024,"2024-10-03","2024-11-02","2024 Season World Championship/Main Event",1,1
"Worlds 2024","2024 Season World Championship/Main Event","Worlds 2024 Main Event","LNG Esports","CN","Zika;;Weiwei;;Scout;;GALA;;Hang;;U;;DynAmIte","Top;;Jungle;;Mid;;Bot;;Support;;Coach;;Coach","China;;China;;South Korea;;China;;China;;China;;China","Worlds 2024","Worlds 2024 Main Event","World Championship","International",NULL,2024,"2024-10-03","2024-11-02","2024 Season World Championship/Main Event",1,1
"Worlds 2024","2024 Season World Championship/Main Event","Worlds 2024 Main Event","MAD Lions KOI","EMEA","Myrwn;;Elyoya;;Fresskowy;;Supa;;Alvaro (Álvaro Fernández);;Melzhet;;Zeph","Top;;Jungle;;Mid;;Bot;;Support;;Coach;;Coach","Spain;;Spain;;Poland;;Spain;;Spain;;Spain;;France","Worlds 2024","Worlds 2024 Main Event","World Championship","International",NULL,2024,"2024-10-03","2024-11-02","2024 Season World Championship/Main Event",1,1
"Worlds 2024","2024 Season World Championship/Main Event","Worlds 2024 Main Event","paiN Gaming","BR","Wizer;;CarioK;;dyNquedo;;TitaN;;Kuri;;Sarkis;;Xero","Top;;Jungle;;Mid;;Bot;;Support;;Coach;;Coach","South Korea;;Brazil;;Brazil;;Brazil;;South Korea;;Brazil;;South Korea","Worlds 2024","Worlds 2024 Main Event","World Championship","International",NULL,2024,"2024-10-03","2024-11-02","2024 Season World Championship/Main Event",1,1
"Worlds 2024","2024 Season World Championship/Main Event","Worlds 2024 Main Event","PSG Talon","APAC","Azhi;;JunJia;;Maple (Huang Yi-Tang);;Betty;;Woody;;CorGi;;Zero (Chung Chen-Hua)","Top;;Jungle;;Mid;;Bot;;Support;;Coach;;Coach","Taiwan;;Taiwan;;Taiwan;;Taiwan;;Taiwan;;Taiwan;;Taiwan","Worlds 2024","Worlds 2024 Main Event","World Championship","International",NULL,2024,"2024-10-03","2024-11-02","2024 Season World Championship/Main Event",1,1
"Worlds 2024","2024 Season World Championship/Main Event","Worlds 2024 Main Event","T1","KR","Zeus;;Oner;;Faker;;Gumayusi;;Keria;;kkOma;;Tom (Im Jae-hyeon);;Roach","Top;;Jungle;;Mid;;Bot;;Support;;Coach;;Coach;;Coach","South Korea;;South Korea;;South Korea;;South Korea;;South Korea;;South Korea;;South Korea;;South Korea","Worlds 2024","Worlds 2024 Main Event","World Championship","International",NULL,2024,"2024-10-03","2024-11-02","2024 Season World Championship/Main Event",1,1
"Worlds 2024","2024 Season World Championship/Main Event","Worlds 2024 Main Event","Team Liquid","NA","Impact;;UmTi;;APA (Eain Stearns);;Yeon (Sean Sung);;CoreJJ;;Spawn (Jake Tiberi);;Reignover","Top;;Jungle;;Mid;;Bot;;Support;;Coach;;Coach","South Korea;;South Korea;;United States;;United States;;South Korea;;Australia;;South Korea","Worlds 2024","Worlds 2024 Main Event","World Championship","International",NULL,2024,"2024-10-03","2024-11-02","2024 Season World Championship/Main Event",1,1
"Worlds 2024","2024 Season World Championship/Main Event","Worlds 2024 Main Event","Top Esports","CN","369;;Tian;;Creme;;JackeyLove;;Meiko;;Maokai (Yang Ji-Song);;Despa1r","Top;;Jungle;;Mid;;Bot;;Support;;Coach;;Coach","China;;China;;China;;China;;China;;China;;China","Worlds 2024","Worlds 2024 Main Event","World Championship","International",NULL,2024,"2024-10-03","2024-11-02","2024 Season World Championship/Main Event",1,1
"Worlds 2024","2024 Season World Championship/Main Event","Worlds 2024 Main Event","Weibo Gaming","CN","Breathe;;Tarzan (Lee Seung-yong);;Xiaohu;;Light (Wang Guang-Yu);;Crisp;;Daeny;;Tselin","Top;;Jungle;;Mid;;Bot;;Support;;Coach;;Coach","China;;South Korea;;China;;China;;China;;South Korea;;China","Worlds 2024","Worlds 2024 Main Event","World Championship","International",NULL,2024,"2024-10-03","2024-11-02","2024 Season World Championship/Main Event",1,1
"Worlds 2025","2025 Season World Championship/Main Event","Worlds 2025 Main Event","100 Thieves","AME","Dhokla;;River (Kim Dong-woo);;Quid;;FBI;;Eyla;;Goldenglue;;Spookz","Top;;Jungle;;Mid;;Bot;;Support;;Coach;;Coach","United States;;South Korea;;South Korea;;Australia;;Australia;;United States;;Australia","Worlds 2025","Worlds 2025 Main Event","World Championship","International","China",2025,"2025-10-15","2025-11-09","2025 Season World Championship/Main Event",1,1
"Worlds 2025","2025 Season World Championship/Main Event","Worlds 2025 Main Event","Anyone's Legend","CN","Flandre;;Tarzan (Lee Seung-yong);;Shanks;;Hope (Wang Jie);;Kael (Kim Jin-hong);;Tabe;;Xiaobai","Top;;Jungle;;Mid;;Bot;;Support;;Coach;;Coach","China;;South Korea;;China;;China;;South Korea;;Hong Kong;;China","Worlds 2025","Worlds 2025 Main Event","World Championship","International","China",2025,"2025-10-15","2025-11-09","2025 Season World Championship/Main Event",1,1
"Worlds 2025","2025 Season World Championship/Main Event","Worlds 2025 Main Event","Bilibili Gaming","CN","Bin (Chen Ze-Bin);;Beichuan;;Shad0w;;Knight (Zhuo Ding);;Elk;;ON;;BigWei;;Easyhoon","Top;;Jungle;;Jungle;;Mid;;Bot;;Support;;Coach;;Coach","China;;China;;Italy;;China;;China;;China;;Taiwan;;South Korea","Worlds 2025","Worlds 2025 Main Event","World Championship","International","China",2025,"2025-10-15","2025-11-09","2025 Season World Championship/Main Event",1,1
"Worlds 2025","2025 Season World Championship/Main Event","Worlds 2025 Main Event","CTBC Flying Oyster","APAC","Driver;;Rest;;JunJia;;HongQ;;Doggo;;Kaiwing;;Chawy;;Wulala","Top;;Top;;Jungle;;Mid;;Bot;;Support;;Coach;;Coach","Taiwan;;Taiwan;;Taiwan;;Taiwan;;Taiwan;;Hong Kong;;Singapore;;Taiwan","Worlds 2025","Worlds 2025 Main Event","World Championship","International","China",2025,"2025-10-15","2025-11-09","2025 Season World Championship/Main Event",1,1
"Worlds 2025","2025 Season World Championship/Main Event","Worlds 2025 Main Event","FlyQuest","AME","Bwipo;;Inspired;;Quad;;Massu;;Busio;;Nukeduck;;Mithy","Top;;Jungle;;Mid;;Bot;;Support;;Coach;;Coach","Belgium;;Poland;;South Korea;;Canada;;United States;;Norway;;Spain","Worlds 2025","Worlds 2025 Main Event","World Championship","International","China",2025,"2025-10-15","2025-11-09","2025 Season World Championship/Main Event",1,1
"Worlds 2025","2025 Season World Championship/Main Event","Worlds 2025 Main Event","Fnatic","EMEA","Oscarinin;;Razork;;Poby;;Upset;;Mikyx;;GrabbZ;;Gaax","Top;;Jungle;;Mid;;Bot;;Support;;Coach;;Coach","Spain;;Spain;;South Korea;;Germany;;Slovenia;;Germany;;Spain","Worlds 2025","Worlds 2025 Main Event","World Championship","International","China",2025,"2025-10-15","2025-11-09","2025 Season World Championship/Main Event",1,1
"Worlds 2025","2025 Season World Championship/Main Event","Worlds 2025 Main Event","G2 Esports","EMEA","BrokenBlade;;SkewMond;;Caps;;Hans Sama;;Labrov;;Dylan Falco;;Memento;;Rodrigo","Top;;Jungle;;Mid;;Bot;;Support;;Coach;;Coach;;Coach","Germany;;France;;Denmark;;France;;Greece;;Canada;;Sweden;;Portugal","Worlds 2025","Worlds 2025 Main Event","World Championship","International","China",2025,"2025-10-15","2025-11-09","2025 Season World Championship/Main Event",1,1
"Worlds 2025","2025 Season World Championship/Main Event","Worlds 2025 Main Event","Gen.G","KR","Kiin;;Canyon;;Chovy;;Ruler;;Duro;;KIM (Kim Jeong-soo);;Helper (Kwon Yeong-jae)","Top;;Jungle;;Mid;;Bot;;Support;;Coach;;Coach","South Korea;;South Korea;;South Korea;;South Korea;;South Korea;;South Korea;;South Korea","Worlds 2025","Worlds 2025 Main Event","World Championship","International","China",2025,"2025-10-15","2025-11-09","2025 Season World Championship/Main Event",1,1
"Worlds 2025","2025 Season World Championship/Main Event","Worlds 2025 Main Event","Hanwha Life Esports","KR","Zeus;;Peanut;;Zeka (Kim Geon-woo);;Viper (Park Do-hyeon);;Delight;;DanDy;;Mowgli","Top;;Jungle;;Mid;;Bot;;Support;;Coach;;Coach","South Korea;;South Korea;;South Korea;;South Korea;;South Korea;;South Korea;;South Korea","Worlds 2025","Worlds 2025 Main Event","World Championship","International","China",2025,"2025-10-15","2025-11-09","2025 Season World Championship/Main Event",1,1
"Worlds 2025","2025 Season World Championship/Main Event","Worlds 2025 Main Event","KT Rolster","KR","PerfecT (Lee Seung-min);;Cuzz;;Bdd;;deokdam;;Peter (Jeong Yoon-su);;Score;;Sonstar","Top;;Jungle;;Mid;;Bot;;Support;;Coach;;Coach","South Korea;;South Korea;;South Korea;;South Korea;;South Korea;;South Korea;;South Korea","Worlds 2025","Worlds 2025 Main Event","World Championship","International","China",2025,"2025-10-15","2025-11-09","2025 Season World Championship/Main Event",1,1
"Worlds 2025","2025 Season World Championship/Main Event","Worlds 2025 Main Event","Movistar KOI","EMEA","Myrwn;;Elyoya;;Jojopyun;;Supa;;Alvaro (Álvaro Fernández);;Melzhet;;Zeph","Top;;Jungle;;Mid;;Bot;;Support;;Coach;;Coach","Spain;;Spain;;Canada;;Spain;;Spain;;Spain;;France","Worlds 2025","Worlds 2025 Main Event","World Championship","International","China",2025,"2025-10-15","2025-11-09","2025 Season World Championship/Main Event",1,1
"Worlds 2025","2025 Season World Championship/Main Event","Worlds 2025 Main Event","PSG Talon","APAC","Azhi;;Karsa;;Maple (Huang Yi-Tang);;Betty;;Woody;;CorGi;;Zero (Chung Chen-Hua)","Top;;Jungle;;Mid;;Bot;;Support;;Coach;;Coach","Taiwan;;Taiwan;;Taiwan;;Taiwan;;Taiwan;;Taiwan;;Taiwan","Worlds 2025","Worlds 2025 Main Event","World Championship","International","China",2025,"2025-10-15","2025-11-09","2025 Season World Championship/Main Event",1,1
"Worlds 2025","2025 Season World Championship/Main Event","Worlds 2025 Main Event","T1","KR","Doran (Choi Hyeon-joon);;Oner;;Faker;;Gumayusi;;Keria;;kkOma;;Tom (Im Jae-hyeon);;Mata","Top;;Jungle;;Mid;;Bot;;Support;;Coach;;Coach;;Coach","South Korea;;South Korea;;South Korea;;South Korea;;South Korea;;South Korea;;South Korea;;South Korea","Worlds 2025","Worlds 2025 Main Event","World Championship","International","China",2025,"2025-10-15","2025-11-09","2025 Season World Championship/Main Event",1,1
"Worlds 2025","2025 Season World Championship/Main Event","Worlds 2025 Main Event","Team Secret Whales","APAC","Hiro02;;Pun;;Hizto;;Dire;;Eddie;;Taki (Đinh Anh Tài);;Naul;;Ciel (Trần Tiến Thịnh)","Top;;Top;;Jungle;;Mid;;Bot;;Support;;Coach;;Coach","Vietnam;;Vietnam;;Vietnam;;Vietnam;;Vietnam;;Vietnam;;Vietnam;;Vietnam","Worlds 2025","Worlds 2025 Main Event","World Championship","International","China",2025,"2025-10-15","2025-11-09","2025 Season World Championship/Main Event",1,1
"Worlds 2025","2025 Season World Championship/Main Event","Worlds 2025 Main Event","Top Esports","CN","369;;Kanavi;;Creme;;JackeyLove;;Hang;;Homme;;Ggoong","Top;;Jungle;;Mid;;Bot;;Support;;Coach;;Coach","China;;South Korea;;China;;China;;China;;South Korea;;South Korea","Worlds 2025","Worlds 2025 Main Event","World Championship","International","China",2025,"2025-10-15","2025-11-09","2025 Season World Championship/Main Event",1,1
"Worlds 2025","2025 Season World Championship/Main Event","Worlds 2025 Main Event","Vivo Keyd Stars","AME","Boal;;Disamis;;Mireu;;Morttheus;;Trymbi;;SeeEl;;Smiley (Ludvig Granquist)","Top;;Jungle;;Mid;;Bot;;Support;;Coach;;Coach","Brazil;;Brazil;;South Korea;;Brazil;;Poland;;South Korea;;Sweden","Worlds 2025","Worlds 2025 Main Event","World Championship","International","China",2025,"2025-10-15","2025-11-09","2025 Season World Championship/Main Event",1,1
"Worlds Season 1","Season 1 World Championship","Worlds Season 1","against All authority","Europe","sOAZ;;Linak;;MoMa;;Yellowstar;;kujaa","Top;;Jungle;;Mid;;Bot;;Support","France;;France;;Germany;;France;;France","Worlds Season 1","Worlds Season 1","World Championship","International","Sweden",2011,"2011-06-18","2011-06-20","Season 1 World Championship",1,1
"Worlds Season 1","Season 1 World Championship","Worlds Season 1","Counter Logic Gaming","North America","HotshotGG;;SaintVicious;;bigfatlp;;Chauster;;Elementz","Top;;Jungle;;Mid;;Bot;;Support","Canada;;United States;;Canada;;United States;;Canada","Worlds Season 1","Worlds Season 1","World Championship","International","Sweden",2011,"2011-06-18","2011-06-20","Season 1 World Championship",1,1
"Worlds Season 1","Season 1 World Championship","Worlds Season 1","Epik Gamer","North America","Westrice;;Dan Dinh;;Salce;;Dyrus;;Doublelift","Top;;Jungle;;Mid;;Bot;;Support","United States;;United States;;United States;;United States;;United States","Worlds Season 1","Worlds Season 1","World Championship","International","Sweden",2011,"2011-06-18","2011-06-20","Season 1 World Championship",1,1
"Worlds Season 1","Season 1 World Championship","Worlds Season 1","Fnatic","Europe","wewillfailer;;xPeke;;Cyanide FI;;Shushei;;LaMiaZlt;;Mellisan","Top;;Top;;Jungle;;Mid;;Bot;;Support","Belgium;;Spain;;Finland;;Poland;;Germany;;Germany","Worlds Season 1","Worlds Season 1","World Championship","International","Sweden",2011,"2011-06-18","2011-06-20","Season 1 World Championship",1,1
"Worlds Season 1","Season 1 World Championship","Worlds Season 1","Team gamed!de","Europe","Kevin (Kevin Rubiszewski);;Zylor;;Reyk;;CndyPnda;;Nyph","Top;;Jungle;;Mid;;Bot;;Support","Germany;;Germany;;Germany;;Germany;;Germany","Worlds Season 1","Worlds Season 1","World Championship","International","Sweden",2011,"2011-06-18","2011-06-20","Season 1 World Championship",1,1
"Worlds Season 1","Season 1 World Championship","Worlds Season 1","Team Pacific","SEA","wormy;;dabe;;iddo;;vy;;gibo","Top;;Jungle;;Mid;;Bot;;Support","Philippines;;Philippines;;Philippines;;Philippines;;Philippines","Worlds Season 1","Worlds Season 1","World Championship","International","Sweden",2011,"2011-06-18","2011-06-20","Season 1 World Championship",1,1
"Worlds Season 1","Season 1 World Championship","Worlds Season 1","TSM","North America","TheRainMan;;TheOddOne;;Reginald;;Chaox;;Xpecial","Top;;Jungle;;Mid;;Bot;;Support","United States;;Canada;;United States;;China;;United States","Worlds Season 1","Worlds Season 1","World Championship","International","Sweden",2011,"2011-06-18","2011-06-20","Season 1 World Championship",1,1
"Worlds Season 1","Season 1 World Championship","Worlds Season 1","Xan","SEA","Vech;;Radeon6870;;Axion;;d4rkness;;iNtrigueD","Top;;Jungle;;Mid;;Bot;;Support","Singapore;;Singapore;;Singapore;;Singapore;;Singapore","Worlds Season 1","Worlds Season 1","World Championship","International","Sweden",2011,"2011-06-18","2011-06-20","Season 1 World Championship",1,1
"Worlds Season 2","Season 2 World Championship","Worlds Season 2","Azubu Frost","Korea","Shy;;CloudTemplar;;RapidStar;;Woong (Jang Gun-woong);;MadLife","Top;;Jungle;;Mid;;Bot;;Support","South Korea;;South Korea;;South Korea;;South Korea;;South Korea","Worlds Season 2","Worlds Season 2","World Championship","International","United States",2012,"2012-10-04","2012-10-13","Season 2 World Championship",1,1
"Worlds Season 2","Season 2 World Championship","Worlds Season 2","CLG Prime","North America","Voyboy;;HotshotGG;;bigfatlp;;Doublelift;;Chauster","Top;;Jungle;;Mid;;Bot;;Support","United States;;Canada;;Canada;;United States;;United States","Worlds Season 2","Worlds Season 2","World Championship","International","United States",2012,"2012-10-04","2012-10-13","Season 2 World Championship",1,1
"Worlds Season 2","Season 2 World Championship","Worlds Season 2","Counter Logic Gaming Europe","Europe","Wickd;;Snoopeh;;Froggen;;yellowpete;;Krepo","Top;;Jungle;;Mid;;Bot;;Support","Denmark;;United Kingdom;;Denmark;;Germany;;Belgium","Worlds Season 2","Worlds Season 2","World Championship","International","United States",2012,"2012-10-04","2012-10-13","Season 2 World Championship",1,1
"Worlds Season 2","Season 2 World Championship","Worlds Season 2","Dignitas","North America","Crumbzz;;IWDominate;;scarra;;imaqtpie;;Patoy","Top;;Jungle;;Mid;;Bot;;Support","Venezuela;;United States;;United States;;United States;;United States","Worlds Season 2","Worlds Season 2","World Championship","International","United States",2012,"2012-10-04","2012-10-13","Season 2 World Championship",1,1
"Worlds Season 2","Season 2 World Championship","Worlds Season 2","Invictus Gaming","China","PDD;;illuSioN (Chen Xin-Lin);;Zzitai;;Kid;;XiaoXiao","Top;;Jungle;;Mid;;Bot;;Support","China;;China;;China;;China;;China","Worlds Season 2","Worlds Season 2","World Championship","International","United States",2012,"2012-10-04","2012-10-13","Season 2 World Championship",1,1
"Worlds Season 2","Season 2 World Championship","Worlds Season 2","Moscow Five","Europe","Darien;;Diamond (Danil Reshetnikov);;Alex Ich;;Genja;;GoZu","Top;;Jungle;;Mid;;Bot;;Support","Russia;;Russia;;Russia;;Russia;;Armenia","Worlds Season 2","Worlds Season 2","World Championship","International","United States",2012,"2012-10-04","2012-10-13","Season 2 World Championship",1,1
"Worlds Season 2","Season 2 World Championship","Worlds Season 2","NaJin Sword","Korea","MaKNooN;;Watch;;SSONG;;PraY;;Cain","Top;;Jungle;;Mid;;Bot;;Support","South Korea;;South Korea;;South Korea;;South Korea;;South Korea","Worlds Season 2","Worlds Season 2","World Championship","International","United States",2012,"2012-10-04","2012-10-13","Season 2 World Championship",1,1
"Worlds Season 2","Season 2 World Championship","Worlds Season 2","Saigon Jokers","SEA","QTV;;Violet (Ngô Mạnh Quyền);;NIXWATER;;Archie (Trần Minh Nhựt);;Junie","Top;;Jungle;;Mid;;Bot;;Support","Vietnam;;Vietnam;;Vietnam;;Vietnam;;Vietnam","Worlds Season 2","Worlds Season 2","World Championship","International","United States",2012,"2012-10-04","2012-10-13","Season 2 World Championship",1,1
"Worlds Season 2","Season 2 World Championship","Worlds Season 2","SK Gaming","Europe","kev1n;;Araneae;;ocelotee;;YellOwStar;;Nyph1","Top;;Jungle;;Mid;;Bot;;Support","Germany;;Spain;;Spain;;France;;Germany","Worlds Season 2","Worlds Season 2","World Championship","International","United States",2012,"2012-10-04","2012-10-13","Season 2 World Championship",1,1
"Worlds Season 2","Season 2 World Championship","Worlds Season 2","Taipei Assassins","LMS","Stanley;;Lilballz;;Toyz;;Bebe (Chang Bo-Wei);;MiSTakE","Top;;Jungle;;Mid;;Bot;;Support","Taiwan;;Taiwan;;Hong Kong;;Taiwan;;Taiwan","Worlds Season 2","Worlds Season 2","World Championship","International","United States",2012,"2012-10-04","2012-10-13","Season 2 World Championship",1,1
"Worlds Season 2","Season 2 World Championship","Worlds Season 2","Team WE","China","Caomei;;ClearLove;;Misaya;;Weixiao;;Fzzf","Top;;Jungle;;Mid;;Bot;;Support","China;;China;;China;;China;;China","Worlds Season 2","Worlds Season 2","World Championship","International","United States",2012,"2012-10-04","2012-10-13","Season 2 World Championship",1,1
"Worlds Season 2","Season 2 World Championship","Worlds Season 2","TSM","North America","Dyrus;;TheOddOne;;Reginald;;Chaox;;Xpecial","Top;;Jungle;;Mid;;Bot;;Support","United States;;Canada;;United States;;China;;United States","Worlds Season 2","Worlds Season 2","World Championship","International","United States",2012,"2012-10-04","2012-10-13","Season 2 World Championship",1,1
"Worlds Season 3","Season 3 World Championship","Worlds Season 3","Cloud9","North America","Balls;;Meteos;;Hai;;Sneaky;;LemonNation;;Alex Penn","Top;;Jungle;;Mid;;Bot;;Support;;Coach","United States;;United States;;United States;;United States;;United States;;United States","Worlds Season 3","Worlds Season 3","World Championship","International","United States",2013,"2013-09-15","2013-10-04","Season 3 World Championship",1,1
"Worlds Season 3","Season 3 World Championship","Worlds Season 3","Fnatic","Europe","sOAZ;;Cyanide;;xPeke;;Puszu;;YellOwStaR","Top;;Jungle;;Mid;;Bot;;Support","France;;Finland;;Spain;;Estonia;;France","Worlds Season 3","Worlds Season 3","World Championship","International","United States",2013,"2013-09-15","2013-10-04","Season 3 World Championship",1,1
"Worlds Season 3","Season 3 World Championship","Worlds Season 3","Gamania Bears","LMS","Steak;;Winds;;Maple (Huang Yi-Tang);;NL (Hsiung Wen-An);;SwordArt","Top;;Jungle;;Mid;;Bot;;Support","Taiwan;;Taiwan;;Taiwan;;Taiwan;;Taiwan","Worlds Season 3","Worlds Season 3","World Championship","International","United States",2013,"2013-09-15","2013-10-04","Season 3 World Championship",1,1
"Worlds Season 3","Season 3 World Championship","Worlds Season 3","Gambit Gaming","Europe","Darien;;Diamond (Danil Reshetnikov);;Alex Ich;;Genja;;Voidle","Top;;Jungle;;Mid;;Bot;;Support","Russia;;Russia;;Russia;;Russia;;Estonia","Worlds Season 3","Worlds Season 3","World Championship","International","United States",2013,"2013-09-15","2013-10-04","Season 3 World Championship",1,1
"Worlds Season 3","Season 3 World Championship","Worlds Season 3","GamingGear.eu","CIS","Nbs;;Alunir;;Mazzerin;;Deadlybrother;;Inspirro","Top;;Jungle;;Mid;;Bot;;Support","Lithuania;;Lithuania;;Lithuania;;Lithuania;;Lithuania","Worlds Season 3","Worlds Season 3","World Championship","International","United States",2013,"2013-09-15","2013-10-04","Season 3 World Championship",1,1
"Worlds Season 3","Season 3 World Championship","Worlds Season 3","Lemondogs","Europe","zorozero;;dexter;;Nukeduck;;Tabzz;;mithy","Top;;Jungle;;Mid;;Bot;;Support","Denmark;;Germany;;Norway;;Netherlands;;Spain","Worlds Season 3","Worlds Season 3","World Championship","International","United States",2013,"2013-09-15","2013-10-04","Season 3 World Championship",1,1
"Worlds Season 3","Season 3 World Championship","Worlds Season 3","Mineski","SEA","Snoy;;Kaigu;;Yume (Danyll Jann Balisi);;Exo (Eric Gubatan);;Tgee","Top;;Jungle;;Mid;;Bot;;Support","Philippines;;Philippines;;Philippines;;Philippines;;Philippines","Worlds Season 3","Worlds Season 3","World Championship","International","United States",2013,"2013-09-15","2013-10-04","Season 3 World Championship",1,1
"Worlds Season 3","Season 3 World Championship","Worlds Season 3","NaJin Black Sword","Korea","Expession;;watch;;Nagne;;PraY;;Cain","Top;;Jungle;;Mid;;Bot;;Support","South Korea;;South Korea;;South Korea;;South Korea;;South Korea","Worlds Season 3","Worlds Season 3","World Championship","International","United States",2013,"2013-09-15","2013-10-04","Season 3 World Championship",1,1
"Worlds Season 3","Season 3 World Championship","Worlds Season 3","Oh My God","China","Gogoing;;LoveLin;;Cool;;San (Guo Jun-Liang);;Bigpomelo;;comA (Fang Hong-Ri)","Top;;Jungle;;Mid;;Bot;;Support;;Support","China;;China;;China;;China;;China;;China","Worlds Season 3","Worlds Season 3","World Championship","International","United States",2013,"2013-09-15","2013-10-04","Season 3 World Championship",1,1
"Worlds Season 3","Season 3 World Championship","Worlds Season 3","Royal Club","China","Godlike;;Lucky (Liu Jun-Jie);;Wh1t3zZ;;Uzi (Jian Zi-Hao);;Tabe;;Chris (Siu Keung)","Top;;Jungle;;Mid;;Bot;;Support;;Coach","China;;China;;Hong Kong;;China;;Hong Kong;;Hong Kong","Worlds Season 3","Worlds Season 3","World Championship","International","United States",2013,"2013-09-15","2013-10-04","Season 3 World Championship",1,1
"Worlds Season 3","Season 3 World Championship","Worlds Season 3","Samsung Ozone","Korea","Looper;;DanDy;;Dade;;Imp;;Mata","Top;;Jungle;;Mid;;Bot;;Support","South Korea;;South Korea;;South Korea;;South Korea;;South Korea","Worlds Season 3","Worlds Season 3","World Championship","International","United States",2013,"2013-09-15","2013-10-04","Season 3 World Championship",1,1
"Worlds Season 3","Season 3 World Championship","Worlds Season 3","SK Telecom T1","Korea","Impact;;bengi;;Faker;;Piglet;;PoohManDu;;kkOma","Top;;Jungle;;Mid;;Bot;;Support;;Coach","South Korea;;South Korea;;South Korea;;South Korea;;South Korea;;South Korea","Worlds Season 3","Worlds Season 3","World Championship","International","United States",2013,"2013-09-15","2013-10-04","Season 3 World Championship",1,1
"Worlds Season 3","Season 3 World Championship","Worlds Season 3","Team Vulcun","North America","Sycho Sid;;Xmithie;;mancloud;;Zuna;;BloodWater","Top;;Jungle;;Mid;;Bot;;Support","United States;;Philippines;;United States;;United States;;Bulgaria","Worlds Season 3","Worlds Season 3","World Championship","International","United States",2013,"2013-09-15","2013-10-04","Season 3 World Championship",1,1
"Worlds Season 3","Season 3 World Championship","Worlds Season 3","TSM","North America","Dyrus;;TheOddOne;;Reginald;;WildTurtle;;Xpecial","Top;;Jungle;;Mid;;Bot;;Support","United States;;Canada;;United States;;Canada;;United States","Worlds Season 3","Worlds Season 3","World Championship","International","United States",2013,"2013-09-15","2013-10-04","Season 3 World Championship",1,1
